id	past	root	futureType	triliteral	transitive
1	أَمْكَنَ	مكن	فتحة	0	0
2	اِسْتَحَالَ	حيل	فتحة	0	0
3	أَغْمَى	غمي	فتحة	0	0
4	اِنْبَغَى	بغي	فتحة	0	0
5	اِنْفَكَّ	فكك	فتحة	0	0
6	تَعَالَى	علو	فتحة	0	0
7	أَوْشَكَ	وشك	فتحة	0	0
8	عَيَّا	عيي	فتحة	0	0
9	زَيَّا	زيي	فتحة	0	1
10	حَيَّا	حيي	فتحة	0	1
11	تَحَتَّمَ	حتم	فتحة	0	0
12	أَحْيَا	حيي	فتحة	0	1
13	أَعْيَا	عيي	فتحة	0	1
14	تَحَيَّا	حيي	فتحة	0	0
15	تَزَيَّا	زيي	فتحة	0	0
16	اِسْتَعْيَا	عيي	فتحة	0	1
17	اِسْتَحْيَا	حيي	فتحة	0	1
18	آوَى	ءوي	فتحة	0	1
19	خَبَّصَ	خبص	فتحة	0	0
20	خَبَّلَ	خبل	فتحة	0	1
21	غَوَّصَ	غوص	فتحة	0	1
22	ذَلَّقَ	ذلق	فتحة	0	1
23	وَقَّتَ	وقت	فتحة	0	1
24	خَوَّلَ	خول	فتحة	0	1
25	رَقْرَقَ	رقرق	فتحة	0	1
26	رَقَّشَ	رقش	فتحة	0	1
27	رَيَّقَ	ريق	فتحة	0	1
28	دَكَّكَ	دكك	فتحة	0	1
29	بَسَّطَ	بسط	فتحة	0	1
30	ثَلَّمَ	ثلم	فتحة	0	1
31	رَنَّمَ	رنم	فتحة	0	0
32	رَكَّعَ	ركع	فتحة	0	1
33	حَمْدَلَ	حمدل	فتحة	0	0
34	قَلَّعَ	قلع	فتحة	0	1
35	نَظَّفَ	نظف	فتحة	0	1
36	دَوَّمَ	دوم	فتحة	0	1
37	عَطَّلَ	عطل	فتحة	0	1
38	طَفَّرَ	طفر	فتحة	0	1
39	زَفَّتَ	زفت	فتحة	0	1
40	شَيَّطَ	شيط	فتحة	0	1
41	رَغْرَغَ	رغرغ	فتحة	0	1
42	طَرَّبَ	طرب	فتحة	0	1
43	نَعَّشَ	نعش	فتحة	0	1
44	رَكَّزَ	ركز	فتحة	0	1
45	سَمَّرَ	سمر	فتحة	0	1
46	رَكَّبَ	ركب	فتحة	0	1
47	جَبَّرَ	جبر	فتحة	0	1
48	هَرَّشَ	هرش	فتحة	0	0
49	لَوَّزَ	لوز	فتحة	0	1
50	رَعْرَعَ	رعرع	فتحة	0	1
51	نَمَّشَ	نمش	فتحة	0	1
52	حَبَّبَ	حبب	فتحة	0	1
53	رَقَّقَ	رقق	فتحة	0	1
54	قَلَّدَ	قلد	فتحة	0	1
55	رَفَّهَ	رفه	فتحة	0	1
56	رَمَّدَ	رمد	فتحة	0	1
57	رَدَّدَ	ردد	فتحة	0	1
58	فَكَّهَ	فكه	فتحة	0	1
59	جَسَّمَ	جسم	فتحة	0	1
60	رَعْبَلَ	رعب	فتحة	0	1
61	رَهَّطَ	رهط	فتحة	0	1
62	رَهَّلَ	رهل	فتحة	0	1
63	بَخَّرَ	بخر	فتحة	0	1
64	دَرَّسَ	درس	فتحة	0	1
65	طَلَّسَ	طلس	فتحة	0	1
66	عَسْعَسَ	عسعس	فتحة	0	1
67	جَدَّدَ	جدد	فتحة	0	1
68	نَجَّحَ	نجح	فتحة	0	1
69	مَضَّرَ	مضر	فتحة	0	1
70	كَمْكَمَ	كمكم	فتحة	0	1
71	سَمَّتَ	سمت	فتحة	0	1
72	جَصَّصَ	جصص	فتحة	0	1
73	طَلَّعَ	طلع	فتحة	0	1
74	جَسَّرَ	جسر	فتحة	0	1
75	رَمْرَمَ	رمرم	فتحة	0	0
76	مَثَّلَ	مثل	فتحة	0	1
77	شَطَّطَ	شطط	فتحة	0	0
78	تَلْفَزَ	تلفز	فتحة	0	1
79	فَعَّلَ	فعل	فتحة	0	1
80	نَدَّفَ	ندف	فتحة	0	1
81	حَقَّقَ	حقق	فتحة	0	1
82	حَلْحَلَ	حلحل	فتحة	0	1
83	جَدَّفَ	جدف	فتحة	0	0
84	خَرَّقَ	خرق	فتحة	0	1
85	شَوَّشَ	شوش	فتحة	0	1
86	صَعْتَرَ	صعتر	فتحة	0	1
87	شَمَّمَ	شمم	فتحة	0	1
88	فَيَّحَ	فيح	فتحة	0	1
89	حَسَّرَ	حسر	فتحة	0	1
90	صَبَّنَ	صبن	فتحة	0	1
91	شَجَّعَ	شجع	فتحة	0	1
92	حَلَّمَ	حلم	فتحة	0	1
93	حَمْحَمَ	حمحم	فتحة	0	0
94	حَمَّدَ	حمد	فتحة	0	1
95	طَوَّقَ	طوق	فتحة	0	1
96	مَوْضَعَ	وضع	فتحة	0	1
97	لَثَّمَ	لثم	فتحة	0	1
98	نَحْنَحَ	نحنح	فتحة	0	0
99	عَوَّصَ	عوص	فتحة	0	0
100	صَمْصَمَ	صمصم	فتحة	0	0
101	وَكَّلَ	وكل	فتحة	0	1
102	لَوَّنَ	لون	فتحة	0	1
103	حَمَّلَ	حمل	فتحة	0	1
104	زَيَّنَ	زين	فتحة	0	1
105	حَمْلَقَ	حملق	فتحة	0	0
106	حَنْبَلَ	حنبل	فتحة	0	0
107	حَنْجَرَ	حنجر	فتحة	0	1
108	حَوَّضَ	حوض	فتحة	0	1
109	لَيَّفَ	ليف	فتحة	0	1
110	صَفَّحَ	صفح	فتحة	0	1
111	وَرَّكَ	ورك	فتحة	0	1
112	حَفَّضَ	حفض	فتحة	0	1
113	ضَرَّجَ	ضرج	فتحة	0	1
114	نَفَّلَ	نفل	فتحة	0	1
115	بَيَّتَ	بيت	فتحة	0	1
116	وَدَّعَ	ودع	فتحة	0	1
117	حَفْحَفَ	حفحف	فتحة	0	0
118	كَذَّبَ	كذب	فتحة	0	1
119	رَفَّدَ	رفد	فتحة	0	1
120	حَبَّكَ	حبك	فتحة	0	1
121	خَزَّنَ	خزن	فتحة	0	1
122	وَرَّبَ	ورب	فتحة	0	0
123	حَوَّطَ	حوط	فتحة	0	1
124	زَوَّلَ	زول	فتحة	0	1
125	حَسْحَسَ	حسحس	فتحة	0	1
126	قَنَّعَ	قنع	فتحة	0	1
127	خَجَّلَ	خجل	فتحة	0	1
128	صَبَّحَ	صبح	فتحة	0	1
129	ظَلَّفَ	ظلف	فتحة	0	1
130	حَصْحَصَ	حصحص	فتحة	0	1
131	حَيَّضَ	حيض	فتحة	0	1
132	قَعَّرَ	قعر	فتحة	0	1
133	فَقَّرَ	فقر	فتحة	0	1
134	زَرَّفَ	زرف	فتحة	0	1
135	هَبَّلَ	هبل	فتحة	0	1
136	خَتَّمَ	ختم	فتحة	0	1
137	جَنْدَلَ	جندل	فتحة	0	1
138	رَوَّبَ	روب	فتحة	0	1
139	خَرْخَرَ	خرخر	فتحة	0	0
140	فَسَّقَ	فسق	فتحة	0	1
141	خَذَّلَ	خذل	فتحة	0	1
142	مَعْجَمَ	عجم	فتحة	0	1
143	حَجَّبَ	حجب	فتحة	0	1
144	صَرَّحَ	صرح	فتحة	0	1
145	هَمْهَمَ	همهم	فتحة	0	0
146	بَلَّدَ	بلد	فتحة	0	1
147	خَرَّزَ	خرز	فتحة	0	1
148	قَوَّضَ	قوض	فتحة	0	1
149	رَوَّقَ	روق	فتحة	0	1
150	وَحَّمَ	وحم	فتحة	0	1
151	خَسَّرَ	خسر	فتحة	0	1
152	سَبْحَلَ	سبحل	فتحة	0	0
153	غَفَّقَ	غفق	فتحة	0	0
154	خَشَّبَ	خشب	فتحة	0	0
155	خَشَّفَ	خشف	فتحة	0	0
156	قَشَّفَ	قشف	فتحة	0	1
157	حَظَّرَ	حظر	فتحة	0	1
158	قَلَّصَ	قلص	فتحة	0	1
159	خَذْرَفَ	خذرف	فتحة	0	1
160	زَعْنَفَ	زعنف	فتحة	0	1
161	مَفْصَلَ	فصل	فتحة	0	1
162	وَعَّقَ	وعق	فتحة	0	1
163	مَقْمَقَ	مقمق	فتحة	0	1
164	سَوَّطَ	سوط	فتحة	0	1
165	لَدَّدَ	لدد	فتحة	0	1
166	جَبَّسَ	جبس	فتحة	0	1
167	خَتَّرَ	ختر	فتحة	0	1
168	رَشَّحَ	رشح	فتحة	0	1
169	هَتَّفَ	هتف	فتحة	0	1
170	عَوَّذَ	عوذ	فتحة	0	1
171	دَنَّنَ	دنن	فتحة	0	0
172	رَقَّمَ	رقم	فتحة	0	1
173	وَشْوَشَ	وشوش	فتحة	0	1
174	جَلَّلَ	جلل	فتحة	0	1
175	ذَوَّدَ	ذود	فتحة	0	1
176	جَيَّشَ	جيش	فتحة	0	1
177	رَسَّمَ	رسم	فتحة	0	1
178	وَغَّرَ	وغر	فتحة	0	1
179	وَطَّدَ	وطد	فتحة	0	1
180	شَرَّحَ	شرح	فتحة	0	1
181	حَذَّقَ	حذق	فتحة	0	1
182	رَسَّخَ	رسخ	فتحة	0	1
183	رَصَّفَ	رصف	فتحة	0	1
184	غَلَّفَ	غلف	فتحة	0	1
185	نَحَّلَ	نحل	فتحة	0	1
186	صَلَّعَ	صلع	فتحة	0	0
187	رَزَّزَ	رزز	فتحة	0	1
188	صَمَّتَ	صمت	فتحة	0	1
189	وَهَّمَ	وهم	فتحة	0	1
190	نَمَّقَ	نمق	فتحة	0	1
191	سَخَّنَ	سخن	فتحة	0	1
192	خَرَّمَ	خرم	فتحة	0	1
193	وَهَّنَ	وهن	فتحة	0	1
194	وَقَّدَ	وقد	فتحة	0	1
195	تَيَّهَ	تيه	فتحة	0	1
196	رَوَّعَ	روع	فتحة	0	1
197	حَرَّدَ	حرد	فتحة	0	1
198	وَلْوَلَ	ولول	فتحة	0	0
199	دَنَّرَ	دنر	فتحة	0	1
200	رَجَّنَ	رجن	فتحة	0	1
201	رَدَّعَ	ردع	فتحة	0	1
202	شَكَّلَ	شكل	فتحة	0	1
203	حَصَّصَ	حصص	فتحة	0	1
204	رَدَّحَ	ردح	فتحة	0	1
205	وَضَّعَ	وضع	فتحة	0	1
206	نَصَّبَ	نصب	فتحة	0	1
207	شَتَّتَ	شتت	فتحة	0	1
208	جَنَّسَ	جنس	فتحة	0	1
209	حَوَّرَ	حور	فتحة	0	1
210	رَخَّصَ	رخص	فتحة	0	1
211	وَلَّهَ	وله	فتحة	0	1
212	وَلَّعَ	ولع	فتحة	0	1
213	زَمْهَرَ	زمهر	فتحة	0	0
214	رَبَّضَ	ربض	فتحة	0	1
215	رَبَّعَ	ربع	فتحة	0	1
216	دَمَّسَ	دمس	فتحة	0	1
217	كَفَّلَ	كفل	فتحة	0	1
218	طَبَّقَ	طبق	فتحة	0	1
219	كَتَّفَ	كتف	فتحة	0	1
220	سَلَّحَ	سلح	فتحة	0	1
221	رَبَّثَ	ربث	فتحة	0	1
222	ذَهَّبَ	ذهب	فتحة	0	1
223	شَقَّقَ	شقق	فتحة	0	1
224	ثَمَّنَ	ثمن	فتحة	0	1
225	لَبَّدَ	لبد	فتحة	0	1
226	حَلَّلَ	حلل	فتحة	0	1
227	لَوَّطَ	لوط	فتحة	0	1
228	يَقَّظَ	يقظ	فتحة	0	1
229	نَفَّذَ	نفذ	فتحة	0	1
230	زَقَّقَ	زقق	فتحة	0	1
231	يَبَّبَ	يبب	فتحة	0	1
232	تَمَلَّصَ	ملص	فتحة	0	0
233	يَسَّرَ	يسر	فتحة	0	1
234	مَنَّعَ	منع	فتحة	0	1
235	تَلْفَزَ	لفز	فتحة	0	1
236	فَلَّقَ	فلق	فتحة	0	1
237	شَخَّرَ	شخر	فتحة	0	0
238	يَمَّنَ	يمن	فتحة	0	0
239	ذَقَّنَ	ذقن	فتحة	0	0
240	ذَمَّمَ	ذمم	فتحة	0	1
241	هَتَّكَ	هتك	فتحة	0	1
242	نَشَّفَ	نشف	فتحة	0	1
243	ذَوَّبَ	ذوب	فتحة	0	1
244	خَوَّفَ	خوف	فتحة	0	1
245	حَذْلَقَ	حذلق	فتحة	0	0
246	وَلَّدَ	ولد	فتحة	0	1
247	حَصَّلَ	حصل	فتحة	0	1
248	جَدَّعَ	جدع	فتحة	0	1
249	بَيَّضَ	بيض	فتحة	0	1
250	جَدَّرَ	جدر	فتحة	0	1
251	جَوَّقَ	جوق	فتحة	0	1
252	مَخَّخَ	مخخ	فتحة	0	1
253	رَجْرَجَ	رجرج	فتحة	0	1
254	زَبَّرَ	زبر	فتحة	0	1
255	وَسَّدَ	وسد	فتحة	0	1
256	سَبَّبَ	سبب	فتحة	0	1
257	جَلَّبَ	جلب	فتحة	0	0
258	هَزْبَرَ	هزبر	فتحة	0	1
259	رَبَّزَ	ربز	فتحة	0	1
260	سَكَّتَ	سكت	فتحة	0	1
261	حَرَّشَ	حرش	فتحة	0	0
262	دَوْزَنَ	دوزن	فتحة	0	1
263	جَوَّلَ	جول	فتحة	0	0
264	شَيَّتَ	شيت	فتحة	0	1
265	رَيَّشَ	ريش	فتحة	0	1
266	رَيَّعَ	ريع	فتحة	0	1
267	مَنَّنَ	منن	فتحة	0	0
268	دَثَّرَ	دثر	فتحة	0	1
269	جَرَّبَ	جرب	فتحة	0	1
270	ضَرَّبَ	ضرب	فتحة	0	1
271	نَضَّدَ	نضد	فتحة	0	1
272	بَرْذَنَ	برذن	فتحة	0	0
273	دَمْلَجَ	دملج	فتحة	0	1
274	قَيَّدَ	قيد	فتحة	0	1
275	قَيَّحَ	قيح	فتحة	0	0
276	بَلَّطَ	بلط	فتحة	0	1
277	زَبَّدَ	زبد	فتحة	0	1
278	صَرَّمَ	صرم	فتحة	0	1
279	ثَبَّطَ	ثبط	فتحة	0	1
280	رَيَّمَ	ريم	فتحة	0	0
281	هَيْمَنَ	هيمن	فتحة	0	0
282	زَجَّجَ	زجج	فتحة	0	1
283	رَوَّدَ	رود	فتحة	0	1
284	دَوَّخَ	دوخ	فتحة	0	1
285	مَرَّقَ	مرق	فتحة	0	1
286	دَسَّمَ	دسم	فتحة	0	1
287	لَبَّكَ	لبك	فتحة	0	1
288	زَبَّلَ	زبل	فتحة	0	1
289	تَوَّهَ	توه	فتحة	0	1
290	زَخْرَفَ	زخرف	فتحة	0	1
291	عَتَّقَ	عتق	فتحة	0	1
292	عَوَّلَ	عول	فتحة	0	0
293	زَرْزَرَ	زرزر	فتحة	0	0
294	ضَلَّلَ	ضلل	فتحة	0	1
295	ثَوَّرَ	ثور	فتحة	0	1
296	وَثَّفَ	وثف	فتحة	0	1
297	صَنَّمَ	صنم	فتحة	0	1
298	فَخْفَخَ	فخفخ	فتحة	0	0
299	رَضَّفَ	رضف	فتحة	0	1
300	رَفَّلَ	رفل	فتحة	0	1
301	زَرْفَنَ	زرفن	فتحة	0	1
302	سَحَّرَ	سحر	فتحة	0	1
303	كَلَّبَ	كلب	فتحة	0	1
304	هَجَّجَ	هجج	فتحة	0	1
305	غَيَّمَ	غيم	فتحة	0	0
306	قَطَّعَ	قطع	فتحة	0	1
307	وَيَّلَ	ويل	فتحة	0	1
308	خَيَّمَ	خيم	فتحة	0	0
309	زَحْلَفَ	زحلف	فتحة	0	1
310	عَسَّرَ	عسر	فتحة	0	1
311	فَتَّنَ	فتن	فتحة	0	1
312	وَزَّفَ	وزف	فتحة	0	0
313	زَحْزَحَ	زحزح	فتحة	0	1
314	وَقْوَقَ	وقوق	فتحة	0	0
315	هَرْهَرَ	هرهر	فتحة	0	1
316	حَرَّرَ	حرر	فتحة	0	1
317	حَمَّضَ	حمض	فتحة	0	1
318	دَمَّنَ	دمن	فتحة	0	1
319	مَطَّطَ	مطط	فتحة	0	1
320	وَقَّرَ	وقر	فتحة	0	1
321	ذَبَّحَ	ذبح	فتحة	0	1
322	ذَبْذَبَ	ذبذب	فتحة	0	1
323	حَثَّثَ	حثث	فتحة	0	1
324	صَرَّعَ	صرع	فتحة	0	1
325	ذَرَّحَ	ذرح	فتحة	0	1
326	نَقْنَقَ	نقنق	فتحة	0	0
327	قَرَّصَ	قرص	فتحة	0	1
328	نَقَّرَ	نقر	فتحة	0	1
329	وَصْوَصَ	وصوص	فتحة	0	0
330	وَكَّدَ	وكد	فتحة	0	1
331	وَفَّقَ	وفق	فتحة	0	1
332	دَوَّرَ	دور	فتحة	0	1
333	دَهَّنَ	دهن	فتحة	0	1
334	دَلَّهَ	دله	فتحة	0	1
335	بَلَّلَ	بلل	فتحة	0	1
336	شَرَّبَ	شرب	فتحة	0	1
337	جَدْوَلَ	جدول	فتحة	0	1
338	حَضَّضَ	حضض	فتحة	0	1
339	دَلَّلَ	دلل	فتحة	0	1
340	وَتَّدَ	وتد	فتحة	0	1
341	دَلَّكَ	دلك	فتحة	0	1
342	هَرَّمَ	هرم	فتحة	0	1
343	فَتَّتَ	فتت	فتحة	0	1
344	قَمْقَمَ	قمقم	فتحة	0	1
345	شَغَّلَ	شغل	فتحة	0	1
346	نَقَّمَ	نقم	فتحة	0	1
347	فَكَّرَ	فكر	فتحة	0	1
348	عَنَّتَ	عنت	فتحة	0	1
349	شَرَّفَ	شرف	فتحة	0	1
350	لَعَّقَ	لعق	فتحة	0	1
351	زَبَّبَ	زبب	فتحة	0	1
352	كَسَّبَ	كسب	فتحة	0	1
353	رَهَّبَ	رهب	فتحة	0	1
354	نَزَّعَ	نزع	فتحة	0	1
355	عَمَّهَ	عمه	فتحة	0	0
356	عَطَّبَ	عطب	فتحة	0	1
357	ذَكَّرَ	ذكر	فتحة	0	1
358	ذَرَّعَ	ذرع	فتحة	0	1
359	قَهْقَرَ	قهقر	فتحة	0	0
360	سَلَّطَ	سلط	فتحة	0	1
361	دَيَّنَ	دين	فتحة	0	1
362	شَيْطَنَ	شيطن	فتحة	0	0
363	حَرَّجَ	حرج	فتحة	0	1
364	دَوَّسَ	دوس	فتحة	0	1
365	وَهْوَهَ	وهوه	فتحة	0	0
366	سَفَّعَ	سفع	فتحة	0	1
367	عَتَّدَ	عتد	فتحة	0	1
368	رَبَّقَ	ربق	فتحة	0	1
369	وَكَّبَ	وكب	فتحة	0	0
370	رَجَّلَ	رجل	فتحة	0	1
371	زَنَّمَ	زنم	فتحة	0	1
372	زَهَّدَ	زهد	فتحة	0	1
373	دَقَّقَ	دقق	فتحة	0	1
374	زَوَّدَ	زود	فتحة	0	1
375	زَلَّلَ	زلل	فتحة	0	1
376	كَمَّشَ	كمش	فتحة	0	1
377	زَحْلَقَ	زحلق	فتحة	0	1
378	خَنَّثَ	خنث	فتحة	0	1
379	زَوَّجَ	زوج	فتحة	0	1
380	طَلَّبَ	طلب	فتحة	0	1
381	هَذَّبَ	هذب	فتحة	0	1
382	هَزَّزَ	هزز	فتحة	0	1
383	عَيَّنَ	عين	فتحة	0	1
384	سَلَّفَ	سلف	فتحة	0	1
385	جَمَّعَ	جمع	فتحة	0	1
386	سَلَّخَ	سلخ	فتحة	0	1
387	شَوَّرَ	شور	فتحة	0	1
388	سَلَّسَ	سلس	فتحة	0	1
389	طَيَّحَ	طيح	فتحة	0	1
390	سَفَّطَ	سفط	فتحة	0	1
391	رَصَّدَ	رصد	فتحة	0	1
392	بَوَّقَ	بوق	فتحة	0	1
393	عَزَّفَ	عزف	فتحة	0	0
394	سَبَّطَ	سبط	فتحة	0	0
395	رَغَّبَ	رغب	فتحة	0	1
396	تَكْتَكَ	تكت	فتحة	0	1
397	رَمَّلَ	رمل	فتحة	0	1
398	تَرَّفَ	ترف	فتحة	0	1
399	سَجَّعَ	سجع	فتحة	0	0
400	سَرْدَقَ	سردق	فتحة	0	1
401	زَيَّغَ	زيغ	فتحة	0	1
402	كَوَّمَ	كوم	فتحة	0	1
403	سَبَّخَ	سبخ	فتحة	0	1
404	تَعْتَعَ	تعتع	فتحة	0	1
405	طَلَّمَ	طلم	فتحة	0	1
406	فَرْتَكَ	فرتك	فتحة	0	1
407	خَفْخَفَ	خفخف	فتحة	0	1
408	دَوَّحَ	دوح	فتحة	0	1
409	تَلْمَذَ	تلمذ	فتحة	0	1
410	زَمَّمَ	زمم	فتحة	0	1
411	تَمْتَمَ	تمتم	فتحة	0	1
412	هَدَّنَ	هدن	فتحة	0	1
413	زَيَّدَ	زيد	فتحة	0	1
414	زَلَّقَ	زلق	فتحة	0	1
415	زَمَّرَ	زمر	فتحة	0	1
416	سَبَّلَ	سبل	فتحة	0	1
417	رَقَّعَ	رقع	فتحة	0	1
418	سَبْسَبَ	سبسب	فتحة	0	1
419	بَرَّزَ	برز	فتحة	0	1
420	زَيَّتَ	زيت	فتحة	0	1
421	سَبَّكَ	سبك	فتحة	0	1
422	دَبَّحَ	دبح	فتحة	0	1
423	طَبَّعَ	طبع	فتحة	0	1
424	نَتَّنَ	نتن	فتحة	0	1
425	تَرَّحَ	ترح	فتحة	0	1
426	جَعَّبَ	جعب	فتحة	0	1
427	عَلَّمَ	علم	فتحة	0	1
428	جَنَّبَ	جنب	فتحة	0	1
429	كَلَّسَ	كلس	فتحة	0	1
430	طَحْلَبَ	طحلب	فتحة	0	1
431	طَحَّنَ	طحن	فتحة	0	1
432	غَرَّدَ	غرد	فتحة	0	0
433	طَبْطَبَ	طبطب	فتحة	0	1
434	طَرَّحَ	طرح	فتحة	0	1
435	ضَجَّعَ	ضجع	فتحة	0	0
436	مَزَّقَ	مزق	فتحة	0	1
437	ضَفْدَعَ	ضفدع	فتحة	0	0
438	لَبَّنَ	لبن	فتحة	0	1
439	ضَحَّكَ	ضحك	فتحة	0	1
440	ضَرَّمَ	ضرم	فتحة	0	1
441	شَعْوَذَ	شعذ	فتحة	0	0
442	مَصَّرَ	مصر	فتحة	0	1
443	طَرَّرَ	طرر	فتحة	0	0
444	طَرَّسَ	طرس	فتحة	0	1
445	سَفَّرَ	سفر	فتحة	0	1
446	زَنَّدَ	زند	فتحة	0	1
447	نَقَّسَ	نقس	فتحة	0	1
448	طَرَّقَ	طرق	فتحة	0	1
449	وَكَّفَ	وكف	فتحة	0	1
450	غَمَّسَ	غمس	فتحة	0	1
451	جَهَّزَ	جهز	فتحة	0	1
452	سَكَّعَ	سكع	فتحة	0	1
453	سَدَّدَ	سدد	فتحة	0	1
454	سَرْبَلَ	سربل	فتحة	0	1
455	سَرَّقَ	سرق	فتحة	0	1
456	سَكَّنَ	سكن	فتحة	0	1
457	رَفْرَفَ	رفرف	فتحة	0	0
458	سَلْسَلَ	سلسل	فتحة	0	1
459	قَمَّصَ	قمص	فتحة	0	1
460	جَمَّدَ	جمد	فتحة	0	1
461	صَدَّقَ	صدق	فتحة	0	1
462	حَصْرَمَ	حصرم	فتحة	0	1
463	زَلَّجَ	زلج	فتحة	0	1
464	نَفَّرَ	نفر	فتحة	0	1
465	سَطَّرَ	سطر	فتحة	0	1
466	طَفْطَفَ	طفطف	فتحة	0	0
467	بَكَّرَ	بكر	فتحة	0	0
468	سَرَّدَ	سرد	فتحة	0	1
469	وَعْوَعَ	وعوع	فتحة	0	0
470	عَنْعَنَ	عنعن	فتحة	0	0
471	سَدَّسَ	سدس	فتحة	0	1
472	قَوَّسَ	قوس	فتحة	0	1
473	فَجَّعَ	فجع	فتحة	0	1
474	بَوَّلَ	بول	فتحة	0	1
475	طَيَّرَ	طير	فتحة	0	1
476	ضَمَّنَ	ضمن	فتحة	0	1
477	سَيَّعَ	سيع	فتحة	0	1
478	حَوْصَلَ	حصل	فتحة	0	1
479	بَيْطَرَ	بيطر	فتحة	0	1
480	تَطَيَّرَ	طير	فتحة	0	0
481	رَوَّضَ	روض	فتحة	0	1
482	سَيَّلَ	سيل	فتحة	0	1
483	دَجْدَجَ	دجدج	فتحة	0	0
484	عَيَّرَ	عير	فتحة	0	1
485	وَظَّفَ	وظف	فتحة	0	1
486	سَحَّمَ	سحم	فتحة	0	1
487	كَفْكَفَ	كفكف	فتحة	0	1
488	رَقَّدَ	رقد	فتحة	0	1
489	وَحَّدَ	وحد	فتحة	0	1
490	جَوَّفَ	جوف	فتحة	0	1
491	حَدَّبَ	حدب	فتحة	0	1
492	سَمْسَرَ	سمسر	فتحة	0	1
493	عَفَّرَ	عفر	فتحة	0	1
494	دَبْدَبَ	دبدب	فتحة	0	0
495	حَدَّثَ	حدث	فتحة	0	1
496	بَلْوَرَ	بلور	فتحة	0	1
497	مَرَّرَ	مرر	فتحة	0	1
498	طَوَّلَ	طول	فتحة	0	1
499	وَطْوَطَ	وطوط	فتحة	0	0
500	وَرْوَرَ	ورور	فتحة	0	1
501	هَيَّبَ	هيب	فتحة	0	1
502	خَصَّصَ	خصص	فتحة	0	1
503	سَيَّرَ	سير	فتحة	0	1
504	سَيَّحَ	سيح	فتحة	0	1
505	صَوْبَنَ	صوبن	فتحة	0	1
506	سَيَّجَ	سيج	فتحة	0	1
507	قَصَّدَ	قصد	فتحة	0	1
508	لَوَّمَ	لوم	فتحة	0	1
509	رَغَّمَ	رغم	فتحة	0	1
510	رَخَّمَ	رخم	فتحة	0	1
511	عَقَّمَ	عقم	فتحة	0	1
512	عَسَّفَ	عسف	فتحة	0	1
513	جَدَّلَ	جدل	فتحة	0	1
514	شَمَّعَ	شمع	فتحة	0	1
515	شَيَّبَ	شيب	فتحة	0	1
516	حَنَّطَ	حنط	فتحة	0	1
517	حَشْحَشَ	حشحش	فتحة	0	1
518	فَصَّصَ	فصص	فتحة	0	1
519	تَلْفَنَ	لفن	فتحة	0	0
520	ذَرْذَرَ	ذرذر	فتحة	0	1
521	مَرَّنَ	مرن	فتحة	0	1
522	جَنَّحَ	جنح	فتحة	0	1
523	قَذَّرَ	قذر	فتحة	0	1
524	هَيَّمَ	هيم	فتحة	0	1
525	صَوَّرَ	صور	فتحة	0	1
526	وَفَّرَ	وفر	فتحة	0	1
527	شَلْشَلَ	شلشل	فتحة	0	1
528	كَفَّنَ	كفن	فتحة	0	1
529	خَضَّعَ	خضع	فتحة	0	1
530	فَصَّدَ	فصد	فتحة	0	1
531	هَزْهَزَ	هزهز	فتحة	0	1
532	جَيَّرَ	جير	فتحة	0	1
533	لَبَّسَ	لبس	فتحة	0	1
534	سَلَّمَ	سلم	فتحة	0	1
535	حَنَّفَ	حنف	فتحة	0	1
536	شَبَّبَ	شبب	فتحة	0	1
537	شَبَّرَ	شبر	فتحة	0	1
538	قَفَّصَ	قفص	فتحة	0	1
539	سَجَّنَ	سجن	فتحة	0	1
540	شَعَّثَ	شعث	فتحة	0	1
541	جَمَّلَ	جمل	فتحة	0	1
542	فَوَّطَ	فوط	فتحة	0	1
543	قَتَّلَ	قتل	فتحة	0	1
544	شَعَّلَ	شعل	فتحة	0	1
545	حَرَّمَ	حرم	فتحة	0	1
546	شَرْشَرَ	شرشر	فتحة	0	1
547	خَبَّرَ	خبر	فتحة	0	1
548	شَخَّصَ	شخص	فتحة	0	1
549	خَرَّجَ	خرج	فتحة	0	1
550	سَبَّحَ	سبح	فتحة	0	1
551	شَدَّدَ	شدد	فتحة	0	1
552	شَذَّبَ	شذب	فتحة	0	1
553	نَدَّدَ	ندد	فتحة	0	1
554	مَعَّكَ	معك	فتحة	0	1
555	شَبَّعَ	شبع	فتحة	0	1
556	شَبَّكَ	شبك	فتحة	0	1
557	شَعَّرَ	شعر	فتحة	0	1
558	شَذَّرَ	شذر	فتحة	0	1
559	فَرَّقَ	فرق	فتحة	0	1
560	فَرْطَسَ	فرطس	فتحة	0	0
561	سَمَّنَ	سمن	فتحة	0	1
562	هَلْهَلَ	هلهل	فتحة	0	1
563	زَلَّفَ	زلف	فتحة	0	1
564	خَفَّفَ	خفف	فتحة	0	1
565	كَحَّلَ	كحل	فتحة	0	1
566	سَمَّمَ	سمم	فتحة	0	1
567	سَنَّدَ	سند	فتحة	0	1
568	بَهْدَلَ	بهدل	فتحة	0	1
569	حَبَّرَ	حبر	فتحة	0	1
570	حَوَّقَ	حوق	فتحة	0	1
571	سَهَّدَ	سهد	فتحة	0	1
572	بَنَّجَ	بنج	فتحة	0	1
573	وَعَّزَ	وعز	فتحة	0	0
574	رَنَّقَ	رنق	فتحة	0	1
575	شَرَّقَ	شرق	فتحة	0	1
576	شَرَّكَ	شرك	فتحة	0	1
577	كَدَّسَ	كدس	فتحة	0	1
578	شَغَّبَ	شغب	فتحة	0	1
579	قَوَّدَ	قود	فتحة	0	1
580	مَرْهَمَ	رهم	فتحة	0	1
581	بَقَّعَ	بقع	فتحة	0	1
582	وَرَّثَ	ورث	فتحة	0	1
583	طَبَّلَ	طبل	فتحة	0	0
584	يَتَّمَ	يتم	فتحة	0	1
585	شَرَّعَ	شرع	فتحة	0	1
586	شَطَّرَ	شطر	فتحة	0	1
587	عَسْقَلَ	عسقل	فتحة	0	0
588	خَوَّرَ	خور	فتحة	0	1
589	قَسَّمَ	قسم	فتحة	0	1
590	زَحَّفَ	زحف	فتحة	0	1
591	جَرَّحَ	جرح	فتحة	0	1
592	تَرْجَمَ	ترجم	فتحة	0	1
593	خَيَّطَ	خيط	فتحة	0	1
594	زَمْزَمَ	زمزم	فتحة	0	1
595	خَيَّرَ	خير	فتحة	0	1
596	خَلَّفَ	خلف	فتحة	0	1
597	نَكَّبَ	نكب	فتحة	0	1
598	لَبْنَنَ	لبنن	فتحة	0	1
599	خَمَّرَ	خمر	فتحة	0	1
600	ذَعْذَعَ	ذعذع	فتحة	0	1
601	خَمَّشَ	خمش	فتحة	0	1
602	شَوَّكَ	شوك	فتحة	0	1
603	خَضَّمَ	خضم	فتحة	0	1
604	فَخَّمَ	فخم	فتحة	0	1
605	خَطَّطَ	خطط	فتحة	0	1
606	خَوْصَصَ	خصخص	فتحة	0	1
607	بَزْبَزَ	بزبز	فتحة	0	1
608	سَفَّدَ	سفد	فتحة	0	1
609	كَمَّتَ	كمت	فتحة	0	1
610	عَيَّطَ	عيط	فتحة	0	0
611	بَرْهَنَ	برهن	فتحة	0	1
612	شَفَّرَ	شفر	فتحة	0	0
613	عَشَّشَ	عشش	فتحة	0	0
614	وَفَّدَ	وفد	فتحة	0	1
615	خَضَّرَ	خضر	فتحة	0	1
616	عَدَّنَ	عدن	فتحة	0	1
617	رَهْبَلَ	رهبل	فتحة	0	0
618	صَعَّبَ	صعب	فتحة	0	1
619	بَسْتَرَ	بستر	فتحة	0	0
620	ثَقَّبَ	ثقب	فتحة	0	1
621	صَعْلَكَ	صعلك	فتحة	0	1
622	صَرَّفَ	صرف	فتحة	0	1
623	صَفْصَفَ	صفصف	فتحة	0	0
624	مَكَّنَ	مكن	فتحة	0	1
625	نَحَّسَ	نحس	فتحة	0	1
626	يَمَّمَ	يمم	فتحة	0	1
627	صَفَّدَ	صفد	فتحة	0	1
628	فَضَّحَ	فضح	فتحة	0	1
629	رَطَّلَ	رطل	فتحة	0	1
630	خَنَّقَ	خنق	فتحة	0	1
631	مَوَّتَ	موت	فتحة	0	1
632	هَفْهَفَ	هفهف	فتحة	0	1
633	دَنَّسَ	دنس	فتحة	0	1
634	سَفَّنَ	سفن	فتحة	0	1
635	حَرَّفَ	حرف	فتحة	0	1
636	خَنْخَنَ	خنخن	فتحة	0	0
637	صَفَّقَ	صفق	فتحة	0	0
638	بَرْوَزَ	بروز	فتحة	0	1
639	طَنَّفَ	طنف	فتحة	0	1
640	عَبْقَرَ	عبقر	فتحة	0	0
641	صَلْصَلَ	صلصل	فتحة	0	0
642	فَطَّسَ	فطس	فتحة	0	1
643	حَزَّنَ	حزن	فتحة	0	1
644	عَسْكَرَ	عسكر	فتحة	0	0
645	ذَرَّفَ	ذرف	فتحة	0	1
646	دَجَّنَ	دجن	فتحة	0	1
647	جَفَّلَ	جفل	فتحة	0	1
648	ضَمْضَمَ	ضمضم	فتحة	0	1
649	دَبَّخَ	دبخ	فتحة	0	0
650	دَبَّلَ	دبل	فتحة	0	1
651	دَكْدَكَ	دكدك	فتحة	0	1
652	نَقَّلَ	نقل	فتحة	0	1
653	دَفَّفَ	دفف	فتحة	0	1
654	شَفَّفَ	شفف	فتحة	0	1
655	دَجَّجَ	دجج	فتحة	0	1
656	رَضْرَضَ	رضرض	فتحة	0	1
657	دَبَّجَ	دبج	فتحة	0	1
658	دَحْرَجَ	دحرج	فتحة	0	1
659	حَضَّرَ	حضر	فتحة	0	1
660	سَطَّعَ	سطع	فتحة	0	1
661	دَخَّلَ	دخل	فتحة	0	1
662	دَرَّبَ	درب	فتحة	0	1
663	وَصَّدَ	وصد	فتحة	0	1
664	قَرْقَرَ	قرقر	فتحة	0	0
665	جَوْرَبَ	جورب	فتحة	0	1
666	حَوَّجَ	حوج	فتحة	0	0
667	دَبَّرَ	دبر	فتحة	0	1
668	مَكَّسَ	مكس	فتحة	0	0
669	دَرَّجَ	درج	فتحة	0	1
670	حَزَّمَ	حزم	فتحة	0	1
671	كَمَّمَ	كمم	فتحة	0	1
672	جَوَّبَ	جوب	فتحة	0	1
673	خَفَّرَ	خفر	فتحة	0	1
674	دَيَّخَ	ديخ	فتحة	0	1
675	جَوَّدَ	جود	فتحة	0	1
676	خَفَّضَ	خفض	فتحة	0	1
677	لَغَّمَ	لغم	فتحة	0	1
678	هَرَّسَ	هرس	فتحة	0	1
679	خَلَّصَ	خلص	فتحة	0	1
680	رَنَّنَ	رنن	فتحة	0	1
681	غَسَّلَ	غسل	فتحة	0	1
682	تَخَلَّفَ	خلف	فتحة	0	0
683	جَلْبَبَ	جلبب	فتحة	0	1
684	خَلَّدَ	خلد	فتحة	0	1
685	غَرَّرَ	غرر	فتحة	0	1
686	دَلْدَلَ	دلدل	فتحة	0	1
687	مَخَّطَ	مخط	فتحة	0	1
688	دَلَّسَ	دلس	فتحة	0	0
689	دَقْدَقَ	دقدق	فتحة	0	0
690	صَفَّفَ	صفف	فتحة	0	1
691	سَحَّتَ	سحت	فتحة	0	1
692	حَصَّنَ	حصن	فتحة	0	1
693	دَغْدَغَ	دغدغ	فتحة	0	1
694	دَفْدَفَ	دفدف	فتحة	0	1
695	دَشَّنَ	دشن	فتحة	0	1
696	دَرْوَشَ	دروش	فتحة	0	0
697	دَرَّقَ	درق	فتحة	0	1
698	جَوَّعَ	جوع	فتحة	0	1
699	مَكَّرَ	مكر	فتحة	0	0
700	عَصَّبَ	عصب	فتحة	0	1
701	وَسَّعَ	وسع	فتحة	0	1
702	طَنَّبَ	طنب	فتحة	0	1
703	بَرَّرَ	برر	فتحة	0	1
704	طَلْسَمَ	طلسم	فتحة	0	1
705	غَيَّبَ	غيب	فتحة	0	1
706	عَرَّبَ	عرب	فتحة	0	1
707	عَتَّبَ	عتب	فتحة	0	1
708	مَعْدَنَ	عدن	فتحة	0	1
709	نَكَّفَ	نكف	فتحة	0	0
710	طَيَّبَ	طيب	فتحة	0	1
711	عَبَّقَ	عبق	فتحة	0	1
712	سَفَّهَ	سفه	فتحة	0	1
713	صَنَّعَ	صنع	فتحة	0	1
714	دَعَّسَ	دعس	فتحة	0	1
715	عَوَّقَ	عوق	فتحة	0	1
716	طَوَّحَ	طوح	فتحة	0	1
717	بَرَّحَ	برح	فتحة	0	0
718	طَوَّرَ	طور	فتحة	0	1
719	فَضْفَضَ	فضفض	فتحة	0	1
720	كَدَّحَ	كدح	فتحة	0	1
721	طَلْمَسَ	طلمس	فتحة	0	1
722	حَدَّدَ	حدد	فتحة	0	1
723	طَلَّقَ	طلق	فتحة	0	1
724	بَذَّرَ	بذر	فتحة	0	1
725	رَبَّبَ	ربب	فتحة	0	1
726	طَوَّعَ	طوع	فتحة	0	1
727	زَمْجَرَ	زمجر	فتحة	0	0
728	ضَمَّخَ	ضمخ	فتحة	0	1
729	ضَمَّدَ	ضمد	فتحة	0	1
730	سَجَّلَ	سجل	فتحة	0	1
731	طَرَّدَ	طرد	فتحة	0	1
732	خَشَّمَ	خشم	فتحة	0	1
733	زَرْكَشَ	زركش	فتحة	0	1
734	ضَلَّعَ	ضلع	فتحة	0	1
735	قَلَّبَ	قلب	فتحة	0	1
736	خَرَّشَ	خرش	فتحة	0	1
737	ضَرَّرَ	ضرر	فتحة	0	1
738	ضَيَّفَ	ضيف	فتحة	0	1
739	ضَيَّقَ	ضيق	فتحة	0	1
740	رَوَّلَ	رول	فتحة	0	1
741	دَسَّسَ	دسس	فتحة	0	1
742	سَوَّغَ	سوغ	فتحة	0	1
743	حَسَّفَ	حسف	فتحة	0	1
744	وَثَّرَ	وثر	فتحة	0	1
745	قَبْقَبَ	قبقب	فتحة	0	0
746	عَجَّبَ	عجب	فتحة	0	1
747	بَيَّنَ	بين	فتحة	0	1
748	بَدَّدَ	بدد	فتحة	0	1
749	سَفَّلَ	سفل	فتحة	0	1
750	ظَلَّمَ	ظلم	فتحة	0	1
751	زَمَّعَ	زمع	فتحة	0	1
752	رَجَّحَ	رجح	فتحة	0	1
753	زَمْخَرَ	زمخر	فتحة	0	0
754	بَدَّلَ	بدل	فتحة	0	1
755	شَنَّعَ	شنع	فتحة	0	1
756	زَغَّبَ	زغب	فتحة	0	0
757	شَمَّلَ	شمل	فتحة	0	1
758	حَجَّرَ	حجر	فتحة	0	1
759	حَبَّسَ	حبس	فتحة	0	1
760	سَوَّلَ	سول	فتحة	0	1
761	بَضَّعَ	بضع	فتحة	0	1
762	بَطْبَطَ	بطبط	فتحة	0	1
763	شَقْشَقَ	شقشق	فتحة	0	0
764	بَعْثَرَ	بعثر	فتحة	0	1
765	زَيَّفَ	زيف	فتحة	0	1
766	شَوَّطَ	شوط	فتحة	0	1
767	شَنَّفَ	شنف	فتحة	0	1
768	نَفَّشَ	نفش	فتحة	0	1
769	قَتَّرَ	قتر	فتحة	0	1
770	صَيْدَلَ	صيدل	فتحة	0	0
771	لَعَّنَ	لعن	فتحة	0	1
772	صَوَّلَ	صول	فتحة	0	1
773	صَيَّرَ	صير	فتحة	0	1
774	ضَبَّرَ	ضبر	فتحة	0	1
775	رَيَّثَ	ريث	فتحة	0	1
776	صَوْمَعَ	صمع	فتحة	0	1
777	صَوَّبَ	صوب	فتحة	0	1
778	رَسَّلَ	رسل	فتحة	0	1
779	صَمَّمَ	صمم	فتحة	0	1
780	خَزَّرَ	خزر	فتحة	0	1
781	حَيْعَلَ	حيعل	فتحة	0	0
782	ثَوَّبَ	ثوب	فتحة	0	1
783	قَعْقَعَ	قعقع	فتحة	0	1
784	صَرَّدَ	صرد	فتحة	0	1
785	غَرَّمَ	غرم	فتحة	0	1
786	طَفَّفَ	طفف	فتحة	0	1
787	حَسَّسَ	حسس	فتحة	0	1
788	هَوَّدَ	هود	فتحة	0	1
789	شَيَّخَ	شيخ	فتحة	0	1
790	حَزَّزَ	حزز	فتحة	0	1
791	صَحْصَحَ	صحصح	فتحة	0	0
792	صَبَّرَ	صبر	فتحة	0	1
793	قَضْقَضَ	قضقض	فتحة	0	1
794	شَوَّهَ	شوه	فتحة	0	1
795	طَوَّفَ	طوف	فتحة	0	1
796	حَشْرَجَ	حشرج	فتحة	0	0
797	شَذَّذَ	شذذ	فتحة	0	1
798	شَمَّرَ	شمر	فتحة	0	1
799	تَمَّرَ	تمر	فتحة	0	1
800	شَكَّكَ	شكك	فتحة	0	1
801	بَعَّدَ	بعد	فتحة	0	1
802	لَغَّطَ	لغط	فتحة	0	0
803	طَلَّحَ	طلح	فتحة	0	1
804	رَوَّحَ	روح	فتحة	0	1
805	صَحَّفَ	صحف	فتحة	0	1
806	دَهْوَرَ	دهور	فتحة	0	1
807	بَصْبَصَ	بصبص	فتحة	0	0
808	سَبَّعَ	سبع	فتحة	0	1
809	صَدَّرَ	صدر	فتحة	0	1
810	نَجَّزَ	نجز	فتحة	0	1
811	كَهْرَبَ	كهرب	فتحة	0	1
812	كَوَّنَ	كون	فتحة	0	1
813	تَمَسَّكَ	مسك	فتحة	0	0
814	خَلَّلَ	خلل	فتحة	0	1
815	لَحَّفَ	لحف	فتحة	0	1
816	نَبَّبَ	نبب	فتحة	0	0
817	كَيَّسَ	كيس	فتحة	0	1
818	كَيَّفَ	كيف	فتحة	0	1
819	فَحَّمَ	فحم	فتحة	0	1
820	فَدَّعَ	فدع	فتحة	0	1
821	كَنَّسَ	كنس	فتحة	0	1
822	كَنَّفَ	كنف	فتحة	0	1
823	عَبَّرَ	عبر	فتحة	0	1
824	مَحَّصَ	محص	فتحة	0	1
825	ضَغَّثَ	ضغث	فتحة	0	1
826	لَبَّثَ	لبث	فتحة	0	1
827	لَهْزَمَ	لهزم	فتحة	0	1
828	عَرَّمَ	عرم	فتحة	0	1
829	عَرَّضَ	عرض	فتحة	0	1
830	مَسَّكَ	مسك	فتحة	0	1
831	سَوَّقَ	سوق	فتحة	0	1
832	نَتَّفَ	نتف	فتحة	0	1
833	لَبْلَبَ	لبلب	فتحة	0	0
834	مَصَّحَ	مصح	فتحة	0	1
835	لَهَّبَ	لهب	فتحة	0	1
836	نَبَّذَ	نبذ	فتحة	0	1
837	لَهَّفَ	لهف	فتحة	0	1
838	خَضَّبَ	خضب	فتحة	0	1
839	مَيَّعَ	ميع	فتحة	0	1
840	خَدَّرَ	خدر	فتحة	0	1
841	فَذْلَكَ	فذلك	فتحة	0	1
842	ضَعْضَعَ	ضعضع	فتحة	0	1
843	مَيَّلَ	ميل	فتحة	0	1
844	مَوَّهَ	موه	فتحة	0	1
845	مَهَّدَ	مهد	فتحة	0	1
846	دَرَّعَ	درع	فتحة	0	1
847	فَكَّكَ	فكك	فتحة	0	1
848	لَخَّصَ	لخص	فتحة	0	1
849	قَرَّرَ	قرر	فتحة	0	1
850	فَضَّضَ	فضض	فتحة	0	1
851	لَصَّصَ	لصص	فتحة	0	1
852	شَجَّرَ	شجر	فتحة	0	1
853	لَطَّفَ	لطف	فتحة	0	1
854	فَوَّزَ	فوز	فتحة	0	0
855	هَيْكَلَ	هيكل	فتحة	0	0
856	شَحَّمَ	شحم	فتحة	0	1
857	عَيَّلَ	عيل	فتحة	0	1
858	لَطَّخَ	لطخ	فتحة	0	1
859	عَظَّمَ	عظم	فتحة	0	1
860	خَصَّفَ	خصف	فتحة	0	1
861	مَلَّكَ	ملك	فتحة	0	1
862	نَوَّهَ	نوه	فتحة	0	1
863	سَمَّجَ	سمج	فتحة	0	1
864	مَلْمَلَ	ململ	فتحة	0	1
865	طَمَّعَ	طمع	فتحة	0	1
866	قَدَّسَ	قدس	فتحة	0	1
867	مَغْنَطَ	مغنط	فتحة	0	1
868	مَضْمَضَ	مضمض	فتحة	0	1
869	بَيْطَرَ	بطر	فتحة	0	1
870	نَمَّسَ	نمس	فتحة	0	1
871	نَزَّقَ	نزق	فتحة	0	1
872	زَيَّلَ	زيل	فتحة	0	1
873	زَيَّرَ	زور;زير	فتحة	0	1
874	لَوَّحَ	لوح	فتحة	0	1
875	وَدَّجَ	ودج	فتحة	0	1
876	قَيَّمَ	قيم	فتحة	0	1
877	سَفْسَطَ	سفسط	فتحة	0	0
878	كَوَّعَ	كوع	فتحة	0	1
879	لَوَّثَ	لوث	فتحة	0	1
880	قَوَّمَ	قوم	فتحة	0	1
881	سَرَّبَ	سرب	فتحة	0	1
882	بَوَّرَ	بور	فتحة	0	1
883	كَتَّلَ	كتل	فتحة	0	1
884	حَصَّبَ	حصب	فتحة	0	1
885	نَوَّبَ	نوب	فتحة	0	1
886	وَحَّفَ	وحف	فتحة	0	1
887	نَزَّهَ	نزه	فتحة	0	1
888	نَشَّطَ	نشط	فتحة	0	1
889	نَشَّبَ	نشب	فتحة	0	1
890	زَقَّمَ	زقم	فتحة	0	1
891	كَلَّحَ	كلح	فتحة	0	1
892	هَدَّجَ	هدج	فتحة	0	0
893	نَخَّرَ	نخر	فتحة	0	1
894	مَدَّدَ	مدد	فتحة	0	1
895	رَمَّمَ	رمم	فتحة	0	1
896	شَرَّدَ	شرد	فتحة	0	1
897	نَضَّرَ	نضر	فتحة	0	1
898	مَزَّحَ	مزح	فتحة	0	0
899	مَرَّدَ	مرد	فتحة	0	1
900	مَزَّجَ	مزج	فتحة	0	1
901	وَضَّحَ	وضح	فتحة	0	1
902	لَيَّنَ	لين	فتحة	0	1
903	مَتَّعَ	متع	فتحة	0	1
904	خَوَّضَ	خوض	فتحة	0	1
905	مَرْكَزَ	مركز	فتحة	0	1
906	مَرْمَرَ	مرمر	فتحة	0	1
907	دَفَّقَ	دفق	فتحة	0	1
908	لَقَّحَ	لقح	فتحة	0	1
909	لَفَّقَ	لفق	فتحة	0	1
910	دَرْدَرَ	دردر	فتحة	0	1
911	ذَرَّبَ	ذرب	فتحة	0	1
912	صَوَّمَ	صوم	فتحة	0	1
913	لَبَّبَ	لبب	فتحة	0	1
914	مَلَّسَ	ملس	فتحة	0	1
915	لَقْلَقَ	لقلق	فتحة	0	1
916	لَقَّمَ	لقم	فتحة	0	1
917	لَقَّنَ	لقن	فتحة	0	1
918	هَزَّجَ	هزج	فتحة	0	1
919	دَوَّدَ	دود	فتحة	0	0
920	مَكْنَنَ	مكن	فتحة	0	1
921	تَلْمَذَ	لمذ	فتحة	0	1
922	ذَبَّرَ	ذبر	فتحة	0	1
923	عَدَّدَ	عدد	فتحة	0	1
924	عَذَّلَ	عذل	فتحة	0	1
925	صَغَّرَ	صغر	فتحة	0	1
926	خَسَّسَ	خسس	فتحة	0	1
927	فَهَّمَ	فهم	فتحة	0	1
928	عَجَّفَ	عجف	فتحة	0	1
929	عَرْبَدَ	عربد	فتحة	0	0
930	طَنَّنَ	طنن	فتحة	0	0
931	بَقْبَقَ	بقبق	فتحة	0	0
932	رَزَّمَ	رزم	فتحة	0	1
933	عَرَّشَ	عرش	فتحة	0	1
934	مَجَّدَ	مجد	فتحة	0	1
935	فَرَّحَ	فرح	فتحة	0	1
936	عَزَّبَ	عزب	فتحة	0	1
937	عَضَّلَ	عضل	فتحة	0	1
938	عَسَّلَ	عسل	فتحة	0	1
939	عَيَّبَ	عيب	فتحة	0	1
940	جَرَّسَ	جرس	فتحة	0	1
941	فَلْطَحَ	فلطح	فتحة	0	1
942	صَدَّدَ	صدد	فتحة	0	0
943	تَمَّمَ	تمم	فتحة	0	1
944	كَشَّرَ	كشر	فتحة	0	0
945	عَدَّلَ	عدل	فتحة	0	1
946	ثَبَّتَ	ثبت	فتحة	0	1
947	قَعَّدَ	قعد	فتحة	0	1
948	دَوَّنَ	دون	فتحة	0	1
949	فَجَّرَ	فجر	فتحة	0	1
950	عَظَّلَ	عظل	فتحة	0	0
951	رَصَّصَ	رصص	فتحة	0	1
952	عَقَّلَ	عقل	فتحة	0	1
953	عَوْلَمَ	علم	فتحة	0	1
954	عَقَّبَ	عقب	فتحة	0	1
955	عَقَّدَ	عقد	فتحة	0	1
956	عَطَّشَ	عطش	فتحة	0	1
957	عَكَّرَ	عكر	فتحة	0	1
958	زَعْزَعَ	زعزع	فتحة	0	1
959	قَطَّنَ	قطن	فتحة	0	1
960	عَلَّبَ	علب	فتحة	0	1
961	عَلْقَمَ	علقم	فتحة	0	1
962	جَرَّفَ	جرف	فتحة	0	1
963	عَقَّفَ	عقف	فتحة	0	1
964	عَمَّدَ	عمد	فتحة	0	1
965	فَشْفَشَ	فشفش	فتحة	0	1
966	عَرَّسَ	عرس	فتحة	0	0
967	عَرَّجَ	عرج	فتحة	0	1
968	عَمَّلَ	عمل	فتحة	0	1
969	عَمَّمَ	عمم	فتحة	0	1
970	رَتَّلَ	رتل	فتحة	0	1
971	عَنْتَرَ	عنتر	فتحة	0	1
972	عَنْدَلَ	عندل	فتحة	0	0
973	عَفَّنَ	عفن	فتحة	0	1
974	عَنَّفَ	عنف	فتحة	0	1
975	عَنَّقَ	عنق	فتحة	0	1
976	عَنَّنَ	عنن	فتحة	0	1
977	عَقْعَقَ	عقعق	فتحة	0	0
978	عَوَّدَ	عود	فتحة	0	1
979	سَدَّلَ	سدل	فتحة	0	1
980	غَرَّقَ	غرق	فتحة	0	1
981	غَطَّسَ	غطس	فتحة	0	1
982	غَلَّسَ	غلس	فتحة	0	1
983	غَلَّطَ	غلط	فتحة	0	1
984	عَوَّضَ	عوض	فتحة	0	1
985	رَطَّبَ	رطب	فتحة	0	1
986	دَرَّكَ	درك	فتحة	0	0
987	دَكَّنَ	دكن	فتحة	0	1
988	ذَبَّبَ	ذبب	فتحة	0	1
989	غَرْبَلَ	غربل	فتحة	0	1
990	رَعَّشَ	رعش	فتحة	0	1
991	غَرَّزَ	غرز	فتحة	0	1
992	عَزَّرَ	غزر	فتحة	0	1
993	خَصَّلَ	خصل	فتحة	0	1
994	غَلَّقَ	غلق	فتحة	0	1
995	نَجَّسَ	نجس	فتحة	0	1
996	مَوَّلَ	مول	فتحة	0	1
997	غَضَّضَ	غضض	فتحة	0	0
998	غَطْرَسَ	غطرس	فتحة	0	1
999	فَرَّجَ	فرج	فتحة	0	1
1000	رَقَّطَ	رقط	فتحة	0	0
1001	هَلَّلَ	هلل	فتحة	0	0
1002	مَشَّطَ	مشط	فتحة	0	1
1003	كَوَّرَ	كور	فتحة	0	1
1004	نَجَّدَ	نجد	فتحة	0	1
1005	ثَقَّفَ	ثقف	فتحة	0	1
1006	شَطَّبَ	شطب	فتحة	0	1
1007	فَحَّشَ	فحش	فتحة	0	0
1008	عَشَّرَ	عشر	فتحة	0	1
1009	فَدَّمَ	فدم	فتحة	0	1
1010	غَيَّرَ	غير	فتحة	0	1
1011	صَنَّفَ	صنف	فتحة	0	1
1012	حَزَّبَ	حزب	فتحة	0	1
1013	شَبَّهَ	شبه	فتحة	0	1
1014	عَزَّزَ	عزز	فتحة	0	1
1015	عَزَّمَ	عز م	فتحة	0	0
1016	فَحْفَحَ	فحفح	فتحة	0	0
1017	تَغَوَّرَ	غور	فتحة	0	0
1018	زَلْزَلَ	زلزل	فتحة	0	1
1019	فَتَّقَ	فتق	فتحة	0	1
1020	حَدَّقَ	حدق	فتحة	0	1
1021	فَرَّغَ	فرغ	فتحة	0	1
1022	فَرْطَحَ	فرطح	فتحة	0	1
1023	غَرَّبَ	غرب	فتحة	0	1
1024	فَرَّدَ	فرد	فتحة	0	1
1025	فَرَّشَ	فرش	فتحة	0	1
1026	فَخَّرَ	فخر	فتحة	0	1
1027	نَيَّبَ	نيب	فتحة	0	1
1028	فَرْعَنَ	فرعن	فتحة	0	0
1029	ضَعَّفَ	ضعف	فتحة	0	1
1030	فَرْفَرَ	فرفر	فتحة	0	1
1031	ظَفَّرَ	ظفر	فتحة	0	1
1032	قَطَّمَ	قطم	فتحة	0	0
1033	فَرَّطَ	فرط	فتحة	0	1
1034	وَزْوَزَ	وزوز	فتحة	0	0
1035	حَبَّلَ	حبل	فتحة	0	1
1036	وَصَّلَ	وصل	فتحة	0	1
1037	حَوَّفَ	حوف	فتحة	0	1
1038	مَسَّحَ	مسح	فتحة	0	1
1039	خَلْخَلَ	خلخل	فتحة	0	1
1040	وَشَّجَ	وشج	فتحة	0	1
1041	نَضَّبَ	نضب	فتحة	0	0
1042	هَرْطَقَ	هرطق	فتحة	0	1
1043	خَيَّلَ	خيل	فتحة	0	1
1044	صَوَّتَ	صوت	فتحة	0	1
1045	صَلَّبَ	صلب	فتحة	0	1
1046	جَرَّمَ	جرم	فتحة	0	1
1047	فَسَّرَ	فسر	فتحة	0	1
1048	قَدَّدَ	قدد	فتحة	0	1
1049	جَنَّنَ	جنن	فتحة	0	1
1050	حَوَّمَ	حوم	فتحة	0	0
1051	زَغْرَدَ	زغرد	فتحة	0	0
1052	بَشَّرَ	بشر	فتحة	0	1
1053	بَرْشَمَ	برشم	فتحة	0	0
1054	لَجْلَجَ	لجلج	فتحة	0	1
1055	سَنَّنَ	سنن	فتحة	0	1
1056	سَلَّكَ	سلك	فتحة	0	1
1057	صَعَّدَ	صعد	فتحة	0	1
1058	شَحَّطَ	شحط	فتحة	0	1
1059	عَرْبَنَ	عربن	فتحة	0	1
1060	جَرْجَرَ	جرجر	فتحة	0	1
1061	فَلْسَفَ	فلسف	فتحة	0	1
1062	ذَفَّفَ	ذفف	فتحة	0	1
1063	نَصَّصَ	نصص	فتحة	0	1
1064	سَطَّحَ	سطح	فتحة	0	1
1065	نَغَّمَ	نغم	فتحة	0	0
1066	خَنَّعَ	خنع	فتحة	0	1
1067	رَجَّمَ	رجم	فتحة	0	1
1068	نَبَّهَ	نبه	فتحة	0	1
1069	حَمَّسَ	حمس	فتحة	0	1
1070	سَخَّرَ	سخر	فتحة	0	1
1071	لَطَّمَ	لطم	فتحة	0	1
1072	قَشَّبَ	قشب	فتحة	0	1
1073	لَقَّبَ	لقب	فتحة	0	1
1074	هَنْدَسَ	هندس	فتحة	0	1
1075	وَسَّطَ	وسط	فتحة	0	1
1076	فَتَّرَ	فتر	فتحة	0	1
1077	وَسَّخَ	وسخ	فتحة	0	1
1078	كَتْكَتَ	كتكت	فتحة	0	0
1079	قَيَّظَ	قيظ	فتحة	0	1
1080	كَثَّفَ	كثف	فتحة	0	1
1081	كَعَّبَ	كعب	فتحة	0	1
1082	لَفَّتَ	لفت	فتحة	0	1
1083	حَرَّقَ	حرق	فتحة	0	1
1084	كَوْكَبَ	كوكب	فتحة	0	0
1085	فَصَّلَ	فصل	فتحة	0	1
1086	حَمَّصَ	حمص	فتحة	0	1
1087	نَخَّلَ	نخل	فتحة	0	1
1088	زَوَّقَ	زوق	فتحة	0	1
1089	جَزَّزَ	جزز	فتحة	0	1
1090	بَطَّنَ	بطن	فتحة	0	1
1091	حَوَّزَ	حوز	فتحة	0	1
1092	نَوَّقَ	نوق	فتحة	0	1
1093	شَنَّقَ	شنق	فتحة	0	1
1094	لَجَّمَ	لجم	فتحة	0	1
1095	نَجَّعَ	نجع	فتحة	0	0
1096	رَثَّمَ	رثم	فتحة	0	1
1097	سَمَّلَ	سمل	فتحة	0	1
1098	فَقَّعَ	فقع	فتحة	0	1
1099	وَعَّرَ	وعر	فتحة	0	1
1100	ذَلَّلَ	ذلل	فتحة	0	1
1101	زَوَّرَ	زور	فتحة	0	1
1102	سَوَّمَ	سوم	فتحة	0	1
1103	عَذَّبَ	عذب	فتحة	0	1
1104	حَشَّفَ	حشف	فتحة	0	1
1105	رَفَّعَ	رفع	فتحة	0	1
1106	دَوَّلَ	دول	فتحة	0	1
1107	قَيَّنَ	قين	فتحة	0	1
1108	دَهْقَنَ	دهقن	فتحة	0	1
1109	وَسَّقَ	وسق	فتحة	0	1
1110	نَيَّفَ	نوف	فتحة	0	0
1111	وَقَّفَ	وقف	فتحة	0	1
1112	سَفَّكَ	سفك	فتحة	0	1
1113	طَرَّفَ	طرف	فتحة	0	1
1114	سَرَّرَ	سرر	فتحة	0	1
1115	نَكَّسَ	نكس	فتحة	0	1
1116	خَوَّنَ	خون	فتحة	0	1
1117	وَطَّنَ	وطن	فتحة	0	1
1118	حَطَّمَ	حطم	فتحة	0	1
1119	شَرَّمَ	شرم	فتحة	0	1
1120	غَفَّلَ	غفل	فتحة	0	1
1121	عَيَّدَ	عود	فتحة	0	0
1122	عَمَّرَ	عمر	فتحة	0	1
1123	حَبَّذَ	حبذ	فتحة	0	1
1124	قَصَّصَ	قصص	فتحة	0	1
1125	وَدَّنَ	ودن	فتحة	0	1
1126	صَوَّفَ	صوف	فتحة	0	1
1127	حَكَّمَ	حكم	فتحة	0	1
1128	طَنْطَنَ	طنطن	فتحة	0	0
1129	سَرَّحَ	سرح	فتحة	0	1
1130	دَمَّثَ	دمث	فتحة	0	1
1131	ثَلَّثَ	ثلث	فتحة	0	1
1132	بَدَّنَ	بدن	فتحة	0	1
1133	صَقَّرَ	صقر	فتحة	0	1
1134	وَكَّرَ	وكر	فتحة	0	1
1135	بَرْعَمَ	برعم	فتحة	0	0
1136	ثَلَّجَ	ثلج	فتحة	0	1
1137	خَرَّبَ	خرب	فتحة	0	1
1138	شَتَّمَ	شتم	فتحة	0	1
1139	غَطْرَفَ	غطرف	فتحة	0	0
1140	جَرَّشَ	جرش	فتحة	0	1
1141	عَنَّبَ	عنب	فتحة	0	0
1142	خَدَّشَ	خدش	فتحة	0	1
1143	هَرَّجَ	هرج	فتحة	0	1
1144	فَوَّجَ	فوج	فتحة	0	0
1145	رَوَّجَ	روج	فتحة	0	1
1146	شَمَّسَ	شمس	فتحة	0	1
1147	رَكَّنَ	ركن	فتحة	0	1
1148	عَجَّجَ	عجج	فتحة	0	1
1149	مَهَّلَ	مهل	فتحة	0	1
1150	رَعَّبَ	رعب	فتحة	0	1
1151	فَدَّنَ	فدن	فتحة	0	1
1152	دَهَّمَ	دهم	فتحة	0	1
1153	كَشَّفَ	كشف	فتحة	0	1
1154	عَذَّرَ	عذر	فتحة	0	1
1155	سَجَّسَ	سجس	فتحة	0	1
1156	نَشَّرَ	نشر	فتحة	0	1
1157	تَلْفَنَ	تلفن	فتحة	0	0
1158	وَرَّدَ	ورد	فتحة	0	1
1159	شَوَّقَ	شوق	فتحة	0	1
1160	غَمَّضَ	غمض	فتحة	0	1
1161	فَسَّلَ	فسل	فتحة	0	1
1162	حَرَّضَ	حرض	فتحة	0	1
1163	قَرْمَطَ	قر مط	فتحة	0	0
1164	نَيَّحَ	نيح	فتحة	0	1
1165	لَعْلَعَ	لعلع	فتحة	0	0
1166	شَلْوَبَ	شلوب	فتحة	0	0
1167	فَزَّرَ	فزر	فتحة	0	1
1168	حَنَّثَ	حنث	فتحة	0	1
1169	ذَنَّبَ	ذنب	فتحة	0	1
1170	مَسَّدَ	مسد	فتحة	0	1
1171	جَوَّزَ	جوز	فتحة	0	1
1172	عَيَّشَ	عيش	فتحة	0	1
1173	شَيَّدَ	شيد	فتحة	0	1
1174	عَجَّلَ	عجل	فتحة	0	1
1175	نَضَّجَ	نضج	فتحة	0	1
1176	زَفْزَفَ	زفزف	فتحة	0	0
1177	نَظَّرَ	نظر	فتحة	0	1
1178	لَقَّفَ	لقف	فتحة	0	1
1179	زَلَّمَ	زلم	فتحة	0	1
1180	نَجَّمَ	نجم	فتحة	0	1
1181	كَسَّفَ	كسف	فتحة	0	1
1182	رَصَّنَ	رصن	فتحة	0	1
1183	نَظَّمَ	نظم	فتحة	0	1
1184	جَنَّدَ	جند	فتحة	0	1
1185	نَصَّفَ	نصف	فتحة	0	1
1186	طَوَّسَ	طوس	فتحة	0	1
1187	فَلَّجَ	فلج	فتحة	0	1
1188	هَوَّشَ	هوش	فتحة	0	1
1189	ثَرْثَرَ	ثرثر	فتحة	0	1
1190	حَبَّقَ	حبق	فتحة	0	1
1191	كَمَّلَ	كمل	فتحة	0	1
1192	رَجَّعَ	رجع	فتحة	0	1
1193	لَمَّعَ	لمع	فتحة	0	1
1194	زَبْرَجَ	زبرج	فتحة	0	1
1195	غَضَّنَ	غضن	فتحة	0	1
1196	كَمَّدَ	كمد	فتحة	0	1
1197	يَبَّسَ	يبس	فتحة	0	1
1198	زَغْزَغَ	زغزغ	فتحة	0	1
1199	مَضَّضَ	مضض	فتحة	0	0
1200	نَجَّفَ	نجف	فتحة	0	1
1201	فَوَّضَ	فوض	فتحة	0	1
1202	تَكَمَّمَ	كمم	فتحة	0	1
1203	ثَيَّبَ	ثيب	فتحة	0	0
1204	فَتَّحَ	فتح	فتحة	0	1
1205	نَزَّلَ	نزل	فتحة	0	1
1206	مَلَّحَ	ملح	فتحة	0	1
1207	زَمَّلَ	زمل	فتحة	0	1
1208	حَفَّفَ	حفف	فتحة	0	1
1209	حَرَّبَ	حرب	فتحة	0	1
1210	وَهَّلَ	وهل	فتحة	0	1
1211	بَرْبَرَ	بربر	فتحة	0	0
1212	لَمَّحَ	لمح	فتحة	0	0
1213	طَيَّفَ	طيف	فتحة	0	0
1214	حَمَّقَ	حمق	فتحة	0	1
1215	سَهَّلَ	سهل	فتحة	0	1
1216	رَنَّحَ	رنح	فتحة	0	1
1217	دَيَّثَ	ديث	فتحة	0	1
1218	لَذَّذَ	لذذ	فتحة	0	1
1219	مَدَّنَ	مدن	فتحة	0	1
1220	دَبَّسَ	دبس	فتحة	0	1
1221	مَرَّضَ	مرض	فتحة	0	1
1222	صَيَّحَ	صيح	فتحة	0	1
1223	شَيَّعَ	شيع	فتحة	0	1
1224	عَجَّمَ	عجم	فتحة	0	1
1225	نَطَّفَ	نطف	فتحة	0	1
1226	خَدَّدَ	خدد	فتحة	0	1
1227	نَصَّرَ	نصر	فتحة	0	1
1228	نَزَّرَ	نزر	فتحة	0	1
1229	حَذَّرَ	حذر	فتحة	0	1
1230	غَلْغَلَ	غلغل	فتحة	0	1
1231	كَشَّحَ	كشح	فتحة	0	1
1232	بَوَّبَ	بوب	فتحة	0	1
1233	لَحَّسَ	لحس	فتحة	0	1
1234	وَقَّعَ	وقع	فتحة	0	1
1235	كَرَّسَ	كرس	فتحة	0	1
1236	دَعْدَعَ	دعدع	فتحة	0	1
1237	فَرَّزَ	فرز	فتحة	0	0
1238	وَزَّنَ	وزن	فتحة	0	1
1239	قَبَّبَ	قبب	فتحة	0	1
1240	خَشَّنَ	خشن	فتحة	0	1
1241	صَمَّدَ	صمد	فتحة	0	1
1242	حَرَّصَ	حرص	فتحة	0	1
1243	طَعَّمَ	طعم	فتحة	0	1
1244	صَقَّعَ	صقع	فتحة	0	1
1245	حَوْقَلَ	حوقل	فتحة	0	0
1246	دَمْدَمَ	دمدم	فتحة	0	0
1247	جَمْهَرَ	جمهر	فتحة	0	1
1248	عَنَّسَ	عنس	فتحة	0	1
1249	دَرَّمَ	درم	فتحة	0	1
1250	وَصَّمَ	وصم	فتحة	0	1
1251	كَلَّلَ	كلل	فتحة	0	1
1252	عَبَّسَ	عبس	فتحة	0	0
1253	زَحَّرَ	زحر	فتحة	0	0
1254	عَطَّسَ	عطس	فتحة	0	1
1255	هَوَّرَ	هور	فتحة	0	1
1256	عَلَّقَ	علق	فتحة	0	1
1257	خَلَّقَ	خلق	فتحة	0	1
1258	وَرَّقَ	ورق	فتحة	0	1
1259	رَبَّتَ	ربت	فتحة	0	1
1260	فَرَّخَ	فرخ	فتحة	0	0
1261	نَبَّتَ	نبت	فتحة	0	1
1262	ظَهَّرَ	ظهر	فتحة	0	1
1263	عَلَّلَ	علل	فتحة	0	1
1264	هَدَّبَ	هدب	فتحة	0	1
1265	عَطَّرَ	عطر	فتحة	0	1
1266	زَعْفَرَ	زعفر	فتحة	0	1
1267	عَنْوَنَ	عنن	فتحة	0	1
1268	عَصَّرَ	عصر	فتحة	0	1
1269	قَفَّلَ	قفل	فتحة	0	1
1270	رَجَّبَ	رجب	فتحة	0	1
1271	حَلْقَمَ	حلقم	فتحة	0	1
1272	يَتَّنَ	يتن	فتحة	0	1
1273	غَصَّنَ	غصن	فتحة	0	0
1274	مَغَّطَ	مغط	فتحة	0	1
1275	شَرَّطَ	شرط	فتحة	0	1
1276	رَحَّلَ	رحل	فتحة	0	1
1277	خَرَّسَ	خرس	فتحة	0	1
1278	قَصَّرَ	قصر	فتحة	0	1
1279	وَثَّلَ	وثل	فتحة	0	1
1280	رَمَّقَ	رمق	فتحة	0	1
1281	كَفَّرَ	كفر	فتحة	0	1
1282	جَرَّدَ	جرد	فتحة	0	1
1283	نَقَّصَ	نقص	فتحة	0	1
1284	طَبَّبَ	طبب	فتحة	0	1
1285	لَفْلَفَ	لفلف	فتحة	0	1
1286	بَلَّغَ	بلغ	فتحة	0	1
1287	كَبَّسَ	كبس	فتحة	0	1
1288	خَصْخَصَ	خصخص	فتحة	0	1
1289	فَهْرَسَ	فهرس	فتحة	0	1
1290	هَوَّنَ	هون	فتحة	0	1
1291	صَفَّرَ	صفر	فتحة	0	1
1292	مَيَّزَ	ميز	فتحة	0	1
1293	قَبَّحَ	قبح	فتحة	0	1
1294	جَعَّدَ	جعد	فتحة	0	1
1295	هَوَّلَ	هول	فتحة	0	1
1296	كَرَّرَ	كرر	فتحة	0	1
1297	وَثَّبَ	وثب	فتحة	0	1
1298	هَيَّجَ	هيج	فتحة	0	1
1299	هَشَّمَ	هشم	فتحة	0	1
1300	هَوَّسَ	هوس	فتحة	0	1
1301	قَرَّبَ	قرب	فتحة	0	1
1302	ذَيَّلَ	ذيل	فتحة	0	1
1303	وَشَّمَ	وشم	فتحة	0	1
1304	شَحَّلَ	شحل	فتحة	0	1
1305	نَسَّقَ	نسق	فتحة	0	1
1306	نَفَّعَ	نفع	فتحة	0	1
1307	وَرَّشَ	ورش	فتحة	0	0
1308	قَمَّعَ	قمع	فتحة	0	1
1309	عَوَّرَ	عور	فتحة	0	1
1310	جَرَّعَ	جرع	فتحة	0	1
1311	قَيَّضَ	قيض	فتحة	0	1
1312	رَبَّحَ	ربح	فتحة	0	1
1313	جَرَّرَ	جرر	فتحة	0	1
1314	سَوَّفَ	سوف	فتحة	0	1
1315	طَفَّحَ	طفح	فتحة	0	1
1316	صَيَّفَ	صيف	فتحة	0	1
1317	كَدَّرَ	كدر	فتحة	0	1
1318	ذَمَّرَ	ذمر	فتحة	0	1
1319	لَمَّجَ	لمج	فتحة	0	1
1320	فَلَّسَ	فلس	فتحة	0	1
1321	طَمَّرَ	طمر	فتحة	0	1
1322	فَرَّضَ	فرض	فتحة	0	1
1323	هَنَّدَ	هند	فتحة	0	1
1324	مَكَّكَ	مكك	فتحة	0	0
1325	لَمْلَمَ	لملم	فتحة	0	1
1326	جَهَّلَ	جهل	فتحة	0	1
1327	رَحَّبَ	رحب	فتحة	0	1
1328	بَلْسَمَ	بلسم	فتحة	0	1
1329	رَقَّنَ	رقن	فتحة	0	1
1330	عَرْقَلَ	عرقل	فتحة	0	1
1331	حَقَّرَ	حقر	فتحة	0	1
1332	جَمَّمَ	جمم	فتحة	0	1
1333	وَقَّحَ	وقح	فتحة	0	1
1334	دَجَّلَ	دجل	فتحة	0	1
1335	نَفَّسَ	نفس	فتحة	0	1
1336	شَلَّحَ	شلح	فتحة	0	1
1337	كَبَّدَ	كبد	فتحة	0	1
1338	دَنْدَنَ	دندن	فتحة	0	0
1339	جَيَّفَ	جيف	فتحة	0	0
1340	حَيَّدَ	حيد	فتحة	0	1
1341	شَرْنَقَ	شرنق	فتحة	0	1
1342	صَحَّحَ	صحح	فتحة	0	1
1343	عَنْبَرَ	عنبر	فتحة	0	1
1344	سَعَّرَ	سعر	فتحة	0	1
1345	طَمَّحَ	طمح	فتحة	0	0
1346	مَذَّرَ	مذر	فتحة	0	1
1347	نَوَّسَ	نوس	فتحة	0	0
1348	صَهَّبَ	صهب	فتحة	0	1
1349	حَفَّظَ	حفظ	فتحة	0	1
1350	قَلْقَلَ	قلقل	فتحة	0	1
1351	حَنَّكَ	حنك	فتحة	0	1
1352	دَبْلَجَ	دبلج	فتحة	0	1
1353	قَنْطَرَ	قنطر	فتحة	0	1
1354	صَرَّرَ	صرر	فتحة	0	1
1355	حَلَّفَ	حلف	فتحة	0	1
1356	جَعْجَعَ	جعجع	فتحة	0	0
1357	جَشَّمَ	جشم	فتحة	0	1
1358	رَتَّبَ	رتب	فتحة	0	1
1359	رَكَّكَ	ركك	فتحة	0	0
1360	كَلَّفَ	كلف	فتحة	0	1
1361	كَيَّلَ	كيل	فتحة	0	1
1362	كَرْكَرَ	كركر	فتحة	0	1
1363	سَيَّبَ	سيب	فتحة	0	1
1364	ضَخَّمَ	ضخم	فتحة	0	1
1365	جَرَّذَ	جرذ	فتحة	0	1
1366	نَكَّلَ	نكل	فتحة	0	1
1367	فَضَّلَ	فضل	فتحة	0	1
1368	مَلَّطَ	ملط	فتحة	0	1
1369	خَيَّبَ	خيب	فتحة	0	1
1370	عَلَّفَ	علف	فتحة	0	1
1371	هَدَّرَ	هدر	فتحة	0	0
1372	هَدَّمَ	هدم	فتحة	0	1
1373	هَدْهَدَ	هدهد	فتحة	0	1
1374	نَفَّضَ	نفض	فتحة	0	1
1375	نَفَّقَ	نفق	فتحة	0	1
1376	نَقَّبَ	نقب	فتحة	0	0
1377	هَجَّمَ	هجم	فتحة	0	1
1378	تَزَوَّجَ	زوج	فتحة	0	1
1379	مَوَّنَ	مون	فتحة	0	1
1380	نَشَّمَ	نشم	فتحة	0	0
1381	هَجَّنَ	هجن	فتحة	0	1
1382	رَوَّمَ	روم	فتحة	0	1
1383	حَوَّلَ	حول	فتحة	0	1
1384	سَبَّقَ	سبق	فتحة	0	1
1385	عَلَّكَ	علك	فتحة	0	1
1386	كَرَّهَ	كره	فتحة	0	1
1387	نَفَّدَ	نفد	فتحة	0	1
1388	هَدَّدَ	هدد	فتحة	0	1
1389	هَسْهَسَ	هسهس	فتحة	0	1
1390	نَمَّطَ	نمط	فتحة	0	1
1391	شَبَّحَ	شبح	فتحة	0	1
1392	نَغَّصَ	نغص	فتحة	0	1
1393	نَقَّشَ	نقش	فتحة	0	1
1394	نَقَّضَ	نقض	فتحة	0	1
1395	جَيَّبَ	جيب	فتحة	0	1
1396	نَعَّمَ	نعم	فتحة	0	1
1397	نَعْنَعَ	نعنع	فتحة	0	0
1398	غَيَّظَ	غيظ	فتحة	0	1
1399	قَرَّحَ	قرح	فتحة	0	1
1400	جَبَّنَ	جبن	فتحة	0	1
1401	هَوَّزَ	هوز	فتحة	0	0
1402	هَبْهَبَ	هبهب	فتحة	0	1
1403	سَوَّدَ	سود	فتحة	0	1
1404	فَزَّعَ	فزع	فتحة	0	1
1405	نَطَّقَ	نطق	فتحة	0	1
1406	نَطَّلَ	نطل	فتحة	0	1
1407	فَرَّكَ	فرك	فتحة	0	1
1408	زَيَّقَ	زيق	فتحة	0	1
1409	بَرْمَجَ	برمج	فتحة	0	1
1410	لَوَّعَ	لوع	فتحة	0	1
1411	طَهَّرَ	طهر	فتحة	0	1
1412	هَرَّدَ	هرد	فتحة	0	1
1413	نَيَّرَ	نير	فتحة	0	1
1414	هَبَّبَ	هبب	فتحة	0	1
1415	دَلَّعَ	دلع	فتحة	0	1
1416	هَرَّفَ	هرف	فتحة	0	0
1417	هَرَّقَ	هرق	فتحة	0	1
1418	كَبَّرَ	كبر	فتحة	0	1
1419	نَوَّلَ	نول	فتحة	0	1
1420	هَجَّدَ	هجد	فتحة	0	1
1421	هَجَّرَ	هجر	فتحة	0	1
1422	هَبَّشَ	هبش	فتحة	0	1
1423	نَوَّنَ	نون	فتحة	0	1
1424	خَمَّسَ	خمس	فتحة	0	1
1425	شَعْشَعَ	شعشع	فتحة	0	1
1426	حَرَّكَ	حرك	فتحة	0	1
1427	هَمَّشَ	همش	فتحة	0	1
1428	هَمَّمَ	همم	فتحة	0	1
1429	خَوَّصَ	خوص	فتحة	0	1
1430	هَنْدَمَ	هندم	فتحة	0	1
1431	دَرْدَبَ	دردب	فتحة	0	0
1432	هَمَّدَ	همد	فتحة	0	1
1433	جَلَّدَ	جلد	فتحة	0	1
1434	وَزَّعَ	وزع	فتحة	0	1
1435	سَنَّجَ	سنج	فتحة	0	1
1436	وَسْوَسَ	وسوس	فتحة	0	1
1437	بَهْرَجَ	بهرج	فتحة	0	1
1438	وَخَّفَ	وخف	فتحة	0	1
1439	مَصْمَصَ	مصمص	فتحة	0	1
1440	وَثَّقَ	وثق	فتحة	0	1
1441	وَبَّخَ	وبخ	فتحة	0	1
1442	وَبَّشَ	وبش	فتحة	0	0
1443	زَرَّرَ	زرر	فتحة	0	1
1444	وَجَّبَ	وجب	فتحة	0	1
1445	عَمَّقَ	عمق	فتحة	0	1
1446	هَيَّلَ	هيل	فتحة	0	1
1447	هَشْهَشَ	هشهش	فتحة	0	1
1448	هَزَّعَ	هزع	فتحة	0	1
1449	هَزَّلَ	هزل	فتحة	0	1
1450	هَزَّمَ	هزم	فتحة	0	1
1451	هَلَّكَ	هلك	فتحة	0	1
1452	هَيْلَلَ	ه لل	فتحة	0	0
1453	سَلْطَنَ	سلطن	فتحة	0	1
1454	وَرَّفَ	ورف	فتحة	0	1
1455	بَرْقَشَ	برقش	فتحة	0	1
1456	وَرَّسَ	ورس	فتحة	0	1
1457	نَكَّتَ	نكت	فتحة	0	0
1458	ضَيَّعَ	ضيع	فتحة	0	1
1459	وَرَّمَ	ورم	فتحة	0	1
1460	خَرَّطَ	خرط	فتحة	0	1
1461	نَكَّصَ	نكص	فتحة	0	1
1462	نَقَّطَ	نقط	فتحة	0	1
1463	نَوَّرَ	نور	فتحة	0	1
1464	نَوْرَجَ	نورج	فتحة	0	0
1465	قَدَّمَ	قدم	فتحة	0	1
1466	نَمَّرَ	نمر	فتحة	0	1
1467	نَفَّخَ	نفخ	فتحة	0	1
1468	حَجَّلَ	حجل	فتحة	0	1
1469	لَفَّعَ	لفع	فتحة	0	1
1470	وَسَّمَ	وسم	فتحة	0	1
1471	وَخَّمَ	وخم	فتحة	0	1
1472	وَشَّقَ	وشق	فتحة	0	1
1473	عَكَّشَ	عكش	فتحة	0	0
1474	عَثَّرَ	عثر	فتحة	0	1
1475	وَشَّحَ	وشح	فتحة	0	1
1476	صَلَّحَ	صلح	فتحة	0	1
1477	وَحْوَحَ	وحوح	فتحة	0	0
1478	وَرَّعَ	ورع	فتحة	0	1
1479	وَذَّمَ	وذم	فتحة	0	1
1480	وَجَّهَ	وجه	فتحة	0	1
1481	سَرَّجَ	سرج	فتحة	0	1
1482	نَوَّمَ	نوم	فتحة	0	1
1483	مَغْمَغَ	مغمغ	فتحة	0	1
1484	فَوَّتَ	فوت	فتحة	0	1
1485	وَتَّرَ	وتر	فتحة	0	1
1486	مَرْحَبَ	رحب	فتحة	0	1
1487	قَرَّعَ	قرع	فتحة	0	1
1488	سَنَّمَ	سنم	فتحة	0	1
1489	قَضَّبَ	قضب	فتحة	0	1
1490	فَنَّدَ	فند	فتحة	0	1
1491	ثَمَّرَ	ثمر	فتحة	0	1
1492	قَبَّضَ	قبض	فتحة	0	1
1493	قَبَّلَ	قبل	فتحة	0	1
1494	خَشْخَشَ	خشخش	فتحة	0	1
1495	فَنَّنَ	فنن	فتحة	0	1
1496	نَكَّرَ	نكر	فتحة	0	1
1497	شَفَّعَ	شفع	فتحة	0	1
1498	قَبَّنَ	قبن	فتحة	0	1
1499	زَنَّرَ	زنر	فتحة	0	1
1500	فَصْفَصَ	فصفص	فتحة	0	1
1501	بَصَّرَ	بصر	فتحة	0	1
1502	جَزَّعَ	جزع	فتحة	0	1
1503	بَرْطَلَ	برطل	فتحة	0	1
1504	قَرَّطَ	قرط	فتحة	0	1
1505	لَسَّنَ	لسن	فتحة	0	1
1506	قَذَّذَ	قذذ	فتحة	0	1
1507	قَحَّبَ	قحب	فتحة	0	0
1508	قَرَّدَ	قرد	فتحة	0	1
1509	قَرَّسَ	قرس	فتحة	0	1
1510	بَغَّضَ	بغض	فتحة	0	1
1511	قَتَّتَ	قتت	فتحة	0	1
1512	حَلَّقَ	حلق	فتحة	0	1
1513	عَرَّفَ	عرف	فتحة	0	1
1514	سَمَّطَ	سمط	فتحة	0	1
1515	ثَقَّلَ	ثقل	فتحة	0	1
1516	عَتَّمَ	عتم	فتحة	0	1
1517	فَتَّشَ	فتش	فتحة	0	1
1518	ضَفَّرَ	ضفر	فتحة	0	1
1519	كَثَّبَ	كثب	فتحة	0	0
1520	غَيَّضَ	غيض	فتحة	0	1
1521	تَغَوَّطَ	غوط	فتحة	0	0
1522	قَرَّفَ	قرف	فتحة	0	1
1523	سَوَّسَ	سوس	فتحة	0	1
1524	قَلَّمَ	قلم	فتحة	0	1
1525	خَرْشَفَ	خرشف	فتحة	0	0
1526	رَزَّحَ	رزح	فتحة	0	1
1527	فَوَّقَ	فوق	فتحة	0	1
1528	عَطَّفَ	عطف	فتحة	0	1
1529	غَلَّبَ	غلب	فتحة	0	1
1530	هَوَّمَ	هوم	فتحة	0	0
1531	حَفَّلَ	حفل	فتحة	0	1
1532	قَرْمَدَ	قرمد	فتحة	0	1
1533	شَنَّجَ	شنج	فتحة	0	1
1534	فَرَّعَ	فرع	فتحة	0	1
1535	صَدَّعَ	صدع	فتحة	0	1
1536	سَكَّرَ	سكر	فتحة	0	1
1537	كَرَّزَ	كرز	فتحة	0	1
1538	قَمْطَرَ	قمطر	فتحة	0	1
1539	قَمَّمَ	قمم	فتحة	0	0
1540	قَنْبَلَ	قنبل	فتحة	0	1
1541	قَهْقَهَ	قهقه	فتحة	0	0
1542	كَتَّمَ	كتم	فتحة	0	1
1543	حَوْجَلَ	حجل	فتحة	0	0
1544	قَيَّلَ	قيل	فتحة	0	1
1545	قَوَّرَ	قور	فتحة	0	1
1546	جَهْوَرَ	جهور	فتحة	0	0
1547	سَنْبَلَ	سنبل	فتحة	0	0
1548	حَرَّزَ	حرز	فتحة	0	1
1549	قَرْفَصَ	قرفص	فتحة	0	0
1550	كَبَّبَ	كبب	فتحة	0	1
1551	كَثَّرَ	كثر	فتحة	0	1
1552	كَتَّبَ	كتب	فتحة	0	1
1553	جَسَّدَ	جسد	فتحة	0	1
1554	عَوَّجَ	عوج	فتحة	0	1
1555	كَرَّشَ	كرش	فتحة	0	1
1556	كَرَّمَ	كرم	فتحة	0	1
1557	كَبَّلَ	كبل	فتحة	0	1
1558	عَجَّزَ	عجز	فتحة	0	1
1559	قَنَّطَ	قنط	فتحة	0	1
1560	عَقْرَبَ	عقرب	فتحة	0	0
1561	ظَلَّلَ	ظلل	فتحة	0	1
1562	طَبَّخَ	طبخ	فتحة	0	1
1563	هَرْوَلَ	هرول	فتحة	0	0
1564	فَعَّمَ	فعم	فتحة	0	1
1565	فَصَّحَ	فصح	فتحة	0	1
1566	وَجَّنَ	وجن	فتحة	0	1
1567	فَرْقَعَ	فرقع	فتحة	0	1
1568	قَشْقَشَ	قشقش	فتحة	0	1
1569	تَوَّجَ	توج	فتحة	0	1
1570	عَمَّشَ	عمش	فتحة	0	1
1571	رَقَّصَ	رقص	فتحة	0	1
1572	لَزَّقَ	لزق	فتحة	0	1
1573	فَطَّحَ	فطح	فتحة	0	1
1574	جَمْجَمَ	جمجم	فتحة	0	1
1575	فَسَّحَ	فسح	فتحة	0	1
1576	خَرْبَشَ	خربش	فتحة	0	1
1577	غَشَّشَ	غشش	فتحة	0	1
1578	قَصَّبَ	قصب	فتحة	0	1
1579	ضَرَّسَ	ضرس	فتحة	0	1
1580	فَظَّعَ	فظع	فتحة	0	1
1581	فَقَّهَ	فقه	فتحة	0	1
1582	مَتَّنَ	متن	فتحة	0	1
1583	فَطَّرَ	فطر	فتحة	0	1
1584	فَلْفَلَ	فلفل	فتحة	0	1
1585	فَلَّحَ	فلح	فتحة	0	0
1586	رَشَّدَ	رشد	فتحة	0	1
1587	فَسْفَسَ	فسفس	فتحة	0	0
1588	قَحَّمَ	قحم	فتحة	0	1
1589	حَمَّرَ	حمر	فتحة	0	1
1590	كَلَّمَ	كلم	فتحة	0	1
1591	خَمَّنَ	خمن	فتحة	0	1
1592	سَفْسَفَ	سفسف	فتحة	0	1
1593	سَمَّدَ	سمد	فتحة	0	1
1594	قَرَّضَ	قرض	فتحة	0	1
1595	وَلَّجَ	ولج	فتحة	0	1
1596	دَمَّغَ	دمغ	فتحة	0	1
1597	ثَرَّبَ	ثرب	فتحة	0	1
1598	بَسْمَلَ	بسمل	فتحة	0	0
1599	هَرَّبَ	هرب	فتحة	0	1
1600	بَهَّتَ	بهت	فتحة	0	1
1601	قَمَّطَ	قمط	فتحة	0	1
1602	زَقْزَقَ	زقزق	فتحة	0	1
1603	خَدَّمَ	خدم	فتحة	0	1
1604	عَرَّقَ	عرق	فتحة	0	1
1605	طَقْطَقَ	طقطق	فتحة	0	1
1606	قَفْقَفَ	قفقف	فتحة	0	0
1607	مَرَّغَ	مرغ	فتحة	0	1
1608	دَخَّنَ	دخن	فتحة	0	1
1609	سَوَّرَ	سور	فتحة	0	1
1610	جَذَّرَ	جذر	فتحة	0	1
1611	لَفَّفَ	لفف	فتحة	0	1
1612	كَلْثَمَ	كلثم	فتحة	0	0
1613	فَطَّنَ	فطن	فتحة	0	1
1614	حَيَّنَ	حين	فتحة	0	1
1615	رَحَّمَ	رحم	فتحة	0	0
1616	جَذَّفَ	جذف	فتحة	0	1
1617	قَدَّرَ	قدر	فتحة	0	1
1618	قَشَّطَ	قشط	فتحة	0	1
1619	وَسَّلَ	وسل	فتحة	0	0
1620	هَجَّعَ	هجع	فتحة	0	0
1621	شَهَّرَ	شهر	فتحة	0	1
1622	بَجَّلَ	بجل	فتحة	0	1
1623	جَلْجَلَ	جلجل	فتحة	0	0
1624	لَهَّجَ	لهج	فتحة	0	1
1625	قَطْرَبَ	قطرب	فتحة	0	1
1626	قَلَّلَ	قلل	فتحة	0	1
1627	تَيَّمَ	تيم	فتحة	0	1
1628	حَنْظَلَ	حنظل	فتحة	0	0
1629	خَنْدَقَ	خندق	فتحة	0	0
1630	قَطَّرَ	قطر	فتحة	0	1
1631	حَوَّشَ	حوش	فتحة	0	1
1632	سَمَّكَ	سمك	فتحة	0	1
1633	دَمَّرَ	دمر	فتحة	0	1
1634	غَرْغَرَ	غرغر	فتحة	0	1
1635	طَيَّنَ	طين	فتحة	0	1
1636	حَيَّرَ	حير	فتحة	0	1
1637	كَسَّرَ	كسر	فتحة	0	1
1638	حَمَّمَ	حمم	فتحة	0	1
1639	صَمَّغَ	صمغ	فتحة	0	1
1640	قَطَّطَ	قطط	فتحة	0	1
1641	قَرَّشَ	قرش	فتحة	0	1
1642	كَسْكَسَ	كسكس	فتحة	0	1
1643	قَدَّحَ	قدح	فتحة	0	1
1644	غَلَّظَ	غلظ	فتحة	0	1
1645	فَتَّلَ	فتل	فتحة	0	1
1646	هَتَّرَ	هتر	فتحة	0	1
1647	تَكَوَّرَ	كور	فتحة	0	0
1648	حَدَّجَ	حدج	فتحة	0	1
1649	حَنَّنَ	حنن	فتحة	0	0
1650	عَوَّمَ	عوم	فتحة	0	1
1651	طَرَّزَ	طرز	فتحة	0	1
1652	حَسَّنَ	حسن	فتحة	0	1
1653	نَكَّدَ	نكد	فتحة	0	1
1654	سَرْوَلَ	سرول	فتحة	0	1
1655	قَسَّطَ	قسط	فتحة	0	1
1656	بَلْبَلَ	بلبل	فتحة	0	1
1657	دَعَّمَ	دعم	فتحة	0	1
1658	حَلَّلَ	حلل	فتحة	0	1
1659	بَلْعَمَ	بلعم	فتحة	0	1
1660	عَبَّدَ	عبد	فتحة	0	1
1661	خَثَّرَ	خثر	فتحة	0	1
1662	وَهَّدَ	وهد	فتحة	0	1
1663	سَمَّعَ	سمع	فتحة	0	1
1664	بَرَّدَ	برد	فتحة	0	1
1665	لَحَّنَ	لحن	فتحة	0	1
1666	شَمَّتَ	شمت	فتحة	0	1
1667	سَيْطَرَ	سيطر	فتحة	0	0
1668	خَلَّعَ	خلع	فتحة	0	1
1669	جَوَّلَ	جول	فتحة	0	1
1670	نَقَّحَ	نقح	فتحة	0	1
1671	نَمْنَمَ	نمنم	فتحة	0	1
1672	شَعَّبَ	شعب	فتحة	0	1
1673	قَشَّرَ	قشر	فتحة	0	1
1674	صَرْصَرَ	صرصر	فتحة	0	1
1675	لَعَّبَ	لعب	فتحة	0	1
1676	دَمَّمَ	دمم	فتحة	0	1
1677	لَدَّنَ	لدن	فتحة	0	1
1678	سَخَّفَ	سخف	فتحة	0	1
1679	قَوَّلَ	قول	فتحة	0	1
1680	قَطَّبَ	قطب	فتحة	0	1
1681	كَبَّشَ	كبش	فتحة	0	1
1682	مَحَّلَ	محل	فتحة	0	1
1683	جَفَّفَ	جفف	فتحة	0	1
1684	قَرَّظَ	قرظ	فتحة	0	1
1685	فَوَّهَ	فوه	فتحة	0	1
1686	خَلَّطَ	خلط	فتحة	0	1
1687	فَخَّذَ	فخذ	فتحة	0	1
1688	عَشَّبَ	عشب	فتحة	0	0
1689	نَوَّعَ	نوع	فتحة	0	1
1690	رَاجَعَ	رجع	فتحة	0	1
1691	رَاقَبَ	رقب	فتحة	0	1
1692	هَاوَشَ	هوش	فتحة	0	1
1693	حَافَرَ	حفر	فتحة	0	0
1694	لَاعَنَ	لعن	فتحة	0	1
1695	وَاثَبَ	وثب	فتحة	0	1
1696	نَافَثَ	نفث	فتحة	0	1
1697	عَاضَدَ	عضد	فتحة	0	1
1698	ضَاجَعَ	ضجع	فتحة	0	1
1699	قَارَنَ	قرن	فتحة	0	1
1700	سَافَحَ	سفح	فتحة	0	1
1701	نَابَلَ	نبل	فتحة	0	1
1702	سَالَمَ	سلم	فتحة	0	1
1703	رَافَقَ	رفق	فتحة	0	1
1704	زَايَدَ	زيد	فتحة	0	1
1705	سَاحَلَ	سحل	فتحة	0	1
1706	كَاشَحَ	كشح	فتحة	0	1
1707	سَافَرَ	سفر	فتحة	0	0
1708	نَاطَقَ	نطق	فتحة	0	1
1709	سَاقَطَ	سقط	فتحة	0	1
1710	سَابَعَ	سبع	فتحة	0	1
1711	صَادَرَ	صدر	فتحة	0	1
1712	مَاسَحَ	مسح	فتحة	0	1
1713	زَاهَقَ	زهق	فتحة	0	1
1714	زَاحَمَ	زحم	فتحة	0	1
1715	خَاتَنَ	ختن	فتحة	0	1
1716	عَالَجَ	علج	فتحة	0	1
1717	سَارَقَ	سرق	فتحة	0	1
1718	كَاتَمَ	كتم	فتحة	0	1
1719	غَايَبَ	غيب	فتحة	0	1
1720	بَالَغَ	بلغ	فتحة	0	0
1721	غَايَظَ	غيظ	فتحة	0	1
1722	حَادَثَ	حدث	فتحة	0	1
1723	مَازَجَ	مزج	فتحة	0	1
1724	زَامَنَ	زمن	فتحة	0	1
1725	حَاضَرَ	حضر	فتحة	0	1
1726	قَاسَحَ	قسح	فتحة	0	1
1727	سَانَدَ	سند	فتحة	0	1
1728	صَاوَلَ	صول	فتحة	0	1
1729	جَازَفَ	جزف	فتحة	0	0
1730	حَاسَبَ	حسب	فتحة	0	1
1731	دَارَسَ	درس	فتحة	0	1
1732	لَاكَزَ	لكز	فتحة	0	1
1733	بَادَلَ	بدل	فتحة	0	1
1734	سَابَقَ	سبق	فتحة	0	1
1735	رَامَحَ	رمح	فتحة	0	1
1736	بَاحَثَ	بحث	فتحة	0	1
1737	سَاوَفَ	سوف	فتحة	0	1
1738	ثَابَرَ	ثبر	فتحة	0	0
1739	وَاظَفَ	وظف	فتحة	0	1
1740	رَاوَحَ	روح	فتحة	0	1
1741	بَادَرَ	بدر	فتحة	0	1
1742	فَاخَرَ	فخر	فتحة	0	1
1743	بَاصَرَ	بصر	فتحة	0	1
1744	بَايَعَ	بيع	فتحة	0	1
1745	تَابَعَ	تبع	فتحة	0	1
1746	خَادَنَ	خدن	فتحة	0	1
1747	شَاتَمَ	شتم	فتحة	0	1
1748	ضَاحَكَ	ضحك	فتحة	0	1
1749	وَافَدَ	وفد	فتحة	0	1
1750	جَاوَبَ	جوب	فتحة	0	1
1751	حَابَسَ	حبس	فتحة	0	1
1752	نَاهَزَ	نهز	فتحة	0	1
1753	جَاهَرَ	جهر	فتحة	0	1
1754	شَارَفَ	شرف	فتحة	0	1
1755	سَامَرَ	سمر	فتحة	0	1
1756	بَارَزَ	برز	فتحة	0	1
1757	نَاضَلَ	نضل	فتحة	0	1
1758	كَايَدَ	كيد	فتحة	0	1
1759	جَامَلَ	جمل	فتحة	0	1
1760	جَانَبَ	جنب	فتحة	0	1
1761	فَاطَنَ	فطن	فتحة	0	1
1762	نَافَرَ	نفر	فتحة	0	1
1763	عَاوَصَ	عوص	فتحة	0	1
1764	مَانَحَ	منح	فتحة	0	1
1765	عَاصَرَ	عصر	فتحة	0	1
1766	مَاقَتَ	مقت	فتحة	0	1
1767	طَابَقَ	طبق	فتحة	0	1
1768	جَاذَبَ	جذب	فتحة	0	1
1769	صَافَقَ	صفق	فتحة	0	0
1770	جَاهَدَ	جهد	فتحة	0	1
1771	لَاصَقَ	لصق	فتحة	0	1
1772	سَاخَفَ	سخف	فتحة	0	1
1773	ثَامَنَ	ثمن	فتحة	0	0
1774	هَادَنَ	هدن	فتحة	0	1
1775	وَاكَبَ	وكب	فتحة	0	1
1776	بَارَحَ	برح	فتحة	0	1
1777	نَافَقَ	نفق	فتحة	0	0
1778	بَاغَتَ	بغت	فتحة	0	1
1779	هَاجَرَ	هجر	فتحة	0	1
1780	عَاقَبَ	عقب	فتحة	0	1
1781	عَايَنَ	عين	فتحة	0	1
1782	فَاسَخَ	فسخ	فتحة	0	1
1783	نَاهَدَ	نهد	فتحة	0	1
1784	طَاوَحَ	طوح	فتحة	0	1
1785	قَاحَلَ	قحل	فتحة	0	1
1786	دَاهَنَ	دهن	فتحة	0	1
1787	نَاسَخَ	نسخ	فتحة	0	1
1788	دَاوَلَ	دول	فتحة	0	1
1789	سَاوَمَ	سوم	فتحة	0	1
1790	ظَالَمَ	ظلم	فتحة	0	1
1791	هَازَلَ	هزل	فتحة	0	1
1792	قَابَضَ	قبض	فتحة	0	1
1793	رَافَعَ	رفع	فتحة	0	1
1794	طَارَدَ	طرد	فتحة	0	1
1795	كَاذَبَ	كذب	فتحة	0	1
1796	سَافَلَ	سفل	فتحة	0	1
1797	طَايَرَ	طير	فتحة	0	1
1798	وَاقَعَ	وقع	فتحة	0	1
1799	نَاغَمَ	نغم	فتحة	0	1
1800	نَادَمَ	ندم	فتحة	0	1
1801	فَارَقَ	فرق	فتحة	0	1
1802	جَانَسَ	جنس	فتحة	0	1
1803	فَاكَهَ	فكه	فتحة	0	1
1804	شَافَهَ	شفه	فتحة	0	1
1805	نَاقَشَ	نقش	فتحة	0	1
1806	فَاصَلَ	فصل	فتحة	0	1
1807	كَابَرَ	كبر	فتحة	0	1
1808	خَالَطَ	خلط	فتحة	0	1
1809	فَارَسَ	فرس	فتحة	0	1
1810	شَاهَدَ	شهد	فتحة	0	1
1811	وَاسَقَ	وسق	فتحة	0	1
1812	لَازَقَ	لزق	فتحة	0	1
1813	نَاقَدَ	نقد	فتحة	0	1
1814	بَاهَتَ	بهت	فتحة	0	1
1815	حَاذَرَ	حذر	فتحة	0	1
1816	سَايَرَ	سير	فتحة	0	1
1817	يَاوَمَ	يوم	فتحة	0	1
1818	شَاوَرَ	شور	فتحة	0	1
1819	شَاطَرَ	شطر	فتحة	0	1
1820	جَاوَرَ	جور	فتحة	0	1
1821	فَاتَحَ	فتح	فتحة	0	1
1822	لَابَسَ	لبس	فتحة	0	1
1823	كَاشَرَ	كشر	فتحة	0	1
1824	جَالَسَ	جلس	فتحة	0	1
1825	صَادَقَ	صدق	فتحة	0	1
1826	نَاصَبَ	نصب	فتحة	0	1
1827	هَايَطَ	هيط	فتحة	0	1
1828	قَارَحَ	قرح	فتحة	0	1
1829	زَاوَجَ	زوج	فتحة	0	0
1830	فَايَشَ	فيش	فتحة	0	1
1831	نَاعَمَ	نعم	فتحة	0	1
1832	خَاشَنَ	خشن	فتحة	0	1
1833	حَازَبَ	حزب	فتحة	0	1
1834	جَامَعَ	جمع	فتحة	0	1
1835	زَاوَلَ	زول	فتحة	0	1
1836	يَامَنَ	يمن	فتحة	0	0
1837	عَالَنَ	علن	فتحة	0	1
1838	كَالَحَ	كلح	فتحة	0	1
1839	بَاكَرَ	بكر	فتحة	0	1
1840	حَاكَمَ	حكم	فتحة	0	1
1841	شَاغَبَ	شغب	فتحة	0	1
1842	نَاشَدَ	نشد	فتحة	0	1
1843	عَاطَشَ	عطش	فتحة	0	1
1844	لَاعَجَ	لعج	فتحة	0	1
1845	شَارَسَ	شرس	فتحة	0	1
1846	وَارَدَ	ورد	فتحة	0	1
1847	خَافَتَ	خفت	فتحة	0	1
1848	رَافَدَ	رفد	فتحة	0	1
1849	عَامَلَ	عمل	فتحة	0	1
1850	قَارَبَ	قرب	فتحة	0	1
1851	خَالَسَ	خلس	فتحة	0	1
1852	طَارَحَ	طرح	فتحة	0	1
1853	عَاشَرَ	عشر	فتحة	0	1
1854	خَالَجَ	خلج	فتحة	0	1
1855	نَاصَرَ	نصر	فتحة	0	1
1856	رَاقَصَ	رقص	فتحة	0	1
1857	سَايَفَ	سيف	فتحة	0	1
1858	سَايَلَ	سيل	فتحة	0	1
1859	شَانَقَ	شنق	فتحة	0	1
1860	شَاعَبَ	شعب	فتحة	0	1
1861	شَاجَرَ	شجر	فتحة	0	1
1862	صَانَعَ	صنع	فتحة	0	1
1863	صَارَمَ	صرم	فتحة	0	1
1864	شَاغَرَ	شغر	فتحة	0	1
1865	صَالَحَ	صلح	فتحة	0	1
1866	خَاذَلَ	خذل	فتحة	0	1
1867	خَامَرَ	خمر	فتحة	0	1
1868	خَاتَلَ	ختل	فتحة	0	1
1869	خَاصَرَ	خصر	فتحة	0	1
1870	دَاغَشَ	دغش	فتحة	0	1
1871	كَالَمَ	كلم	فتحة	0	1
1872	شَارَكَ	شرك	فتحة	0	1
1873	سَامَحَ	سمح	فتحة	0	1
1874	رَابَطَ	ربط	فتحة	0	0
1875	شَارَطَ	شرط	فتحة	0	1
1876	رَاهَنَ	رهن	فتحة	0	0
1877	رَامَقَ	رمق	فتحة	0	1
1878	زَاخَرَ	زخر	فتحة	0	1
1879	رَاوَدَ	رود	فتحة	0	1
1880	رَاكَلَ	ركل	فتحة	0	1
1881	كَايَلَ	كيل	فتحة	0	1
1882	زَاحَفَ	زحف	فتحة	0	1
1883	رَاشَقَ	رشق	فتحة	0	1
1884	زَامَلَ	زمل	فتحة	0	1
1885	رَاهَقَ	رهق	فتحة	0	0
1886	صَاعَبَ	صعب	فتحة	0	1
1887	صَافَحَ	صفح	فتحة	0	1
1888	مَاحَكَ	محك	فتحة	0	1
1889	صَايَفَ	صيف	فتحة	0	1
1890	طَاعَمَ	طعم	فتحة	0	1
1891	صَابَرَ	صبر	فتحة	0	1
1892	صَادَمَ	صدم	فتحة	0	1
1893	صَايَحَ	صيح	فتحة	0	1
1894	هَايَجَ	هيج	فتحة	0	1
1895	صَادَفَ	صدف	فتحة	0	1
1896	عَارَمَ	عرم	فتحة	0	1
1897	كَافَرَ	كفر	فتحة	0	1
1898	رَاصَدَ	رصد	فتحة	0	1
1899	خَاطَرَ	خطر	فتحة	0	0
1900	وَابَلَ	وبل	فتحة	0	1
1901	تَاخَمَ	تخم	فتحة	0	1
1902	دَارَكَ	درك	فتحة	0	1
1903	دَابَرَ	دبر	فتحة	0	1
1904	نَاجَزَ	نجز	فتحة	0	1
1905	دَاعَكَ	دعك	فتحة	0	1
1906	طَالَبَ	طلب	فتحة	0	1
1907	حَاسَنَ	حسن	فتحة	0	1
1908	طَالَعَ	طلع	فتحة	0	1
1909	وَاكَفَ	وكف	فتحة	0	1
1910	فَارَزَ	فرز	فتحة	0	1
1911	صَاخَبَ	صخب	فتحة	0	1
1912	عَاقَرَ	عقر	فتحة	0	1
1913	زَايَلَ	زيل	فتحة	0	1
1914	لَايَنَ	لين	فتحة	0	1
1915	صَارَحَ	صرح	فتحة	0	1
1916	دَافَعَ	دفع	فتحة	0	1
1917	دَامَجَ	دمج	فتحة	0	1
1918	قَاضَمَ	قضم	فتحة	0	0
1919	دَالَسَ	دلس	فتحة	0	1
1920	دَاهَرَ	دهر	فتحة	0	1
1921	نَاقَرَ	نقر	فتحة	0	1
1922	هَاتَرَ	هتر	فتحة	0	1
1923	دَالَكَ	دلك	فتحة	0	1
1924	دَاعَسَ	دعس	فتحة	0	1
1925	خَابَرَ	خبر	فتحة	0	1
1926	ذَاكَرَ	ذكر	فتحة	0	1
1927	حَالَفَ	حلف	فتحة	0	1
1928	ذَاهَنَ	ذهن	فتحة	0	1
1929	حَالَبَ	حلب	فتحة	0	1
1930	خَايَرَ	خير	فتحة	0	1
1931	هَاجَمَ	هجم	فتحة	0	1
1932	دَاوَرَ	دور	فتحة	0	1
1933	دَامَسَ	دمس	فتحة	0	1
1934	خَالَصَ	خلص	فتحة	0	1
1935	نَاهَضَ	نهض	فتحة	0	1
1936	قَارَفَ	قرف	فتحة	0	1
1937	قَاتَلَ	قتل	فتحة	0	1
1938	قَاسَمَ	قسم	فتحة	0	1
1939	قَايَسَ	قيس	فتحة	0	1
1940	قَارَضَ	قرض	فتحة	0	1
1941	وَاجَلَ	وجل	فتحة	0	1
1942	وَافَقَ	وفق	فتحة	0	1
1943	كَاهَلَ	كهل	فتحة	0	0
1944	نَاصَحَ	نصح	فتحة	0	1
1945	عَارَضَ	عرض	فتحة	0	1
1946	جَاوَزَ	جوز	فتحة	0	1
1947	عَاقَلَ	عقل	فتحة	0	1
1948	عَاسَرَ	عسر	فتحة	0	1
1949	قَايَضَ	قيض	فتحة	0	1
1950	قَامَرَ	قمر	فتحة	0	1
1951	كَاتَبَ	كتب	فتحة	0	1
1952	كَابَدَ	كبد	فتحة	0	1
1953	قَارَعَ	قرع	فتحة	0	1
1954	سَاجَلَ	سجل	فتحة	0	1
1955	ضَارَعَ	ضرع	فتحة	0	1
1956	وَاكَلَ	وكل	فتحة	0	0
1957	ضَاغَطَ	ضغط	فتحة	0	1
1958	غَامَسَ	غمس	فتحة	0	1
1959	قَاوَلَ	قول	فتحة	0	1
1960	شَايَعَ	شيع	فتحة	0	1
1961	خَاصَمَ	خصم	فتحة	0	1
1962	سَانَحَ	سنح	فتحة	0	0
1963	سَاعَدَ	سعد	فتحة	0	1
1964	نَافَحَ	نفح	فتحة	0	1
1965	رَاجَمَ	رجم	فتحة	0	1
1966	بَاهَرَ	بهر	فتحة	0	1
1967	رَادَفَ	ردف	فتحة	0	1
1968	سَاوَطَ	سوط	فتحة	0	1
1969	نَاظَرَ	نظر	فتحة	0	1
1970	وَاطَنَ	وطن	فتحة	0	1
1971	شَابَكَ	شبك	فتحة	0	1
1972	غَازَلَ	غزل	فتحة	0	1
1973	عَاوَمَ	عوم	فتحة	0	1
1974	نَافَدَ	نفد	فتحة	0	1
1975	عَانَدَ	عند	فتحة	0	1
1976	عَاوَرَ	عور	فتحة	0	1
1977	شَاهَرَ	شهر	فتحة	0	1
1978	فَاجَرَ	فجر	فتحة	0	1
1979	فَاضَلَ	فضل	فتحة	0	1
1980	قَابَلَ	قبل	فتحة	0	1
1981	وَاعَدَ	وعد	فتحة	0	1
1982	غَارَقَ	غرق	فتحة	0	1
1983	وَاغَدَ	وغد	فتحة	0	1
1984	بَاشَرَ	بشر	فتحة	0	1
1985	عَايَشَ	عيش	فتحة	0	1
1986	عَاوَدَ	عود	فتحة	0	1
1987	عَاهَرَ	عهر	فتحة	0	1
1988	عَاوَنَ	عون	فتحة	0	1
1989	غَاضَبَ	غضب	فتحة	0	1
1990	ضَافَرَ	ضفر	فتحة	0	1
1991	ضَاغَنَ	ضغن	فتحة	0	1
1992	ضَارَبَ	ضرب	فتحة	0	1
1993	مَازَحَ	مزح	فتحة	0	1
1994	عَاظَلَ	عظل	فتحة	0	1
1995	عَادَلَ	عدل	فتحة	0	1
1996	ظَاهَرَ	ظهر	فتحة	0	1
1997	عَالَمَ	علم	فتحة	0	1
1998	عَاكَفَ	عكف	فتحة	0	1
1999	فَارَضَ	فرض	فتحة	0	1
2000	طَاعَنَ	طعن	فتحة	0	1
2001	فَاتَكَ	فتك	فتحة	0	1
2002	فَارَعَ	فرع	فتحة	0	1
2003	قَادَرَ	قدر	فتحة	0	1
2004	طَاوَعَ	طوع	فتحة	0	1
2005	ضَارَسَ	ضرس	فتحة	0	1
2006	طَايَبَ	طيب	فتحة	0	1
2007	طَاوَلَ	طول	فتحة	0	1
2008	تَاجَرَ	تجر	فتحة	0	0
2009	فَارَطَ	فرط	فتحة	0	1
2010	نَامَسَ	نمس	فتحة	0	0
2011	قَارَصَ	قرص	فتحة	0	1
2012	شَاحَنَ	شحن	فتحة	0	1
2013	وَاقَفَ	وقف	فتحة	0	1
2014	خَاطَبَ	خطب	فتحة	0	1
2015	نَاصَفَ	نصف	فتحة	0	1
2016	سَاهَمَ	سهم	فتحة	0	1
2017	خَاضَعَ	خضع	فتحة	0	1
2018	مَاطَلَ	مطل	فتحة	0	1
2019	نَاسَبَ	نسب	فتحة	0	1
2020	وَاجَبَ	وجب	فتحة	0	1
2021	كَالَبَ	كلب	فتحة	0	1
2022	دَاعَبَ	دعب	فتحة	0	1
2023	فَاقَهَ	فقه	فتحة	0	1
2024	بَاسَطَ	بسط	فتحة	0	1
2025	وَامَقَ	ومق	فتحة	0	1
2026	نَاوَبَ	نوب	فتحة	0	1
2027	حَاوَرَ	حور	فتحة	0	1
2028	مَاكَرَ	مكر	فتحة	0	1
2029	سَافَهَ	سفه	فتحة	0	1
2030	شَاجَعَ	شجع	فتحة	0	1
2031	رَاجَحَ	رجح	فتحة	0	1
2032	لَاطَمَ	لطم	فتحة	0	1
2033	حَايَدَ	حيد	فتحة	0	1
2034	رَاكَضَ	ركض	فتحة	0	1
2035	رَاوَغَ	روغ	فتحة	0	1
2036	قَالَعَ	قلع	فتحة	0	0
2037	قَاوَمَ	قوم	فتحة	0	1
2038	حَافَظَ	حفظ	فتحة	0	0
2039	خَادَعَ	خدع	فتحة	0	1
2040	غَايَرَ	غير	فتحة	0	1
2041	عَاقَدَ	عقد	فتحة	0	1
2042	عَاكَسَ	عكس	فتحة	0	1
2043	سَاوَدَ	سود	فتحة	0	1
2044	حَاوَلَ	حول	فتحة	0	1
2045	نَازَعَ	نزع	فتحة	0	1
2046	دَاخَلَ	دخل	فتحة	0	1
2047	جَاهَلَ	جهل	فتحة	0	1
2048	بَاعَدَ	بعد	فتحة	0	1
2049	قَاهَرَ	قهر	فتحة	0	1
2050	عَاوَضَ	عوض	فتحة	0	1
2051	شَارَبَ	شرب	فتحة	0	1
2052	عَاجَلَ	عجل	فتحة	0	1
2053	وَازَرَ	وزر	فتحة	0	1
2054	عَاهَدَ	عهد	فتحة	0	1
2055	صَاهَرَ	صهر	فتحة	0	1
2056	ثَاقَفَ	ثقف	فتحة	0	1
2057	كَارَمَ	كرم	فتحة	0	1
2058	فَاسَدَ	فسد	فتحة	0	1
2059	سَاهَلَ	سهل	فتحة	0	1
2060	رَاسَلَ	رسل	فتحة	0	1
2061	جَادَلَ	جدل	فتحة	0	1
2062	مَاجَدَ	مجد	فتحة	0	1
2063	هَاوَنَ	هون	فتحة	0	1
2064	جَاوَدَ	جود	فتحة	0	1
2065	سَاوَرَ	سور	فتحة	0	1
2066	غَادَرَ	غدر	فتحة	0	1
2067	هَامَسَ	همس	فتحة	0	1
2068	وَارَبَ	ورب	فتحة	0	1
2069	وَاخَمَ	وخم	فتحة	0	1
2070	سَارَعَ	سرع	فتحة	0	0
2071	شَاعَرَ	شعر	فتحة	0	1
2072	نَاقَلَ	نقل	فتحة	0	1
2073	جَابَهَ	جبه	فتحة	0	1
2074	كَانَفَ	كنف	فتحة	0	1
2075	فَاوَضَ	فوض	فتحة	0	1
2076	رَاحَلَ	رحل	فتحة	0	1
2077	خَالَعَ	خلع	فتحة	0	1
2078	وَاظَبَ	وظب	فتحة	0	1
2079	ضَايَقَ	ضيق	فتحة	0	1
2080	سَاهَرَ	سهر	فتحة	0	1
2081	عَايَرَ	عير	فتحة	0	1
2082	لَاسَنَ	لسن	فتحة	0	1
2083	كَافَحَ	كفح	فتحة	0	1
2084	لَاطَفَ	لطف	فتحة	0	1
2085	لَاعَبَ	لعب	فتحة	0	1
2086	كَافَلَ	كفل	فتحة	0	1
2087	مَالَقَ	ملق	فتحة	0	1
2088	مَاكَسَ	مكس	فتحة	0	1
2089	كَاشَفَ	كشف	فتحة	0	1
2090	لَاكَمَ	لكم	فتحة	0	1
2091	نَاقَسَ	نقس	فتحة	0	1
2092	نَاوَرَ	نور	فتحة	0	1
2093	هَاذَبَ	هذب	فتحة	0	0
2094	نَاكَدَ	نكد	فتحة	0	1
2095	نَاوَشَ	نوش	فتحة	0	1
2096	لَاحَنَ	لحن	فتحة	0	1
2097	لَاحَظَ	لحظ	فتحة	0	1
2098	عَاتَبَ	عتب	فتحة	0	1
2099	لَاحَمَ	لحم	فتحة	0	1
2100	لَاحَفَ	لحف	فتحة	0	1
2101	كَاسَحَ	كسح	فتحة	0	1
2102	مَاحَلَ	محل	فتحة	0	1
2103	بَارَكَ	برك	فتحة	0	1
2104	لَاحَقَ	لحق	فتحة	0	1
2105	خَايَلَ	خيل	فتحة	0	1
2106	قَايَظَ	قيظ	فتحة	0	1
2107	نَاجَدَ	نجد	فتحة	0	1
2108	دَاهَمَ	دهم	فتحة	0	1
2109	مَانَعَ	منع	فتحة	0	1
2110	مَاهَرَ	مهر	فتحة	0	1
2111	مَالَحَ	ملح	فتحة	0	1
2112	نَابَذَ	نبذ	فتحة	0	1
2113	مَاثَلَ	مثل	فتحة	0	1
2114	مَارَسَ	مرس	فتحة	0	1
2115	مَاحَضَ	محض	فتحة	0	1
2116	لَامَحَ	لمح	فتحة	0	1
2117	لَامَسَ	لمس	فتحة	0	1
2118	وَاجَهَ	وجه	فتحة	0	1
2119	نَاطَحَ	نطح	فتحة	0	0
2120	صَارَفَ	صرف	فتحة	0	1
2121	نَاهَبَ	نهب	فتحة	0	1
2122	سَاعَفَ	سعف	فتحة	0	1
2123	عَارَكَ	عرك	فتحة	0	1
2124	وَاشَكَ	وشك	فتحة	0	0
2125	صَاحَبَ	صحب	فتحة	0	1
2126	رَاضَعَ	رضع	فتحة	0	1
2127	لَازَمَ	لزم	فتحة	0	1
2128	حَارَبَ	حرب	فتحة	0	1
2129	صَارَعَ	صرع	فتحة	0	1
2130	شَاكَسَ	شكس	فتحة	0	1
2131	دَايَنَ	دين	فتحة	0	1
2132	نَاقَضَ	نقض	فتحة	0	1
2133	عَايَدَ	عيد	فتحة	0	1
2134	جَابَلَ	جبل	فتحة	0	0
2135	شَابَهَ	شبه	فتحة	0	1
2136	نَاسَمَ	نسم	فتحة	0	1
2137	نَاشَبَ	نشب	فتحة	0	1
2138	نَاسَقَ	نسق	فتحة	0	0
2139	نَازَلَ	نزل	فتحة	0	1
2140	خَالَقَ	خلق	فتحة	0	1
2141	هَامَرَ	همر	فتحة	0	1
2142	هَاوَدَ	هود	فتحة	0	1
2143	هَاجَسَ	هجس	فتحة	0	1
2144	نَاوَلَ	نول	فتحة	0	1
2145	ضَاعَفَ	ضعف	فتحة	0	1
2146	قَاذَعَ	قذع	فتحة	0	1
2147	سَاتَرَ	ستر	فتحة	0	1
2148	رَابَعَ	ربع	فتحة	0	1
2149	عَانَقَ	عنق	فتحة	0	1
2150	نَافَذَ	نفذ	فتحة	0	1
2151	نَافَسَ	نفس	فتحة	0	1
2152	نَاضَحَ	نضح	فتحة	0	0
2153	نَاقَبَ	نقب	فتحة	0	1
2154	وَاتَرَ	وتر	فتحة	0	1
2155	نَاحَرَ	نحر	فتحة	0	1
2156	وَاهَبَ	وهب	فتحة	0	1
2157	سَاكَنَ	سكن	فتحة	0	1
2158	وَازَنَ	وزن	فتحة	0	1
2159	رَاطَنَ	رطن	فتحة	0	1
2160	زَارَعَ	زرع	فتحة	0	1
2161	يَاسَرَ	يسر	فتحة	0	1
2162	وَاحَلَ	وحل	فتحة	0	1
2163	وَاثَقَ	وثق	فتحة	0	1
2164	وَاصَلَ	وصل	فتحة	0	1
2165	خَالَفَ	خلف	فتحة	0	1
2166	رَابَحَ	ربح	فتحة	0	1
2167	دَاجَنَ	دجن	فتحة	0	1
2168	قَاطَعَ	قطع	فتحة	0	1
2169	غَالَطَ	غلط	فتحة	0	1
2170	وَاسَمَ	وسم	فتحة	0	1
2171	وَاصَبَ	وصب	فتحة	0	0
2172	وَارَعَ	ورع	فتحة	0	1
2173	شَاكَلَ	شكل	فتحة	0	1
2174	وَارَقَ	ورق	فتحة	0	1
2175	وَادَعَ	ودع	فتحة	0	1
2176	وَالَفَ	ولف	فتحة	0	1
2177	دَاوَمَ	دوم	فتحة	0	1
2178	حَاصَرَ	حصر	فتحة	0	1
2179	عَاجَزَ	عجز	فتحة	0	1
2180	أَغْضَنَ	غضن	فتحة	0	0
2181	أَعْمَلَ	عمل	فتحة	0	1
2182	أَعْلَنَ	علن	فتحة	0	1
2183	أَعْسَرَ	عسر	فتحة	0	1
2184	أَنْجَبَ	نجب	فتحة	0	0
2185	أَغْمَدَ	غمد	فتحة	0	1
2186	أَغْبَرَ	غبر	فتحة	0	0
2187	أَخْطَرَ	خطر	فتحة	0	1
2188	أَعْلَمَ	علم	فتحة	0	1
2189	أَظْلَمَ	ظلم	فتحة	0	1
2190	أَرْشَدَ	رشد	فتحة	0	1
2191	أَدْعَثَ	دعث	فتحة	0	1
2192	أَعْتَقَ	عتق	فتحة	0	1
2193	أَعْجَمَ	عجم	فتحة	0	1
2194	أَعْدَلَ	عدل	فتحة	0	1
2195	أَدْعَسَ	دعس	فتحة	0	1
2196	أَغْلَظَ	غلظ	فتحة	0	1
2197	أَخْنَعَ	خنع	فتحة	0	1
2198	أَغْسَقَ	غسق	فتحة	0	0
2199	أَغْصَنَ	غصن	فتحة	0	0
2200	أَغْرَدَ	غرد	فتحة	0	1
2201	أَسْنَدَ	سند	فتحة	0	1
2202	أَدْلَجَ	دلج	فتحة	0	0
2203	أَخْيَلَ	خيل	فتحة	0	1
2204	أَسْلَكَ	سلك	فتحة	0	1
2205	أَشْرَقَ	شرق	فتحة	0	1
2206	أَشْنَقَ	شنق	فتحة	0	1
2207	أَضْمَرَ	ضمر	فتحة	0	1
2208	أَطْبَقَ	طبق	فتحة	0	1
2209	أَظْفَرَ	ظفر	فتحة	0	1
2210	أَشْرَعَ	شرع	فتحة	0	1
2211	أَطْرَفَ	طرف	فتحة	0	1
2212	أَطْعَمَ	طعم	فتحة	0	1
2213	أَشْكَرَ	شكر	فتحة	0	0
2214	أَشْكَلَ	شكل	فتحة	0	1
2215	أَشْمَتَ	شمت	فتحة	0	1
2216	أَغْفَلَ	غفل	فتحة	0	1
2217	أَعْمَرَ	عمر	فتحة	0	1
2218	أَعْوَزَ	عوز	فتحة	0	1
2219	أَسْهَلَ	سهل	فتحة	0	1
2220	أَشْحَذَ	شحذ	فتحة	0	1
2221	أَسْلَفَ	سلف	فتحة	0	1
2222	أَخْضَعَ	خضع	فتحة	0	1
2223	أَخْدَعَ	خدع	فتحة	0	1
2224	أَقْشَعَ	قشع	فتحة	0	1
2225	أَرْجَعَ	رجع	فتحة	0	1
2226	أَحْكَمَ	حكم	فتحة	0	1
2227	أَسْرَفَ	سرف	فتحة	0	1
2228	أَسْمَعَ	سمع	فتحة	0	1
2229	أَزْلَفَ	زلف	فتحة	0	1
2230	أَسْدَلَ	سدل	فتحة	0	1
2231	أَرْصَدَ	رصد	فتحة	0	1
2232	أَذْبَلَ	ذبل	فتحة	0	1
2233	أَذْعَنَ	ذعن	فتحة	0	0
2234	أَعْمَدَ	عمد	فتحة	0	1
2235	أَزْمَعَ	زمع	فتحة	0	1
2236	أَسْخَطَ	سخط	فتحة	0	1
2237	أَرْغَدَ	رغد	فتحة	0	1
2238	أَرْسَخَ	رسخ	فتحة	0	1
2239	أَكْفَلَ	كفل	فتحة	0	1
2240	أَسْقَطَ	سقط	فتحة	0	1
2241	أَجْلَسَ	جلس	فتحة	0	1
2242	أَرْبَكَ	ربك	فتحة	0	1
2243	أَخْبَثَ	خبث	فتحة	0	1
2244	أَسْبَعَ	سبع	فتحة	0	1
2245	أَرْمَسَ	رمس	فتحة	0	1
2246	أَدْمَلَ	دمل	فتحة	0	1
2247	أَسْلَبَ	سلب	فتحة	0	0
2248	أَسْكَنَ	سكن	فتحة	0	1
2249	أَرْعَشَ	رعش	فتحة	0	1
2250	أَرْطَبَ	رطب	فتحة	0	1
2251	أَسْرَعَ	سرع	فتحة	0	1
2252	أَعْشَرَ	عشر	فتحة	0	1
2253	أَرْفَلَ	رفل	فتحة	0	1
2254	أَوْحَشَ	وحش	فتحة	0	1
2255	أَرْنَقَ	رنق	فتحة	0	1
2256	أَعْكَرَ	عكر	فتحة	0	1
2257	أَعْجَبَ	عجب	فتحة	0	1
2258	أَوْجَدَ	وجد	فتحة	0	1
2259	أَعْطَشَ	عطش	فتحة	0	1
2260	أَعْرَجَ	عرج	فتحة	0	1
2261	أَعْقَلَ	عقل	فتحة	0	1
2262	أَرْسَلَ	رسل	فتحة	0	1
2263	أَرْعَدَ	رعد	فتحة	0	1
2264	أَطْلَعَ	طلع	فتحة	0	1
2265	أَفْرَغَ	فرغ	فتحة	0	1
2266	أَرْخَفَ	رخف	فتحة	0	1
2267	أَرْفَهَ	رفه	فتحة	0	1
2268	أَرْجَفَ	رجف	فتحة	0	1
2269	أَخْثَرَ	خثر	فتحة	0	1
2270	أَرْكَنَ	ركن	فتحة	0	0
2271	أَزْهَرَ	زهر	فتحة	0	1
2272	أَرْضَعَ	رضع	فتحة	0	1
2273	أَزْحَفَ	زحف	فتحة	0	1
2274	أَغْرَسَ	غرس	فتحة	0	1
2275	أَكْعَبَ	كعب	فتحة	0	0
2276	أَنْقَذَ	نقذ	فتحة	0	1
2277	أَوْزَرَ	وزر	فتحة	0	1
2278	أَلْصَقَ	لصق	فتحة	0	1
2279	أَغْلَقَ	غلق	فتحة	0	1
2280	أَفْلَحَ	فلح	فتحة	0	0
2281	أَوْصَدَ	وصد	فتحة	0	1
2282	أَغْطَشَ	غطش	فتحة	0	1
2283	أَصْحَبَ	صحب	فتحة	0	1
2284	أَهْرَفَ	هرف	فتحة	0	0
2285	أَوْعَكَ	وعك	فتحة	0	1
2286	أَخْلَفَ	خلف	فتحة	0	1
2287	أَسْرَدَ	سرد	فتحة	0	1
2288	أَشْعَرَ	شعر	فتحة	0	1
2289	أَجْذَلَ	جذل	فتحة	0	1
2290	أَنْهَبَ	نهب	فتحة	0	1
2291	أَسْلَحَ	سلح	فتحة	0	1
2292	أَشْبَعَ	شبع	فتحة	0	1
2293	أَجْدَرَ	جدر	فتحة	0	0
2294	أَنْزَفَ	نزف	فتحة	0	1
2295	أَدْرَجَ	درج	فتحة	0	1
2296	أَدْلَفَ	دلف	فتحة	0	1
2297	أَنْكَحَ	نكح	فتحة	0	1
2298	أَحْزَنَ	حزن	فتحة	0	1
2299	أَلْعَبَ	لعب	فتحة	0	1
2300	أَحْبَلَ	حبل	فتحة	0	1
2301	أَجْوَدَ	جود	فتحة	0	1
2302	أَجْهَدَ	جهد	فتحة	0	1
2303	أَحْرَزَ	حرز	فتحة	0	1
2304	أَمْرَضَ	مرض	فتحة	0	1
2305	أَجْمَعَ	جمع	فتحة	0	1
2306	أَرْكَبَ	ركب	فتحة	0	1
2307	أَدْسَمَ	دسم	فتحة	0	1
2308	أَجْرَمَ	جرم	فتحة	0	0
2309	أَثْغَرَ	ثغ ر	فتحة	0	0
2310	أَمْضَغَ	مضغ	فتحة	0	1
2311	أَفْرَعَ	فرع	فتحة	0	1
2312	أَعْصَرَ	عصر	فتحة	0	0
2313	أَزْمَنَ	زمن	فتحة	0	1
2314	أَهْجَمَ	هجم	فتحة	0	1
2315	أَجْلَبَ	جلب	فتحة	0	0
2316	أَقْسَمَ	قسم	فتحة	0	0
2317	أَلْحَقَ	لحق	فتحة	0	1
2318	أَحْصَنَ	حصن	فتحة	0	1
2319	أَرْحَبَ	رحب	فتحة	0	1
2320	أَوْرَفَ	ورف	فتحة	0	0
2321	أَزْبَدَ	زبد	فتحة	0	0
2322	أَرْمَشَ	رمش	فتحة	0	0
2323	أَنْصَتَ	نصت	فتحة	0	1
2324	أَظْهَرَ	ظهر	فتحة	0	1
2325	أَسْكَرَ	سكر	فتحة	0	1
2326	أَكْرَمَ	كرم	فتحة	0	1
2327	أَقْتَمَ	قتم	فتحة	0	0
2328	أَفْضَلَ	فضل	فتحة	0	0
2329	أَصْبَحَ	صبح	فتحة	0	0
2330	أَتْلَفَ	تلف	فتحة	0	1
2331	أَجْهَضَ	جهض	فتحة	0	1
2332	أَسْبَحَ	سبح	فتحة	0	1
2333	أَصْلَحَ	صلح	فتحة	0	1
2334	أَصْحَرَ	صحر	فتحة	0	1
2335	أَصْدَرَ	صدر	فتحة	0	1
2336	أَطْرَبَ	طرب	فتحة	0	1
2337	أَطْلَحَ	طلح	فتحة	0	1
2338	أَغْزَلَ	غزل	فتحة	0	0
2339	أَكْلَفَ	كلف	فتحة	0	1
2340	أَقْنَطَ	قنط	فتحة	0	1
2341	أَضْحَكَ	ضحك	فتحة	0	1
2342	أَضْرَمَ	ضرم	فتحة	0	1
2343	أَضْعَفَ	ضعف	فتحة	0	1
2344	أَطْلَقَ	طلق	فتحة	0	1
2345	أَخْرَجَ	خرج	فتحة	0	1
2346	أَنْبَطَ	نبط	فتحة	0	1
2347	أَنْشَبَ	نشب	فتحة	0	1
2348	أَنْفَقَ	نفق	فتحة	0	1
2349	أَنْفَضَ	نفض	فتحة	0	1
2350	أَدْحَضَ	دحض	فتحة	0	1
2351	أَجْمَلَ	جمل	فتحة	0	1
2352	أَبْهَرَ	بهر	فتحة	0	1
2353	أَذْهَلَ	ذهل	فتحة	0	1
2354	أَوْثَفَ	وثف	فتحة	0	1
2355	أَتْرَفَ	ترف	فتحة	0	1
2356	أَهْرَجَ	هرج	فتحة	0	1
2357	أَوْفَدَ	وفد	فتحة	0	1
2358	أَلْقَحَ	لقح	فتحة	0	1
2359	أَصْبَغَ	صبغ	فتحة	0	1
2360	أَكْذَبَ	كذب	فتحة	0	1
2361	أَطْنَبَ	طنب	فتحة	0	0
2362	أَجْبَرَ	جبر	فتحة	0	1
2363	أَرْقَدَ	رقد	فتحة	0	1
2364	أَحْوَجَ	حوج	فتحة	0	1
2365	أَجْفَلَ	جفل	فتحة	0	0
2366	أَهْمَلَ	همل	فتحة	0	1
2367	أَوْفَرَ	وفر	فتحة	0	1
2368	أَجْهَرَ	جهر	فتحة	0	1
2369	أَجْدَبَ	جدب	فتحة	0	0
2370	أَحْبَسَ	حبس	فتحة	0	1
2371	أَوْزَعَ	وزع	فتحة	0	1
2372	أَغْرَمَ	غرم	فتحة	0	1
2373	أَنْهَرَ	نهر	فتحة	0	1
2374	أَرْهَفَ	رهف	فتحة	0	1
2375	أَرْفَقَ	رفق	فتحة	0	1
2376	أَنْقَلَ	نقل	فتحة	0	1
2377	أَكْلَحَ	كلح	فتحة	0	1
2378	أَقْبَحَ	قبح	فتحة	0	0
2379	أَنْشَقَ	نشق	فتحة	0	1
2380	أَجْنَبَ	جنب	فتحة	0	0
2381	أَغْبَشَ	غ بش	فتحة	0	0
2382	أَرْشَحَ	رشح	فتحة	0	1
2383	أَوْلَدَ	ولد	فتحة	0	1
2384	أَخْمَدَ	خمد	فتحة	0	1
2385	أَكْبَرَ	كبر	فتحة	0	1
2386	أَذْهَبَ	ذهب	فتحة	0	1
2387	أَمْلَطَ	ملط	فتحة	0	1
2388	أَعْصَفَ	عصف	فتحة	0	0
2389	أَهْزَلَ	هزل	فتحة	0	1
2390	أَنْقَعَ	نقع	فتحة	0	1
2391	أَوْهَمَ	وهم	فتحة	0	1
2392	أَرْسَنَ	رسن	فتحة	0	1
2393	أَهْوَجَ	هوج	فتحة	0	1
2394	أَكْسَبَ	كسب	فتحة	0	1
2395	أَرْغَمَ	رغم	فتحة	0	1
2396	أَعْقَدَ	عقد	فتحة	0	1
2397	أَصْبَرَ	صبر	فتحة	0	1
2398	أَسْخَنَ	سخن	فتحة	0	1
2399	أَجْهَمَ	جهم	فتحة	0	0
2400	أَلْجَمَ	لجم	فتحة	0	1
2401	أَمْعَزَ	معز	فتحة	0	1
2402	أَحْدَقَ	حدق	فتحة	0	1
2403	أَوْلَجَ	ولج	فتحة	0	1
2404	أَبْكَرَ	بكر	فتحة	0	1
2405	أَدْمَنَ	دمن	فتحة	0	1
2406	أَوْرَدَ	ورد	فتحة	0	1
2407	أَقْلَعَ	قلع	فتحة	0	1
2408	أَصْقَعَ	صقع	فتحة	0	1
2409	أَنْقَحَ	نقح	فتحة	0	1
2410	أَسْرَجَ	سرج	فتحة	0	1
2411	أَعْرَبَ	عرب	فتحة	0	1
2412	أَغْرَقَ	غرق	فتحة	0	1
2413	أَحْرَمَ	حرم	فتحة	0	0
2414	أَعْمَقَ	عمق	فتحة	0	1
2415	أَسْرَبَ	سرب	فتحة	0	1
2416	أَعْوَصَ	عوص	فتحة	0	0
2417	أَقْدَمَ	قدم	فتحة	0	1
2418	أَهْرَقَ	هرق	فتحة	0	1
2419	أَوْبَقَ	وبق	فتحة	0	1
2420	أَبْرَقَ	برق	فتحة	0	1
2421	أَوْكَسَ	وكس	فتحة	0	0
2422	أَقْنَعَ	قنع	فتحة	0	1
2423	أَرْقَصَ	رقص	فتحة	0	1
2424	أَظْلَفَ	ظلف	فتحة	0	1
2425	أَدْرَكَ	درك	فتحة	0	1
2426	أَطْفَحَ	طفح	فتحة	0	1
2427	أَوْمَضَ	ومض	فتحة	0	0
2428	أَعْنَدَ	عند	فتحة	0	1
2429	أَفْقَهَ	فقه	فتحة	0	1
2430	أَبْعَدَ	بعد	فتحة	0	1
2431	أَلْحَفَ	لحف	فتحة	0	1
2432	أَخْجَلَ	خجل	فتحة	0	1
2433	أَحْبَطَ	حبط	فتحة	0	1
2434	أَحْجَمَ	حجم	فتحة	0	0
2435	أَدْخَلَ	دخل	فتحة	0	1
2436	أَحْرَقَ	حرق	فتحة	0	1
2437	أَبْدَعَ	بدع	فتحة	0	1
2438	أَفْلَتَ	فلت	فتحة	0	1
2439	أَنْدَرَ	ندر	فتحة	0	1
2440	أَرْمَدَ	رمد	فتحة	0	1
2441	أَفْرَخَ	فرخ	فتحة	0	0
2442	أَرْكَعَ	ركع	فتحة	0	1
2443	أَصْفَقَ	صفق	فتحة	0	1
2444	أَنْهَدَ	نهد	فتحة	0	1
2445	أَفْجَرَ	فجر	فتحة	0	1
2446	أَقْبَلَ	قبل	فتحة	0	0
2447	أَقْوَلَ	قول	فتحة	0	1
2448	أَحْبَكَ	حبك	فتحة	0	1
2449	أَجْذَمَ	جذم	فتحة	0	1
2450	أَمْتَعَ	متع	فتحة	0	1
2451	أَمْصَلَ	مصل	فتحة	0	1
2452	أَنْزَقَ	نزق	فتحة	0	1
2453	أَكْسَدَ	كسد	فتحة	0	1
2454	أَهْمَدَ	همد	فتحة	0	1
2455	أَرْشَفَ	رشف	فتحة	0	1
2456	أَنْوَرَ	نور	فتحة	0	0
2457	أَصْعَدَ	صعد	فتحة	0	1
2458	أَنْسَلَ	نسل	فتحة	0	1
2459	أَفْسَلَ	فسل	فتحة	0	1
2460	أَحْمَضَ	حمض	فتحة	0	1
2461	أَشْغَلَ	شغل	فتحة	0	1
2462	أَقْحَمَ	قحم	فتحة	0	1
2463	أَسْبَرَ	سبر	فتحة	0	1
2464	أَبْغَضَ	بغض	فتحة	0	1
2465	أَمْكَرَ	مكر	فتحة	0	1
2466	أَنْحَلَ	نحل	فتحة	0	1
2467	أَعْزَبَ	عزب	فتحة	0	1
2468	أَغْرَزَ	غرز	فتحة	0	1
2469	أَغْزَرَ	غزر	فتحة	0	1
2470	أَغْلَطَ	غلط	فتحة	0	1
2471	أَتْجَرَ	تجر;وجر	فتحة	0	0
2472	أَنْجَمَ	نجم	فتحة	0	0
2473	أَعْدَمَ	عدم	فتحة	0	1
2474	أَجْهَشَ	جهش	فتحة	0	1
2475	أَمْحَصَ	محص	فتحة	0	1
2476	أَكْشَرَ	كشر	فتحة	0	0
2477	أَضْرَبَ	ضرب	فتحة	0	1
2478	أَوْرَمَ	ورم	فتحة	0	1
2479	أَرْدَفَ	ردف	فتحة	0	1
2480	أَكْمَدَ	كمد	فتحة	0	1
2481	أَفْطَرَ	فطر	فتحة	0	1
2482	أَخْبَرَ	خبر	فتحة	0	1
2483	أَطْوَلَ	طول	فتحة	0	1
2484	أَعْوَرَ	عور	فتحة	0	1
2485	أَشْهَدَ	شهد	فتحة	0	1
2486	أَغْدَقَ	غدق	فتحة	0	1
2487	أَشْهَرَ	شهر	فتحة	0	1
2488	أَجْحَفَ	جحف	فتحة	0	0
2489	أَزْعَجَ	زعج	فتحة	0	1
2490	أَدْمَعَ	دمع	فتحة	0	1
2491	أَعْنَفَ	عنف	فتحة	0	1
2492	أَلْهَمَ	لهم	فتحة	0	1
2493	أَقْرَسَ	قرس	فتحة	0	1
2494	أَغْمَضَ	غمض	فتحة	0	1
2495	أَنْقَبَ	نقب	فتحة	0	0
2496	أَفْقَدَ	فقد	فتحة	0	1
2497	أَنْعَتَ	نعت	فتحة	0	0
2498	أَرْبَذَ	ربذ	فتحة	0	1
2499	أَدْمَجَ	دمج	فتحة	0	1
2500	أَثْلَثَ	ثلث	فتحة	0	0
2501	أَنْصَبَ	نصب	فتحة	0	1
2502	أَشْمَسَ	شمس	فتحة	0	0
2503	أَرْجَحَ	رجح	فتحة	0	1
2504	أَنْعَشَ	نعش	فتحة	0	1
2505	أَهْدَبَ	هدب	فتحة	0	0
2506	أَوْضَخَ	وضخ	فتحة	0	1
2507	أَوْشَقَ	وشق	فتحة	0	0
2508	أَلْزَقَ	لزق	فتحة	0	1
2509	أَهْجَرَ	هجر	فتحة	0	1
2510	أَفْظَعَ	فظع	فتحة	0	1
2511	أَنْزَلَ	نزل	فتحة	0	1
2512	أَجْهَزَ	جهز	فتحة	0	0
2513	أَمْلَقَ	ملق	فتحة	0	1
2514	أَقْلَقَ	قلق	فتحة	0	1
2515	أَفْتَقَ	فتق	فتحة	0	0
2516	أَنْضَحَ	نضح	فتحة	0	1
2517	أَلْبَسَ	لبس	فتحة	0	1
2518	أَوْحَدَ	وحد	فتحة	0	1
2519	أَسْعَفَ	سعف	فتحة	0	1
2520	أَمْجَدَ	مجد	فتحة	0	1
2521	أَفْتَلَ	فتل	فتحة	0	0
2522	أَغْضَبَ	غضب	فتحة	0	1
2523	أَمْهَرَ	مهر	فتحة	0	1
2524	أَوْهَجَ	وهج	فتحة	0	1
2525	أَعْقَبَ	عقب	فتحة	0	1
2526	أَقْرَنَ	قرن	فتحة	0	1
2527	أَشْعَلَ	شعل	فتحة	0	1
2528	أَوْثَقَ	وثق	فتحة	0	1
2529	أَعْطَبَ	عطب	فتحة	0	1
2530	أَنْطَقَ	نطق	فتحة	0	1
2531	أَحْلَفَ	حلف	فتحة	0	1
2532	أَنْجَلَ	نجل	فتحة	0	1
2533	أَوْرَعَ	ورع	فتحة	0	1
2534	أَنْغَصَ	نغص	فتحة	0	1
2535	أَنْصَفَ	نصف	فتحة	0	1
2536	أَهْرَعَ	هرع	فتحة	0	1
2537	أَسْبَلَ	سبل	فتحة	0	1
2538	أَخْفَقَ	خفق	فتحة	0	1
2539	أَوْقَعَ	وقع	فتحة	0	1
2540	أَعْصَمَ	عصم	فتحة	0	1
2541	أَزْهَقَ	زهق	فتحة	0	1
2542	أَطْرَقَ	طرق	فتحة	0	1
2543	أَصْلَدَ	صلد	فتحة	0	1
2544	أَفْرَجَ	فرج	فتحة	0	0
2545	أَسْهَرَ	سهر	فتحة	0	1
2546	أَسْمَلَ	سمل	فتحة	0	0
2547	أَسْدَرَ	سدر	فتحة	0	1
2548	أَوْدَعَ	ودع	فتحة	0	1
2549	أَبْرَحَ	برخ	فتحة	0	1
2550	أَبْطَرَ	بطر	فتحة	0	1
2551	أَسْلَسَ	سلس	فتحة	0	1
2552	أَشْبَهَ	شبه	فتحة	0	1
2553	أَبْلَجَ	بلج	فتحة	0	0
2554	أَرْهَبَ	رهب	فتحة	0	1
2555	أَوْتَرَ	وتر	فتحة	0	1
2556	أَنْجَدَ	نجد	فتحة	0	1
2557	أَكْسَدَ	كسد	فتحة	0	1
2558	أَنْبَتَ	نبت	فتحة	0	1
2559	أَشْرَفَ	شرف	فتحة	0	1
2560	أَمْكَثَ	مكث	فتحة	0	1
2561	أَوْحَجَ	وحج	فتحة	0	1
2562	أَنْقَصَ	قصص	فتحة	0	1
2563	أَوْثَبَ	وثب	فتحة	0	1
2564	أَرْسَبَ	رسب	فتحة	0	1
2565	أَشْرَحَ	شرح	فتحة	0	1
2566	أَوْجَهَ	وجه	فتحة	0	1
2567	أَوْجَبَ	وجب	فتحة	0	1
2568	أَنْضَجَ	نضج	فتحة	0	1
2569	أَقْسَطَ	قسط	فتحة	0	1
2570	أَوْبَرَ	وبر	فتحة	0	0
2571	أَسْلَمَ	سلم	فتحة	0	1
2572	أَنْدَفَ	ندف	فتحة	0	1
2573	أَجْنَحَ	جنح	فتحة	0	1
2574	أَشْفَقَ	شفق	فتحة	0	1
2575	أَهْرَمَ	هرم	فتحة	0	1
2576	أَلْهَجَ	لهج	فتحة	0	1
2577	أَرْشَمَ	رشم	فتحة	0	1
2578	أَرْتَعَ	رتع	فتحة	0	0
2579	أَوْجَسَ	وجس	فتحة	0	1
2580	أَوْجَعَ	وجع	فتحة	0	1
2581	أَنْفَسَ	نفس	فتحة	0	1
2582	أَهْدَرَ	هدر	فتحة	0	1
2583	أَبْهَظَ	بهظ	فتحة	0	1
2584	أَلْزَمَ	لزم	فتحة	0	1
2585	أَقْرَضَ	قرض	فتحة	0	1
2586	أَكْرَهَ	كره	فتحة	0	1
2587	أَقْتَرَ	قتر	فتحة	0	1
2588	أَوْضَفَ	وضف	فتحة	0	0
2589	أَقْرَفَ	قرف	فتحة	0	1
2590	أَكْسَلَ	كسل	فتحة	0	1
2591	أَقْمَعَ	قمع	فتحة	0	1
2592	أَمْلَحَ	ملح	فتحة	0	1
2593	أَكْحَلَ	كحل	فتحة	0	0
2594	أَنْكَفَ	نكف	فتحة	0	1
2595	أَكْفَرَ	كفر	فتحة	0	1
2596	أَجْزَلَ	جزل	فتحة	0	1
2597	أَنْكَلَ	نكل	فتحة	0	1
2598	أَفْرَطَ	فرط	فتحة	0	1
2599	أَسْهَبَ	سهب	فتحة	0	1
2600	أَقْعَرَ	قعر	فتحة	0	1
2601	أَقْفَلَ	قفل	فتحة	0	1
2602	أَقْذَعَ	قذع	فتحة	0	1
2603	أَقْرَحَ	قرح	فتحة	0	1
2604	أَصْعَقَ	صعق	فتحة	0	1
2605	أَوْعَبَ	وعب	فتحة	0	1
2606	أَقْعَدَ	قعد	فتحة	0	1
2607	أَدْهَشَ	دهش	فتحة	0	1
2608	أَوْرَسَ	ورس	فتحة	0	0
2609	أَوْرَطَ	ورط	فتحة	0	1
2610	أَتْرَحَ	ترح	فتحة	0	1
2611	أَوْكَدَ	وكد	فتحة	0	1
2612	أَشْرَبَ	شرب	فتحة	0	1
2613	أَمْعَنَ	معن	فتحة	0	1
2614	أَوْرَثَ	ورث	فتحة	0	1
2615	أَصْدَقَ	صدق	فتحة	0	1
2616	أَعْذَرَ	عذر	فتحة	0	1
2617	أَوْقَدَ	وقد	فتحة	0	1
2618	أَوْرَقَ	ورق	فتحة	0	0
2619	أَعْقَمَ	عقم	فتحة	0	1
2620	أَنْصَلَ	نصل	فتحة	0	1
2621	أَوْهَبَ	وهب	فتحة	0	1
2622	أَنْشَرَ	نشر	فتحة	0	1
2623	أَنْفَذَ	نفذ	فتحة	0	1
2624	أَنْقَهَ	نقه	فتحة	0	1
2625	أَذْنَبَ	ذنب	فتحة	0	0
2626	أَنْصَعَ	نصع	فتحة	0	1
2627	أَدْعَقَ	دعق	فتحة	0	1
2628	أَوْسَعَ	وسع	فتحة	0	1
2629	أَخْلَصَ	خلص	فتحة	0	1
2630	أَمْرَغَ	مرغ	فتحة	0	1
2631	أَهْلَكَ	هلك	فتحة	0	1
2632	أَسْعَدَ	سعد	فتحة	0	1
2633	أَنْفَرَ	نفر	فتحة	0	1
2634	أَنْعَمَ	نعم	فتحة	0	1
2635	أَشْرَكَ	شرك	فتحة	0	1
2636	أَهْضَلَ	هضل	فتحة	0	0
2637	أَبْصَرَ	بصر	فتحة	0	1
2638	أَهْذَبَ	هذب	فتحة	0	1
2639	أَوْطَنَ	وطن	فتحة	0	1
2640	أَغْمَطَ	غمط	فتحة	0	0
2641	أَهْيَقَ	هيق	فتحة	0	0
2642	أَوْسَقَ	وسق	فتحة	0	1
2643	أَتْعَبَ	تعب	فتحة	0	1
2644	أَلْمَحَ	لمح	فتحة	0	1
2645	أَجْرَسَ	جرس	فتحة	0	1
2646	أَوْزَنَ	وزن	فتحة	0	1
2647	أَوْسَخَ	وسخ	فتحة	0	1
2648	أَنْحَفَ	نحف	فتحة	0	1
2649	أَوْلَعَ	ولع	فتحة	0	1
2650	أَضْجَعَ	ضجع	فتحة	0	1
2651	أَوْقَفَ	وقف	فتحة	0	1
2652	أَوْقَرَ	وقر	فتحة	0	1
2653	أَوْسَطَ	وسط	فتحة	0	1
2654	أَمْرَعَ	مرع	فتحة	0	1
2655	أَوْضَعَ	وضع	فتحة	0	1
2656	أَرْصَعَ	رصع	فتحة	0	1
2657	أَمْكَنَ	مكن	فتحة	0	1
2658	أَنْمَسَ	نمس	فتحة	0	0
2659	أَخْصَبَ	خصب	فتحة	0	1
2660	أَمْرَقَ	مرق	فتحة	0	1
2661	أَلْمَعَ	لمع	فتحة	0	0
2662	أَمْحَضَ	محض	فتحة	0	1
2663	أَمْخَضَ	مخض	فتحة	0	0
2664	أَمْشَقَ	مشق	فتحة	0	1
2665	أَنْتَجَ	نتج	فتحة	0	1
2666	أَلْهَفَ	لهف	فتحة	0	0
2667	أَنْعَسَ	نعس	فتحة	0	1
2668	أَعْرَضَ	عرض	فتحة	0	1
2669	أَبْشَرَ	بشر	فتحة	0	1
2670	أَمْهَلَ	مهل	فتحة	0	1
2671	أَمْلَسَ	ملس	فتحة	0	0
2672	أَحْرَجَ	حرج	فتحة	0	1
2673	أَلْهَبَ	لهب	فتحة	0	1
2674	أَشْرَطَ	شرط	فتحة	0	1
2675	أَوْجَفَ	وجف	فتحة	0	1
2676	أَلْيَنَ	لين	فتحة	0	1
2677	أَلْقَمَ	لقم	فتحة	0	1
2678	أَعْنَسَ	عنس	فتحة	0	1
2679	أَكْمَلَ	كمل	فتحة	0	1
2680	أَعْجَزَ	عجز	فتحة	0	1
2681	أَلْعَقَ	لعق	فتحة	0	1
2682	أَتْلَعَ	تلع	فتحة	0	0
2683	أَنْشَلَ	نشل	فتحة	0	1
2684	أَفْجَعَ	فجع	فتحة	0	1
2685	أَبْطَلَ	بطل	فتحة	0	1
2686	أَنْتَنَ	نتن	فتحة	0	0
2687	أَوْضَحَ	وضح	فتحة	0	1
2688	أَلْحَنَ	لحن	فتحة	0	1
2689	أَضْجَرَ	ضجر	فتحة	0	1
2690	أَلْسَنَ	لسن	فتحة	0	1
2691	أَحْقَدَ	حقد	فتحة	0	1
2692	أَنْجَحَ	نجح	فتحة	0	1
2693	أَلْحَمَ	لحم	فتحة	0	1
2694	أَنْجَسَ	نجس	فتحة	0	1
2695	أَكْمَشَ	كمش	فتحة	0	1
2696	أَلْحَدَ	لحد	فتحة	0	1
2697	أَجْسَدَ	جسد	فتحة	0	1
2698	أَقْطَعَ	قطع	فتحة	0	1
2699	أَنْجَرَ	نجر	فتحة	0	1
2700	أَفْحَشَ	فحش	فتحة	0	0
2701	أَفْحَمَ	فحم	فتحة	0	1
2702	أَفْصَحَ	فصح	فتحة	0	0
2703	أَحْدَثَ	حدث	فتحة	0	1
2704	أَفْرَكَ	فرك	فتحة	0	0
2705	أَفْرَشَ	فرش	فتحة	0	1
2706	أَفْرَحَ	فرح	فتحة	0	1
2707	أَفْطَمَ	فطم	فتحة	0	0
2708	أَفْرَزَ	فرز	فتحة	0	1
2709	أَفْرَدَ	فرد	فتحة	0	1
2710	أَحْسَنَ	حسن	فتحة	0	1
2711	أَكْثَرَ	كثر	فتحة	0	1
2712	أَقْمَرَ	قمر	فتحة	0	0
2713	أَعْنَقَ	عنق	فتحة	0	1
2714	أَوْحَلَ	وحل	فتحة	0	1
2715	أَقْمَحَ	قمح	فتحة	0	1
2716	أَكْتَبَ	كتب	فتحة	0	1
2717	أَكْسَدَ	ءكسد	فتحة	0	1
2718	أَفْعَمَ	فعم	فتحة	0	1
2719	أَوْعَدَ	وعد	فتحة	0	1
2720	أَفْرَمَ	فرم	فتحة	0	1
2721	أَفْرَهَ	فره	فتحة	0	0
2722	أَفْسَدَ	فسد	فتحة	0	1
2723	أَفْقَرَ	فقر	فتحة	0	1
2724	أَثْبَتَ	ثبت	فتحة	0	1
2725	أَقْبَرَ	قبر	فتحة	0	1
2726	أَفْقَعَ	فقع	فتحة	0	0
2727	أَفْكَرَ	فكر	فتحة	0	0
2728	أَرْهَقَ	رهق	فتحة	0	1
2729	أَمْثَلَ	مثل	فتحة	0	1
2730	أَعْفَنَ	عفن	فتحة	0	1
2731	أَمْلَكَ	ملك	فتحة	0	1
2732	أَدْبَرَ	دبر	فتحة	0	1
2733	أَمْنَحَ	منح	فتحة	0	0
2734	أَمْطَرَ	مطر	فتحة	0	1
2735	أَفْلَجَ	فلج	فتحة	0	1
2736	أَكْنَفَ	كنف	فتحة	0	1
2737	أَفْلَسَ	فلس	فتحة	0	0
2738	أَفْهَمَ	فهم	فتحة	0	1
2739	أَرْخَمَ	رخم	فتحة	0	0
2740	أَوْكَبَ	وكب	فتحة	0	1
2741	أَفْزَعَ	فزع	فتحة	0	1
2742	أَوْعَرَ	وعر	فتحة	0	1
2743	أَكْبَحَ	كبح	فتحة	0	1
2744	أَوْعَزَ	وعز	فتحة	0	0
2745	أَقْبَسَ	قبس	فتحة	0	1
2746	أَعْرَقَ	عرق	فتحة	0	1
2747	أَبْشَمَ	بشم	فتحة	0	1
2748	أَنْجَعَ	نجع	فتحة	0	1
2749	أَبْحَرَ	بحر	فتحة	0	1
2750	أَنْسَفَ	نسف	فتحة	0	1
2751	أَهْبَطَ	هبط	فتحة	0	1
2752	أَنْذَرَ	نذر	فتحة	0	1
2753	أَهْبَلَ	هبل	فتحة	0	1
2754	أَنْقَضَ	نقض	فتحة	0	1
2755	أَقْفَرَ	قفر	فتحة	0	1
2756	أَنْهَلَ	نهل	فتحة	0	1
2757	أَعْجَفَ	عجف	فتحة	0	1
2758	أَهْرَبَ	هرب	فتحة	0	1
2759	أَبْرَزَ	برز	فتحة	0	1
2760	أَقْرَعَ	قرع	فتحة	0	1
2761	أَنْعَثَ	نعث	فتحة	0	0
2762	أَخْرَسَ	خرس	فتحة	0	1
2763	أَنْدَمَ	ندم	فتحة	0	1
2764	أَدْكَنَ	دكن	فتحة	0	0
2765	أَنْجَفَ	نجف	فتحة	0	1
2766	أَوْفَقَ	وفق	فتحة	0	1
2767	أَنْشَطَ	نشط	فتحة	0	1
2768	أَلْغَزَ	لغز	فتحة	0	1
2769	أَوْتَدَ	وتد	فتحة	0	1
2770	أَقْصَرَ	قصر	فتحة	0	1
2771	أَنْزَرَ	نزر	فتحة	0	1
2772	أَعْظَمَ	عظم	فتحة	0	1
2773	أَنْشَدَ	نشد	فتحة	0	1
2774	أَثْمَرَ	ثمر	فتحة	0	1
2775	أَوْكَلَ	وكل	فتحة	0	1
2776	أَلْيَلَ	ليل	فتحة	0	0
2777	أَتْخَمَ	تخم;وخم	فتحة	0	1
2778	أَوْجَلَ	وجل	فتحة	0	1
2779	أَنْمَرَ	نمر	فتحة	0	0
2780	أَنْهَكَ	نهك	فتحة	0	1
2781	أَغْرَبَ	غرب	فتحة	0	1
2782	أَهْذَرَ	هذر	فتحة	0	0
2783	أَنْهَجَ	نهج	فتحة	0	1
2784	أَقْلَبَ	قلب	فتحة	0	1
2785	أَنْفَلَ	نفل	فتحة	0	1
2786	أَتْقَنَ	تقن	فتحة	0	1
2787	أَتْمَرَ	تمر	فتحة	0	0
2788	أَظْرَفَ	ظرف	فتحة	0	1
2789	أَقْطَرَ	قطر	فتحة	0	1
2790	أَتْبَعَ	تبع	فتحة	0	1
2791	أَبْهَمَ	بهم	فتحة	0	1
2792	أَنْهَضَ	نهض	فتحة	0	1
2793	أَبْهَجَ	بهج	فتحة	0	1
2794	أَرْعَبَ	رعب	فتحة	0	1
2795	أَعْشَبَ	عشب	فتحة	0	0
2796	أَنْفَشَ	نفش	فتحة	0	1
2797	أَتْرَعَ	ترع	فتحة	0	1
2798	أَدْعَصَ	دعص	فتحة	0	1
2799	أَوْغَرَ	وغر	فتحة	0	1
2800	أَوْجَزَ	وجز	فتحة	0	1
2801	أَنْفَدَ	نفد	فتحة	0	1
2802	أَثْمَنَ	ثمن	فتحة	0	1
2803	أَبْلَغَ	بلغ	فتحة	0	1
2804	أَعْجَلَ	عجل	فتحة	0	1
2805	أَتْحَفَ	تحف	فتحة	0	1
2806	أَخْلَدَ	خلد	فتحة	0	1
2807	أَلْطَفَ	لطف	فتحة	0	1
2808	أَمْسَكَ	مسك	فتحة	0	1
2809	أَسْكَتَ	سكت	فتحة	0	1
2810	أَخْضَبَ	خضب	فتحة	0	0
2811	أَسْفَرَ	سفر	فتحة	0	1
2812	أَثْقَلَ	ثقل	فتحة	0	1
2813	أَنْكَدَ	نكد	فتحة	0	1
2814	أَنْهَزَ	نهز	فتحة	0	1
2815	أَوْغَلَ	وغل	فتحة	0	1
2816	أَنْطَفَ	نطف	فتحة	0	1
2817	أَثْلَجَ	ثلج	فتحة	0	1
2818	أَسْهَمَ	سهم	فتحة	0	0
2819	أَقْرَبَ	قرب	فتحة	0	1
2820	أَنْظَرَ	نظر	فتحة	0	1
2821	أَضْنَكَ	ضنك	فتحة	0	1
2822	أَوْصَلَ	وصل	فتحة	0	1
2823	أَوْشَمَ	وشم	فتحة	0	0
2824	أَوْصَفَ	وصف	فتحة	0	0
2825	أَنْضَرَ	نضر	فتحة	0	1
2826	أَنْكَرَ	نكر	فتحة	0	1
2827	أَبْرَمَ	برم	فتحة	0	1
2828	أَثْخَنَ	ثخن	فتحة	0	1
2829	أَسْبَغَ	سبغ	فتحة	0	1
2830	أَنْظَمَ	نظم	فتحة	0	0
2831	أَنْعَلَ	نعل	فتحة	0	1
2832	أَرْكَضَ	ركض	فتحة	0	0
2833	أَوْهَنَ	وهن	فتحة	0	1
2834	أَنْجَزَ	نجز	فتحة	0	1
2835	أَنْدَبَ	ندب	فتحة	0	1
2836	تَعَلَّلَ	علل	فتحة	0	0
2837	تَدَهْوَرَ	دهور	فتحة	0	0
2838	تَبَرَّكَ	برك	فتحة	0	0
2839	تَتَوَّجَ	توج	فتحة	0	0
2840	تَوَلَّعَ	ولع	فتحة	0	0
2841	تَكَرَّشَ	كرش	فتحة	0	0
2842	تَفَصَّحَ	فصح	فتحة	0	0
2843	تَجَمْهَرَ	جمه	فتحة	0	0
2844	تَبَرَّزَ	برز	فتحة	0	0
2845	تَلَحَّفَ	لحف	فتحة	0	0
2846	تَتَلْمَذَ	تلمذ	فتحة	0	0
2847	تَهَوَّرَ	هور	فتحة	0	1
2848	تَقَصَّفَ	قصف	فتحة	0	0
2849	تَكَحَّلَ	كحل	فتحة	0	0
2850	تَعَسَّفَ	عسف	فتحة	0	1
2851	تَشَوَّقَ	شوق	فتحة	0	0
2852	تَعَهَّدَ	عهد	فتحة	0	1
2853	تَعَمَّجَ	عمج	فتحة	0	0
2854	تَشَنَّجَ	شنج	فتحة	0	0
2855	تَوَرَّطَ	ورط	فتحة	0	0
2856	تَحَسَّنَ	حسن	فتحة	0	0
2857	تَعَصَّبَ	عصب	فتحة	0	0
2858	تَوَهَّجَ	وهج	فتحة	0	0
2859	تَعَفَّفَ	عفف	فتحة	0	0
2860	تَجَلْبَبَ	جلب	فتحة	0	0
2861	تَزَحْزَحَ	زحزح	فتحة	0	0
2862	تَصَلَّبَ	صلب	فتحة	0	0
2863	تَحَبَّرَ	حبر	فتحة	0	0
2864	تَرَبَّلَ	ربل	فتحة	0	0
2865	تَجَلَّدَ	جلد	فتحة	0	0
2866	تَقَمَّصَ	قمص	فتحة	0	1
2867	تَعَقَّدَ	عقد	فتحة	0	0
2868	تَصَوَّرَ	صور	فتحة	0	1
2869	تَجَشَّمَ	جشم	فتحة	0	1
2870	تَعَقَّلَ	عقل	فتحة	0	1
2871	تَبَلْبَلَ	بلبل	فتحة	0	0
2872	تَعَمَّدَ	عمد	فتحة	0	1
2873	تَقَيَّنَ	قين	فتحة	0	0
2874	تَكَنَّسَ	كنس	فتحة	0	0
2875	تَبَسَّمَ	بس م	فتحة	0	0
2876	تَعَمَّقَ	عمق	فتحة	0	0
2877	تَضَعْضَعَ	ضعضع	فتحة	0	0
2878	تَشَمَّمَ	شمم	فتحة	0	1
2879	تَبَلَّلَ	بلل	فتحة	0	0
2880	تَعَقَّبَ	عقب	فتحة	0	1
2881	تَبَصَّرَ	بصر	فتحة	0	1
2882	تَشَقَّقَ	شقق	فتحة	0	0
2883	تَبَيَّضَ	بيض	فتحة	0	0
2884	تَصَبَّنَ	صبن	فتحة	0	0
2885	تَمَدْيَنَ	مدن	فتحة	0	0
2886	تَوَرَّدَ	ورد	فتحة	0	1
2887	تَصَرَّفَ	صرف	فتحة	0	0
2888	تَهَزَّمَ	هزم	فتحة	0	0
2889	تَطَرَّبَ	طرب	فتحة	0	1
2890	تَصَيَّدَ	صيد	فتحة	0	1
2891	تَلَيَّثَ	ليث	فتحة	0	0
2892	تَصَنَّعَ	صنع	فتحة	0	1
2893	تَعَفْرَتَ	عفر	فتحة	0	0
2894	تَشَرَّدَ	شرد	فتحة	0	0
2895	تَحَجَّرَ	حجر	فتحة	0	0
2896	تَدَرْوَشَ	درش	فتحة	0	0
2897	تَحَسَّسَ	حسس	فتحة	0	1
2898	تَضَمَّدَ	ضمد	فتحة	0	0
2899	تَشَيَّعَ	شيع	فتحة	0	1
2900	تَضَوَّعَ	ضوع	فتحة	0	0
2901	تَحَبَّبَ	حبب	فتحة	0	0
2902	تَقَوَّلَ	قول	فتحة	0	0
2903	تَوَغَّرَ	وغر	فتحة	0	0
2904	تَفَلْسَفَ	فلسف	فتحة	0	0
2905	تَسَهَّلَ	سهل	فتحة	0	0
2906	تَصَبَّحَ	صبح	فتحة	0	0
2907	تَدَعْدَعَ	دعد	فتحة	0	1
2908	تَعَطَّفَ	عطف	فتحة	0	1
2909	تَشَوَّهَ	شوه	فتحة	0	1
2910	تَكَلَّلَ	كلل	فتحة	0	1
2911	تَيَتَّمَ	يتم	فتحة	0	0
2912	تَقَوَّمَ	قوم	فتحة	0	0
2913	تَطَرَّفَ	طرف	فتحة	0	1
2914	تَتَرَّبَ	ترب	فتحة	0	0
2915	تَلَمَّسَ	لمس	فتحة	0	1
2916	تَبَلَّهَ	بله	فتحة	0	0
2917	تَبَهْرَجَ	بهرج	فتحة	0	0
2918	تَبَهَّرَ	بهر	فتحة	0	0
2919	تَيَمَّنَ	يمن	فتحة	0	1
2920	تَنَحْنَحَ	نحنح	فتحة	0	0
2921	تَفَرْنَجَ	فرنج	فتحة	0	0
2922	تَبَلَّغَ	بلغ	فتحة	0	0
2923	تَضَخَّمَ	ضخم	فتحة	0	0
2924	تَصَعَّبَ	صعب	فتحة	0	1
2925	تَعَيَّنَ	عين	فتحة	0	1
2926	تَسَتَّرَ	ستر	فتحة	0	0
2927	تَزَمَّلَ	زمل	فتحة	0	0
2928	تَمَيَّسَ	ميس	فتحة	0	0
2929	تَعَفَّرَ	عفر	فتحة	0	0
2930	تَضَرَّجَ	ضرج	فتحة	0	0
2931	تَضَرَّرَ	ضرر	فتحة	0	0
2932	تَحَيَّزَ	حوز	فتحة	0	0
2933	تَخَضَّبَ	خضب	فتحة	0	0
2934	تَخَمَّرَ	خمر	فتحة	0	0
2935	تَنَجَّمَ	نجم	فتحة	0	0
2936	تَبَيَّنَ	بين	فتحة	0	1
2937	تَجَفَّفَ	جفف	فتحة	0	0
2938	تَمَوَّلَ	مول	فتحة	0	1
2939	تَنَفَّسَ	نفس	فتحة	0	1
2940	تَخَيَّرَ	خير	فتحة	0	1
2941	تَقَحَّمَ	قحم	فتحة	0	1
2942	تَرَجَّعَ	رجع	فتحة	0	1
2943	تَصَفَّحَ	صفح	فتحة	0	1
2944	تَطَبَّعَ	طبع	فتحة	0	0
2945	تَبَهَّجَ	بهج	فتحة	0	0
2946	تَرَجَّحَ	رجح	فتحة	0	0
2947	تَعَوَّقَ	عوق	فتحة	0	1
2948	تَعَوَّذَ	عوذ	فتحة	0	0
2949	تَدَثَّرَ	دثر	فتحة	0	1
2950	تَقَبَّبَ	قبب	فتحة	0	1
2951	تَوَجَّهَ	وجه	فتحة	0	0
2952	تَثَبَّتَ	ثبت	فتحة	0	0
2953	تَدَجَّجَ	دجج	فتحة	0	0
2954	تَذَبْذَبَ	ذبذ	فتحة	0	0
2955	تَخَيَّمَ	خيم	فتحة	0	0
2956	تَدَفَّقَ	دفق	فتحة	0	0
2957	تَأَمْرَكَ	ءمرك	فتحة	0	0
2958	تَخَلْخَلَ	خلخل	فتحة	0	0
2959	تَدَرَّعَ	درع	فتحة	0	1
2960	تَجَمَّعَ	جمع	فتحة	0	0
2961	تَسَوَّسَ	سوس	فتحة	0	0
2962	تَكَلَّمَ	كلم	فتحة	0	1
2963	تَغَضَّنَ	غضن	فتحة	0	0
2964	تَقَيَّضَ	قيض	فتحة	0	1
2965	تَحَسَّبَ	حسب	فتحة	0	0
2966	تَعَصَّرَ	عصر	فتحة	0	0
2967	تَخَصَّصَ	خصص	فتحة	0	0
2968	تَعَلَّمَ	علم	فتحة	0	1
2969	تَحَرَّرَ	حرر	فتحة	0	0
2970	تَبَرَّعَ	برع	فتحة	0	0
2971	تَجَوْرَبَ	جورب	فتحة	0	0
2972	تَعَبَّدَ	عبد	فتحة	0	1
2973	تَفَسَّخَ	فسخ	فتحة	0	0
2974	تَبَعْثَرَ	بعثر	فتحة	0	0
2975	تَرَفَّهَ	رفه	فتحة	0	0
2976	تَمَيَّدَ	ميد	فتحة	0	0
2977	تَحَزَّبَ	حزب	فتحة	0	0
2978	تَرَحَّمَ	رحم	فتحة	0	0
2979	تَكَهَّفَ	كهف	فتحة	0	0
2980	تَخَيَّلَ	خيل	فتحة	0	1
2981	تَبَخْتَرَ	بختر	فتحة	0	0
2982	تَرَزَّنَ	رزن	فتحة	0	0
2983	تَقَوَّسَ	قوس	فتحة	0	1
2984	تَرَجَّفَ	رجف	فتحة	0	0
2985	تَكَرَّسَ	كرس	فتحة	0	1
2986	تَطَوَّعَ	طوع	فتحة	0	1
2987	تَدَخَّنَ	دخن	فتحة	0	0
2988	تَلَبْنَنَ	لبنن	فتحة	0	0
2989	تَدَلَّكَ	دلك	فتحة	0	0
2990	تَرَوَّعَ	روع	فتحة	0	0
2991	تَسَوَّقَ	سوق	فتحة	0	0
2992	تَوَعَّرَ	وعر	فتحة	0	1
2993	تَوَلْوَلَ	ولول	فتحة	0	0
2994	تَحَرَّقَ	حرق	فتحة	0	0
2995	تَثَلَّمَ	ثلم	فتحة	0	0
2996	تَبَرَّجَ	برج	فتحة	0	0
2997	تَفَتَّتَ	فتت	فتحة	0	0
2998	تَدَرَّبَ	درب	فتحة	0	0
2999	تَخَلَّقَ	خلق	فتحة	0	1
3000	تَكَهْرَبَ	كهر	فتحة	0	0
3001	تَوَحَّلَ	وحل	فتحة	0	0
3002	تَأَرْجَحَ	رجح	فتحة	0	0
3003	تَضَلَّعَ	ضلع	فتحة	0	0
3004	تَطَوَّفَ	طوف	فتحة	0	0
3005	تَلَقَّنَ	لقن	فتحة	0	1
3006	تَقَصَّصَ	قصص	فتحة	0	1
3007	تَثَقَّفَ	ثقف	فتحة	0	0
3008	تَثَلَّجَ	ثلج	فتحة	0	0
3009	تَتَوَّقَ	توق	فتحة	0	0
3010	تَجَبَّنَ	جبن	فتحة	0	0
3011	تَهَدَّدَ	هدد	فتحة	0	1
3012	تَقَصَّدَ	قصد	فتحة	0	1
3013	تَكَيَّسَ	كيس	فتحة	0	0
3014	تَجَهَّزَ	جهز	فتحة	0	0
3015	تَجَدَّدَ	جدد	فتحة	0	0
3016	تَجَسَّدَ	جسد	فتحة	0	0
3017	تَوَدَّعَ	ودع	فتحة	0	0
3018	تَمَلَّقَ	ملق	فتحة	0	1
3019	تَخَفَّفَ	خفف	فتحة	0	1
3020	تَنَجَّحَ	نجح	فتحة	0	1
3021	تَجَرَّعَ	جرع	فتحة	0	1
3022	تَخَلَّلَ	خلل	فتحة	0	1
3023	تَبَلَّجَ	بلج	فتحة	0	0
3024	تَجَوَّعَ	جوع	فتحة	0	0
3025	تَنَكَّبَ	نكب	فتحة	0	1
3026	تَذَمَّرَ	ذمر	فتحة	0	0
3027	تَهَذَّبَ	هذب	فتحة	0	0
3028	تَكَشَّفَ	كشف	فتحة	0	0
3029	تَنَصَّفَ	نصف	فتحة	0	1
3030	تَمَرَّدَ	مرد	فتحة	0	0
3031	تَمَكَّنَ	مكن	فتحة	0	0
3032	تَبَسَّطَ	بسط	فتحة	0	0
3033	تَحَدَّرَ	حدر	فتحة	0	0
3034	تَكَفَّلَ	كفل	فتحة	0	1
3035	تَعَجْرَفَ	عجر	فتحة	0	1
3036	تَعَجَّبَ	عجب	فتحة	0	1
3037	تَلَفَّتَ	لفت	فتحة	0	0
3038	تَوَغَّلَ	وغل	فتحة	0	0
3039	تَأَكْسَدَ	ءكسد	فتحة	0	0
3040	تَبَحَّرَ	بحر	فتحة	0	1
3041	تَنَصَّبَ	نصب	فتحة	0	0
3042	تَسَلَّلَ	سلل	فتحة	0	0
3043	تَلَبَّثَ	لبث	فتحة	0	0
3044	تَمَنَّعَ	منع	فتحة	0	0
3045	تَبَدَّلَ	بدل	فتحة	0	1
3046	تَعَوَّدَ	عود	فتحة	0	1
3047	تَبَدَّدَ	بدد	فتحة	0	0
3048	تَهَتَّكَ	هتك	فتحة	0	0
3049	تَبَجَّحَ	بجح	فتحة	0	0
3050	تَدَرَّجَ	درج	فتحة	0	0
3051	تَشَعَّبَ	شعب	فتحة	0	1
3052	تَمَسْلَمَ	سلم	فتحة	0	0
3053	تَفَقَّمَ	فقم	فتحة	0	0
3054	تَصَدَّعَ	صدع	فتحة	0	0
3055	تَلَهَّبَ	لهب	فتحة	0	0
3056	تَدَنَّسَ	دنس	فتحة	0	0
3057	تَجَمَّدَ	جمد	فتحة	0	0
3058	تَحَلَّقَ	حلق	فتحة	0	0
3059	تَبَيْطَرَ	بيطر	فتحة	0	0
3060	تَعَذَّبَ	عذب	فتحة	0	0
3061	تَوَزَّرَ	وزر	فتحة	0	0
3062	تَهَلَّلَ	هلل	فتحة	0	0
3063	تَعَطَّرَ	عطر	فتحة	0	0
3064	تَسَفَّرَ	سفر	فتحة	0	1
3065	تَلَطَّخَ	لطخ	فتحة	0	0
3066	تَنَهَّدَ	نهد	فتحة	0	0
3067	تَذَلَّلَ	ذلل	فتحة	0	0
3068	تَدَهَّنَ	دهن	فتحة	0	0
3069	تَوَسَّعَ	وسع	فتحة	0	0
3070	تَطَرَّزَ	طرز	فتحة	0	0
3071	تَصَنَّفَ	صنف	فتحة	0	0
3072	تَفَكَّهَ	فكه	فتحة	0	0
3073	تَحَفَّظَ	حفظ	فتحة	0	1
3074	تَحَدَّبَ	حدب	فتحة	0	0
3075	تَحَلَّلَ	حلل	فتحة	0	1
3076	تَشَكَّرَ	شكر	فتحة	0	1
3077	تَقَزَّزَ	قزز	فتحة	0	0
3078	تَنَطَّعَ	نطع	فتحة	0	0
3079	تَعَفَّنَ	عفن	فتحة	0	0
3080	تَوَقَّدَ	وقد	فتحة	0	1
3081	تَرَوَّحَ	روح	فتحة	0	1
3082	تَنَشَّدَ	نشد	فتحة	0	1
3083	تَعَشَّقَ	عشق	فتحة	0	1
3084	تَلَزَّجَ	لزج	فتحة	0	1
3085	تَصَبَّبَ	صبب	فتحة	0	1
3086	تَرَكَّبَ	ركب	فتحة	0	0
3087	تَزَمْزَمَ	زمزم	فتحة	0	0
3088	تَنَطَّقَ	نطق	فتحة	0	0
3089	تَكَمْكَمَ	كمكم	فتحة	0	0
3090	تَخَنْدَقَ	خندق	فتحة	0	0
3091	تَجَعَّدَ	جعد	فتحة	0	0
3092	تَرَسَّلَ	رسل	فتحة	0	0
3093	تَشَبَّثَ	شبث	فتحة	0	0
3094	تَفَرَّدَ	فرد	فتحة	0	0
3095	تَطَرَّقَ	طرق	فتحة	0	0
3096	تَوَسَّمَ	وسم	فتحة	0	1
3097	تَنَكَّرَ	نكر	فتحة	0	0
3098	تَدَسَّسَ	دسس	فتحة	0	0
3099	تَغَطْرَسَ	غطر	فتحة	0	0
3100	تَرَقْرَقَ	رقرق	فتحة	0	0
3101	تَقَلَّدَ	قلد	فتحة	0	1
3102	تَغَيَّرَ	غير	فتحة	0	0
3103	تَشَمَّسَ	شمس	فتحة	0	0
3104	تَعَرَّقَ	عرق	فتحة	0	0
3105	تَوَجَّبَ	وجب	فتحة	0	0
3106	تَطَلَّبَ	طلب	فتحة	0	1
3107	تَمَعَّنَ	معن	فتحة	0	0
3108	تَنَشَّبَ	نشب	فتحة	0	0
3109	تَغَمَّدَ	غمد	فتحة	0	1
3110	تَبَرَّدَ	برد	فتحة	0	0
3111	تَكَسَّرَ	كسر	فتحة	0	1
3112	تَمَصَّرَ	مصر	فتحة	0	0
3113	تَشَتَّتَ	شتت	فتحة	0	0
3114	تَبَرَّرَ	برر	فتحة	0	1
3115	تَمَرَّغَ	مرغ	فتحة	0	0
3116	تَكَثَّمَ	كثم	فتحة	0	0
3117	تَنَصَّرَ	نصر	فتحة	0	0
3118	تَجَنَّنَ	جنن	فتحة	0	0
3119	تَلَجَّنَ	لجن	فتحة	0	0
3120	تَغَضَّبَ	غضب	فتحة	0	0
3121	تَفَقْفَقَ	فقف	فتحة	0	0
3122	تَهَيَّمَ	هيم	فتحة	0	1
3123	تَرَسَّخَ	رسخ	فتحة	0	0
3124	تَكَتَّلَ	كتل	فتحة	0	0
3125	تَقَطَّعَ	قطع	فتحة	0	0
3126	تَكَرَّمَ	كرم	فتحة	0	0
3127	تَحَقَّقَ	حقق	فتحة	0	1
3128	تَمَطَّرَ	مطر	فتحة	0	0
3129	تَحَمَّمَ	حمم	فتحة	0	0
3130	تَوَطَّدَ	وطد	فتحة	0	0
3131	تَنَجَّدَ	نجد	فتحة	0	0
3132	تَسَلَّطَ	سلط	فتحة	0	0
3133	تَكَبَّدَ	كبد	فتحة	0	1
3134	تَنَزَّهَ	نزه	فتحة	0	0
3135	تَمَقَّتَ	مقت	فتحة	0	0
3136	تَفَضَّلَ	فضل	فتحة	0	0
3137	تَزَنْدَقَ	زند	فتحة	0	0
3138	تَبَلَّعَ	بلع	فتحة	0	1
3139	تَنَصَّلَ	نصل	فتحة	0	1
3140	تَخَثَّرَ	خثر	فتحة	0	0
3141	تَقَيَّحَ	قيح	فتحة	0	0
3142	تَمَدَّنَ	مدن	فتحة	0	0
3143	تَنَدَّمَ	ندم	فتحة	0	0
3144	تَلَعْلَعَ	لعلع	فتحة	0	0
3145	تَخَرَّمَ	خرم	فتحة	0	1
3146	تَفَتَّكَ	فتك	فتحة	0	0
3147	تَغَنَّمَ	غنم	فتحة	0	1
3148	تَحَرَّكَ	حرك	فتحة	0	0
3149	تَقَوَّتَ	قوت	فتحة	0	0
3150	تَعَلَّقَ	علق	فتحة	0	1
3151	تَزَيَّنَ	زين	فتحة	0	0
3152	تَقَيَّلَ	قيل	فتحة	0	0
3153	تَحَطَّمَ	حطم	فتحة	0	0
3154	تَضَوَّرَ	ضور	فتحة	0	0
3155	تَصَدَّرَ	صدر	فتحة	0	0
3156	تَقَلَّبَ	قلب	فتحة	0	0
3157	تَصَوَّفَ	صوف	فتحة	0	0
3158	تَكَتْكَتَ	كتك	فتحة	0	0
3159	تَعَزَّزَ	عزز	فتحة	0	0
3160	تَنَمَّرَ	نمر	فتحة	0	0
3161	تَمَلْمَلَ	ململ	فتحة	0	0
3162	تَمَيَّزَ	ميز	فتحة	0	0
3163	تَعَبَّسَ	عبس	فتحة	0	0
3164	تَظَلَّلَ	ظلل	فتحة	0	0
3165	تَسَهَّدَ	سهد	فتحة	0	0
3166	تَصَدَّقَ	صدق	فتحة	0	0
3167	تَسَمَّمَ	سمم	فتحة	0	0
3168	تَرَنَّمَ	رنم	فتحة	0	0
3169	تَعَظَّلَ	عظل	فتحة	0	0
3170	تَخَلَّصَ	خلص	فتحة	0	0
3171	تَقَضَّبَ	قضب	فتحة	0	0
3172	تَسَلَّحَ	سلح	فتحة	0	0
3173	تَزَمْخَرَ	زمخ	فتحة	0	0
3174	تَسَوَّرَ	سور	فتحة	0	1
3175	تَكَعَّبَ	كعب	فتحة	0	0
3176	تَسَدَّرَ	سدر	فتحة	0	0
3177	تَرَمَّمَ	رمم	فتحة	0	0
3178	تَزَوَّدَ	زود	فتحة	0	0
3179	تَحَذَّقَ	حذق	فتحة	0	0
3180	تَسَبَّبَ	سبب	فتحة	0	0
3181	تَبَلَّدَ	بلد	فتحة	0	0
3182	تَحَرَّزَ	حرز	فتحة	0	0
3183	تَرَوَّلَ	رول	فتحة	0	0
3184	تَعَرَّفَ	عرف	فتحة	0	1
3185	تَسَرَّبَ	سرب	فتحة	0	0
3186	تَمَرْكَزَ	مركز	فتحة	0	0
3187	تَعَرَّضَ	عرض	فتحة	0	1
3188	تَسَدَّدَ	سدد	فتحة	0	0
3189	تَسَرْبَلَ	سربل	فتحة	0	0
3190	تَرَشَّشَ	رشش	فتحة	0	0
3191	تَرَصَّفَ	رصف	فتحة	0	0
3192	تَسَلْطَنَ	سلطن	فتحة	0	0
3193	تَرَنَّقَ	رنق	فتحة	0	0
3194	تَرَمْرَمَ	رمرم	فتحة	0	0
3195	تَرَمَّلَ	رمل	فتحة	0	0
3196	تَمَرْفَقَ	رفق	فتحة	0	0
3197	تَحَرَّجَ	حرج	فتحة	0	0
3198	تَرَعْبَلَ	رعب	فتحة	0	0
3199	تَغَمْغَمَ	غمغم	فتحة	0	0
3200	تَرَسَّمَ	رسم	فتحة	0	1
3201	تَجَسَّمَ	جسم	فتحة	0	1
3202	تَرَطَّبَ	رطب	فتحة	0	0
3203	تَقَشَّطَ	قشط	فتحة	0	0
3204	تَفَصَّدَ	فصد	فتحة	0	0
3205	تَجَنَّبَ	جنب	فتحة	0	1
3206	تَقَهْقَرَ	قهقر	فتحة	0	0
3207	تَرَيَّضَ	روض	فتحة	0	0
3208	تَعَرْقَلَ	عرقل	فتحة	0	0
3209	تَعَرَّجَ	عرج	فتحة	0	0
3210	تَبَضَّعَ	بضع	فتحة	0	1
3211	تَعَثَّرَ	عثر	فتحة	0	0
3212	تَنَشَّرَ	نشر	فتحة	0	0
3213	تَجَبَّرَ	جبر	فتحة	0	1
3214	تَظَلَّمَ	ظلم	فتحة	0	1
3215	تَطَوَّسَ	طوس	فتحة	0	0
3216	تَطَيَّبَ	طيب	فتحة	0	0
3217	تَسَلَّقَ	سلق	فتحة	0	1
3218	تَطَيَّفَ	طيف	فتحة	0	0
3219	تَزَلَّفَ	زلف	فتحة	0	0
3220	تَزَخْرَفَ	زخرف	فتحة	0	0
3221	تَيَقَّنَ	يقن	فتحة	0	1
3222	تَرَيَّثَ	ريث	فتحة	0	0
3223	تَرَوَّضَ	روض	فتحة	0	0
3224	تَرَشَّحَ	رشح	فتحة	0	0
3225	تَوَسَّخَ	وسخ	فتحة	0	0
3226	تَفَقَّصَ	فقص	فتحة	0	0
3227	تَعَجَّنَ	عجن	فتحة	0	0
3228	تَعَرَّبَ	عرب	فتحة	0	0
3229	تَمَهَّلَ	مهل	فتحة	0	0
3230	تَشَعَّلَ	شعل	فتحة	0	0
3231	تَقَطَّرَ	قطر	فتحة	0	0
3232	تَعَدَّدَ	عدد	فتحة	0	0
3233	تَعَذَّرَ	عذر	فتحة	0	0
3234	تَلَقَّطَ	لقط	فتحة	0	1
3235	تَنَقَّصَ	نقص	فتحة	0	1
3236	تَسَلَّفَ	سلف	فتحة	0	1
3237	تَسَخَّرَ	سخر	فتحة	0	1
3238	تَلَقَّفَ	لقف	فتحة	0	1
3239	تَهَزَّعَ	هزع	فتحة	0	0
3240	تَفَيَّشَ	فيش	فتحة	0	1
3241	تَقَبَّلَ	قبل	فتحة	0	1
3242	تَسَفَّدَ	سفد	فتحة	0	1
3243	تَسَفَّلَ	سفل	فتحة	0	0
3244	تَشَمَّرَ	شمر	فتحة	0	0
3245	تَمَجَّدَ	مجد	فتحة	0	0
3246	تَدَلَّهَ	دله	فتحة	0	0
3247	تَسَنَّمَ	سنم	فتحة	0	1
3248	تَسَلَّمَ	سلم	فتحة	0	1
3249	تَمَيَّعَ	ميع	فتحة	0	0
3250	تَجَنَّدَ	جند	فتحة	0	0
3251	تَحَسَّرَ	حسر	فتحة	0	0
3252	تَنَقَّذَ	نقذ	فتحة	0	1
3253	تَهَوَّدَ	هود	فتحة	0	0
3254	تَغَرَّبَ	غرب	فتحة	0	0
3255	تَخَطَّفَ	خطف	فتحة	0	1
3256	تَلَجَّجَ	لجج	فتحة	0	1
3257	تَأَقْلَمَ	ءفلم	فتحة	0	0
3258	تَلَغَّمَ	لغم	فتحة	0	0
3259	تَعَسَّرَ	عسر	فتحة	0	0
3260	تَفَكَّرَ	فكر	فتحة	0	0
3261	تَسَيْطَرَ	سيطر	فتحة	0	0
3262	تَمَدْرَسَ	درس	فتحة	0	0
3263	تَكَسَّبَ	كسب	فتحة	0	1
3264	تَشَبَّكَ	شبك	فتحة	0	0
3265	تَعَلَّفَ	علف	فتحة	0	0
3266	تَدَبَّرَ	دبر	فتحة	0	1
3267	تَسَلَّخَ	سلخ	فتحة	0	0
3268	تَزَهَّدَ	زهد	فتحة	0	0
3269	تَسَوَّلَ	سول	فتحة	0	0
3270	تَسَنَّنَ	سنن	فتحة	0	0
3271	تَرَكَّلَ	ركل	فتحة	0	0
3272	تَرَقَّبَ	رقب	فتحة	0	1
3273	تَوَسَّدَ	وسد	فتحة	0	1
3274	تَفَرَّسَ	فرس	فتحة	0	0
3275	تَشَبَّبَ	شبب	فتحة	0	0
3276	تَهَفْهَفَ	هفهف	فتحة	0	0
3277	تَرَقَّقَ	رقق	فتحة	0	1
3278	تَقَرَّبَ	قرب	فتحة	0	0
3279	تَحَذْلَقَ	حذلق	فتحة	0	0
3280	تَسَكَّعَ	سكع	فتحة	0	0
3281	تَصَعْلَكَ	صعل	فتحة	0	0
3282	تَعَجَّلَ	عجل	فتحة	0	1
3283	تَسَرْوَلَ	سرول	فتحة	0	0
3284	تَرَنَّحَ	رنح	فتحة	0	0
3285	تَهَدَّجَ	هدج	فتحة	0	0
3286	تَشَخَّصَ	شخص	فتحة	0	0
3287	تَشَعْشَعَ	شعشع	فتحة	0	0
3288	تَشَرَّفَ	شرف	فتحة	0	0
3289	تَشَفَّعَ	شفع	فتحة	0	0
3290	تَسَلْسَلَ	سلسل	فتحة	0	0
3291	تَعَكَّزَ	عكز	فتحة	0	1
3292	تَشَذَّبَ	شذب	فتحة	0	1
3293	تَفَلَّقَ	فلق	فتحة	0	0
3294	تَقَشَّعَ	قشع	فتحة	0	0
3295	تَقَشَّفَ	قشف	فتحة	0	0
3296	تَغَفَّلَ	غفل	فتحة	0	1
3297	تَجَهَّمَ	جهم	فتحة	0	1
3298	تَقَشَّرَ	قشر	فتحة	0	0
3299	تَقَرْفَصَ	قرفص	فتحة	0	0
3300	تَحَفَّزَ	حفز	فتحة	0	0
3301	تَرَسَّبَ	رسب	فتحة	0	0
3302	تَجَرَّدَ	جرد	فتحة	0	0
3303	تَغَيَّلَ	غيل	فتحة	0	0
3304	تَجَلَّلَ	جلل	فتحة	0	1
3305	تَغَلَّفَ	غلف	فتحة	0	0
3306	تَوَكَّدَ	وكد	فتحة	0	0
3307	تَغَطْرَفَ	غطر	فتحة	0	0
3308	تَقَلَّعَ	قلع	فتحة	0	0
3309	تَقَعَّرَ	قعر	فتحة	0	1
3310	تَمَتَّعَ	متع	فتحة	0	0
3311	تَفَلَّحَ	فلح	فتحة	0	0
3312	تَنَغَّصَ	نغص	فتحة	0	0
3313	تَسَرَّحَ	سرح	فتحة	0	0
3314	تَوَرَّعَ	ورع	فتحة	0	0
3315	تَقَنَّصَ	قنص	فتحة	0	1
3316	تَقَنَّعَ	قنع	فتحة	0	0
3317	تَقَوَّضَ	قوض	فتحة	0	0
3318	تَهَوَّشَ	هوش	فتحة	0	0
3319	تَفَوَّقَ	فوق	فتحة	0	0
3320	تَجَمَّلَ	جمل	فتحة	0	0
3321	تَزَحْلَقَ	زحلق	فتحة	0	0
3322	تَسَفَّهَ	سفه	فتحة	0	0
3323	تَفَصَّلَ	فصل	فتحة	0	0
3324	تَفَسَّحَ	فسح	فتحة	0	0
3325	تَهَزْهَزَ	هزه	فتحة	0	0
3326	تَحَمَّلَ	حمل	فتحة	0	1
3327	تَفَرْعَنَ	فرعن	فتحة	0	0
3328	تَنَسَّكَ	نسك	فتحة	0	0
3329	تَفَزَّرَ	فزر	فتحة	0	0
3330	تَفَتَّلَ	فتل	فتحة	0	0
3331	تَفَرْنَسَ	فرنس	فتحة	0	0
3332	تَفَتَّحَ	فتح	فتحة	0	0
3333	تَتَبَّعَ	تبع	فتحة	0	1
3334	تَوَسَّطَ	وسط	فتحة	0	1
3335	تَقَعَّدَ	قعد	فتحة	0	1
3336	تَفَتَّقَ	فتق	فتحة	0	0
3337	تَزَمَّتَ	زمت	فتحة	0	0
3338	تَحَنَّثَ	حنث	فتحة	0	0
3339	تَشَبَّهَ	شبه	فتحة	0	0
3340	تَغَنَّجَ	غنج	فتحة	0	0
3341	تَغَيَّمَ	غيم	فتحة	0	0
3342	تَعَوَّضَ	عوض	فتحة	0	1
3343	تَعَيَّشَ	عيش	فتحة	0	0
3344	تَفَرَّقَ	فرق	فتحة	0	1
3345	تَفَرْقَعَ	فرقع	فتحة	0	0
3346	تَضَرَّعَ	ضرع	فتحة	0	0
3347	تَغَشَّمَ	غشم	فتحة	0	1
3348	تَدَيَّنَ	دين	فتحة	0	0
3349	تَمَغْرَبَ	غرب	فتحة	0	0
3350	تَعَزَّبَ	عزب	فتحة	0	0
3351	تَوَجَّعَ	وجع	فتحة	0	0
3352	تَنَفَّشَ	نفش	فتحة	0	0
3353	تَوَحَّدَ	وحد	فتحة	0	1
3354	تَزَبَّبَ	زبب	فتحة	0	0
3355	تَهَلْهَلَ	هلهل	فتحة	0	0
3356	تَوَحَّشَ	وحش	فتحة	0	0
3357	تَعَوَّجَ	عوج	فتحة	0	0
3358	تَمَزَّقَ	مزق	فتحة	0	0
3359	تَغَيَّبَ	غيب	فتحة	0	0
3360	تَهَوَّمَ	هوم	فتحة	0	0
3361	تَشَوَّفَ	شوف	فتحة	0	1
3362	تَوَرَّعَ	ورع	فتحة	0	0
3363	تَوَرَّكَ	ورك	فتحة	0	1
3364	تَصَرَّمَ	صرم	فتحة	0	0
3365	تَهَدَّمَ	هدم	فتحة	0	0
3366	تَنَوَّمَ	نوم	فتحة	0	1
3367	تَكَتَّفَ	كتف	فتحة	0	0
3368	تَهَدَّلَ	هدل	فتحة	0	0
3369	تَهَكَّمَ	هكم	فتحة	0	1
3370	تَنَقَّدَ	نقد	فتحة	0	1
3371	تَنَزَّلَ	نزل	فتحة	0	1
3372	تَهَطَّلَ	هطل	فتحة	0	0
3373	تَهَجَّرَ	هجر	فتحة	0	0
3374	تَهَجَّمَ	هجم	فتحة	0	0
3375	تَفَرَّعَ	فرع	فتحة	0	1
3376	تَرَقَّعَ	رقع	فتحة	0	1
3377	تَوَكَّلَ	وكل	فتحة	0	0
3378	تَنَوَّعَ	نوع	فتحة	0	0
3379	تَهَجَّدَ	هجد	فتحة	0	1
3380	تَكَيَّفَ	كيف	فتحة	0	0
3381	تَضَرَّمَ	ضرم	فتحة	0	0
3382	تَنَفَّطَ	نفط	فتحة	0	0
3383	تَفَحَّشَ	فحش	فتحة	0	0
3384	تَكَفَّنَ	كفن	فتحة	0	0
3385	تَقَدَّدَ	قدد	فتحة	0	0
3386	تَقَدَّرَ	قدر	فتحة	0	0
3387	تَقَدَّسَ	قدس	فتحة	0	0
3388	تَفَقَّهَ	فقه	فتحة	0	1
3389	تَفَلَّتَ	فلت	فتحة	0	0
3390	تَزَلَّجَ	زلج	فتحة	0	1
3391	تَمَنَّنَ	منن	فتحة	0	1
3392	تَرَصَّدَ	رصد	فتحة	0	1
3393	تَفَتَّرَ	فتر	فتحة	0	0
3394	تَزَعَّمَ	زعم	فتحة	0	1
3395	تَوَظَّفَ	وظف	فتحة	0	0
3396	تَوَتَّرَ	وتر	فتحة	0	0
3397	تَحَزَّمَ	حزم	فتحة	0	0
3398	تَهَوَّسَ	هوس	فتحة	0	0
3399	تَهَيَّجَ	هيج	فتحة	0	0
3400	تَوَثَّقَ	وثق	فتحة	0	0
3401	تَفَجَّرَ	فجر	فتحة	0	0
3402	تَجَوَّدَ	جود	فتحة	0	1
3403	تَفَهَّمَ	فهم	فتحة	0	1
3404	تَكَرَّرَ	كرر	فتحة	0	0
3405	تَوَجَّدَ	وجد	فتحة	0	1
3406	تَوَجَّسَ	وجس	فتحة	0	1
3407	تَحَيَّرَ	حير	فتحة	0	0
3408	تَفَوَّهَ	فوه	فتحة	0	0
3409	تَلَمْلَمَ	لملم	فتحة	0	0
3410	تَدَخَّلَ	دخل	فتحة	0	0
3411	تَشَدَّدَ	شدد	فتحة	0	0
3412	تَمَنْدَلَ	مندل	فتحة	0	0
3413	تَمَكَّثَ	مكث	فتحة	0	0
3414	تَكَفْكَفَ	كفكف	فتحة	0	0
3415	تَفَطَّنَ	فطن	فتحة	0	0
3416	تَشَهَّدَ	شهد	فتحة	0	0
3417	تَكَنَّفَ	كنف	فتحة	0	1
3418	تَشَبَّعَ	شبع	فتحة	0	0
3419	تَغَرْغَرَ	غرغر	فتحة	0	0
3420	تَنَظَّفَ	نظف	فتحة	0	0
3421	تَمَرْمَرَ	مرمر	فتحة	0	0
3422	تَضَمَّرَ	ضمر	فتحة	0	0
3423	تَطَهَّرَ	طهر	فتحة	0	0
3424	تَخَرَّقَ	خرق	فتحة	0	1
3425	تَكَبَّرَ	كبر	فتحة	0	0
3426	تَدَلَّلَ	دلل	فتحة	0	0
3427	تَبَلْوَرَ	بلور	فتحة	0	0
3428	تَحَجَّبَ	حجب	فتحة	0	0
3429	تَسَقَّطَ	سقط	فتحة	0	1
3430	تَيَقَّظَ	يقظ	فتحة	0	0
3431	تَكَفَّفَ	كفف	فتحة	0	1
3432	تَحَضَّرَ	حضر	فتحة	0	0
3433	تَكَشَّرَ	كشر	فتحة	0	0
3434	تَعَطَّلَ	عطل	فتحة	0	0
3435	تَنَكَّدَ	نكد	فتحة	0	0
3436	تَكَرْكَرَ	كركر	فتحة	0	0
3437	تَقَرَّرَ	قرر	فتحة	0	0
3438	تَجَيَّشَ	جيش	فتحة	0	0
3439	تَغَيَّظَ	غيظ	فتحة	0	0
3440	تَرَفَّقَ	رفق	فتحة	0	0
3441	تَطَوَّلَ	طول	فتحة	0	0
3442	تَشَيْطَنَ	شطن	فتحة	0	0
3443	تَسَطَّحَ	سطح	فتحة	0	0
3444	تَغَرَّدَ	غرد	فتحة	0	0
3445	تَنَكَّسَ	نكس	فتحة	0	0
3446	تَبَتَّلَ	بتل	فتحة	0	0
3447	تَرَهَّبَ	رهب	فتحة	0	0
3448	تَمَضْمَضَ	مضمض	فتحة	0	0
3449	تَمَرَّعَ	مرع	فتحة	0	0
3450	تَرَفَّلَ	رفل	فتحة	0	0
3451	تَهَرْطَقَ	هرط	فتحة	0	0
3452	تَقَمَّمَ	قمم	فتحة	0	1
3453	تَشَوَّشَ	شوش	فتحة	0	0
3454	تَمَذْهَبَ	ذهب	فتحة	0	0
3455	تَمَثَّلَ	مثل	فتحة	0	1
3456	تَيَمَّمَ	يمم	فتحة	0	1
3457	تَسَكَّنَ	سكن	فتحة	0	0
3458	تَضَيَّقَ	ضيق	فتحة	0	0
3459	تَكَرَّهَ	كره	فتحة	0	1
3460	تَلَوَّحَ	لوح	فتحة	0	0
3461	تَقَبَّضَ	قبض	فتحة	0	0
3462	تَوَهَّدَ	وهد	فتحة	0	0
3463	تَغَزَّلَ	غزل	فتحة	0	0
3464	تَوَطَّنَ	وطن	فتحة	0	0
3465	تَيَفَّعَ	يفع	فتحة	0	0
3466	تَحَمَّسَ	حمس	فتحة	0	0
3467	تَلَثَّمَ	لثم	فتحة	0	0
3468	تَمَوَّجَ	موج	فتحة	0	0
3469	تَلَهَّفَ	لهف	فتحة	0	0
3470	تَنَوَّرَ	نور	فتحة	0	1
3471	تَنَصَّحَ	نصح	فتحة	0	1
3472	تَخَوَّفَ	خوف	فتحة	0	1
3473	تَلَحَّحَ	لحح	فتحة	0	0
3474	تَشَكَّلَ	شكل	فتحة	0	0
3475	تَكَهَّنَ	كهن	فتحة	0	0
3476	تَكَمَّلَ	كمل	فتحة	0	0
3477	تَنَعَّلَ	نعل	فتحة	0	0
3478	تَعَظَّمَ	عظم	فتحة	0	0
3479	تَدَحْرَجَ	دحرج	فتحة	0	0
3480	تَكَلَّسَ	كلس	فتحة	0	0
3481	تَكَلَّفَ	كلف	فتحة	0	1
3482	تَفَجَّعَ	فجع	فتحة	0	0
3483	تَذَوَّقَ	ذوق	فتحة	0	1
3484	تَلَبَّكَ	لبك	فتحة	0	0
3485	تَذَرَّعَ	ذرع	فتحة	0	1
3486	تَشَدَّقَ	شدق	فتحة	0	0
3487	تَفَخَّرَ	فخر	فتحة	0	0
3488	تَفَرَّجَ	فرج	فتحة	0	0
3489	تَغَلْغَلَ	غلغل	فتحة	0	0
3490	تَكَوْثَرَ	كثر	فتحة	0	0
3491	تَلَبَّبَ	لبب	فتحة	0	0
3492	تَفَحَّصَ	فحص	فتحة	0	1
3493	تَوَصَّلَ	وصل	فتحة	0	0
3494	تَلَبَّدَ	لبد	فتحة	0	0
3495	تَلَبَّسَ	لبس	فتحة	0	1
3496	تَصَحَّحَ	صحح	فتحة	0	0
3497	تَشَمَّتَ	شمت	فتحة	0	0
3498	تَهَدَّبَ	هدب	فتحة	0	0
3499	تَكَدَّسَ	كدس	فتحة	0	0
3500	تَلَقَّبَ	لقب	فتحة	0	0
3501	تَطَلَّعَ	طلع	فتحة	0	1
3502	تَلَطَّفَ	لطف	فتحة	0	1
3503	تَلَطَّمَ	لطم	فتحة	0	0
3504	تَقَيَّدَ	قيد	فتحة	0	0
3505	تَقَيَّفَ	قيف	فتحة	0	1
3506	تَجَسَّسَ	جسس	فتحة	0	1
3507	تَكَثَّرَ	كثر	فتحة	0	0
3508	تَكَرْبَعَ	كرب	فتحة	0	0
3509	تَرَبَّصَ	ربص	فتحة	0	1
3510	تَكَدَّرَ	كدر	فتحة	0	0
3511	تَلَمَّعَ	لمع	فتحة	0	1
3512	تَلَمَّقَ	لمق	فتحة	0	0
3513	تَلَصَّصَ	لصص	فتحة	0	0
3514	تَرَكَّنَ	ركن	فتحة	0	0
3515	تَزَلْزَلَ	زلزل	فتحة	0	0
3516	تَشَكَّكَ	شكك	فتحة	0	0
3517	تَلَفْلَفَ	لفلف	فتحة	0	0
3518	تَنَبَّهَ	نبه	فتحة	0	0
3519	تَلَدَّنَ	لدن	فتحة	0	0
3520	تَلَعْثَمَ	لعثم	فتحة	0	0
3521	تَلَقَّمَ	لقم	فتحة	0	1
3522	تَعَمَّمَ	عمم	فتحة	0	1
3523	تَغَلَّبَ	غلب	فتحة	0	0
3524	تَنَقَّضَ	نقض	فتحة	0	0
3525	تَلَوَّهَ	لوه	فتحة	0	0
3526	تَلَمَّجَ	لمج	فتحة	0	0
3527	تَمَدَّدَ	مدد	فتحة	0	1
3528	تَرَعْرَعَ	رعرع	فتحة	0	0
3529	تَمَوَّنَ	مون	فتحة	0	0
3530	تَكَوَّنَ	كون	فتحة	0	0
3531	تَصَبَّرَ	صبر	فتحة	0	0
3532	تَخَنَّثَ	خنث	فتحة	0	0
3533	تَثَمَّلَ	ثمل	فتحة	0	1
3534	تَسَمَّرَ	سمر	فتحة	0	0
3535	تَجَوَّلَ	جول	فتحة	0	0
3536	تَوَقَّحَ	وقح	فتحة	0	0
3537	تَوَلَّدَ	ولد	فتحة	0	0
3538	تَوَحَّمَ	وحم	فتحة	0	0
3539	تَمَرَّسَ	مرس	فتحة	0	0
3540	تَمَنْطَقَ	نطق	فتحة	0	0
3541	تَكَبَّسَ	كبس	فتحة	0	0
3542	تَلَجْلَجَ	لجلج	فتحة	0	1
3543	تَنَتَّفَ	نتف	فتحة	0	1
3544	تَنَظَّرَ	نظر	فتحة	0	1
3545	تَنَغَّمَ	نغم	فتحة	0	0
3546	تَوَقَّعَ	وقع	فتحة	0	1
3547	تَبَرَّمَ	برم	فتحة	0	0
3548	تَقَلَّصَ	قلص	فتحة	0	0
3549	تَنَضَّدَ	نضد	فتحة	0	0
3550	تَنَظَّمَ	نظم	فتحة	0	0
3551	تَفَرَّغَ	فرغ	فتحة	0	0
3552	تَمَوَّهَ	موه	فتحة	0	0
3553	تَشَلْشَلَ	شلشل	فتحة	0	0
3554	تَخَشَّعَ	خشع	فتحة	0	0
3555	تَمَهَّدَ	مهد	فتحة	0	1
3556	تَمَهَّرَ	مهر	فتحة	0	0
3557	تَشَعَّثَ	شعث	فتحة	0	1
3558	تَمَغَّصَ	مغص	فتحة	0	1
3559	تَرَبَّعَ	ربع	فتحة	0	1
3560	تَضَمَّخَ	ضمخ	فتحة	0	0
3561	تَهَيَّبَ	هيب	فتحة	0	1
3562	تَخَبَّرَ	خبر	فتحة	0	1
3563	تَكَذَّبَ	كذب	فتحة	0	1
3564	تَمَطَّقَ	مطق	فتحة	0	1
3565	تَصَيَّفَ	صيف	فتحة	0	0
3566	تَمَجَّنَ	مجن	فتحة	0	0
3567	تَلَوَّمَ	لوم	فتحة	0	0
3568	تَلَوَّنَ	لون	فتحة	0	0
3569	تَلَوَّثَ	لوث	فتحة	0	0
3570	تَمَحَّصَ	محص	فتحة	0	0
3571	تَمَوَّرَ	مور	فتحة	0	0
3572	تَنَمَّلَ	نمل	فتحة	0	0
3573	تَرَتَّبَ	رتب	فتحة	0	0
3574	تَلَيَّنَ	لين	فتحة	0	0
3575	تَسَوَّلَ	سءل	فتحة	0	0
3576	تَمَخَّضَ	مخض	فتحة	0	0
3577	تَشَجَّعَ	شجع	فتحة	0	0
3578	تَمَيَّلَ	ميل	فتحة	0	0
3579	تَحَدَّثَ	حدث	فتحة	0	0
3580	تَحَشَّدَ	حشد	فتحة	0	0
3581	تَخَشَّبَ	خشب	فتحة	0	1
3582	تَحَصَّنَ	حصن	فتحة	0	0
3583	تَسَمَّعَ	سمع	فتحة	0	1
3584	تَحَصَّلَ	حصل	فتحة	0	0
3585	تَحَلَّبَ	حلب	فتحة	0	0
3586	تَذَكَّرَ	ذكر	فتحة	0	1
3587	تَفَلَّجَ	فلج	فتحة	0	0
3588	تَحَلْحَلَ	حلحل	فتحة	0	0
3589	تَوَقَّرَ	وقر	فتحة	0	0
3590	تَحَكَّمَ	حكم	فتحة	0	0
3591	تَحَيَّزَ	حيز	فتحة	0	0
3592	تَلَفَّظَ	لفظ	فتحة	0	0
3593	تَنَضَّحَ	نضح	فتحة	0	0
3594	تَلَقَّحَ	لقح	فتحة	0	0
3595	تَعَطَّشَ	عطش	فتحة	0	0
3596	تَحَوَّزَ	ح وز	فتحة	0	1
3597	تَحَرَّشَ	حرش	فتحة	0	0
3598	تَخَبَّطَ	خبط	فتحة	0	1
3599	تَصَوَّنَ	صون	فتحة	0	1
3600	تَحَيَّنَ	حين	فتحة	0	1
3601	تَخَرَّجَ	خرج	فتحة	0	0
3602	تَرَفَّعَ	رفع	فتحة	0	1
3603	تَوَسَّلَ	وسل	فتحة	0	0
3604	تَفَكَّكَ	فكك	فتحة	0	0
3605	تَطَبَّبَ	طبب	فتحة	0	0
3606	تَلَذَّعَ	لذع	فتحة	0	0
3607	تَنَثَّرَ	نثر	فتحة	0	0
3608	تَوَرَّمَ	ورم	فتحة	0	0
3609	تَنَجَّعَ	نجع	فتحة	0	1
3610	تَمَخَّطَ	مخط	فتحة	0	0
3611	تَوَقَّفَ	وقف	فتحة	0	0
3612	تَنَفَّلَ	نفل	فتحة	0	0
3613	تَنَوَّلَ	نول	فتحة	0	1
3614	تَنَعَّتَ	نعت	فتحة	0	1
3615	تَهَشَّمَ	هشم	فتحة	0	1
3616	تَنَشَّطَ	نشط	فتحة	0	1
3617	تَطَوَّرَ	طور	فتحة	0	0
3618	تَرَهَّلَ	رهل	فتحة	0	0
3619	تَنَشَّقَ	نشق	فتحة	0	1
3620	تَنَسَّقَ	نسق	فتحة	0	0
3621	تَنَسَّمَ	نسم	فتحة	0	1
3622	تَنَشَّفَ	نشف	فتحة	0	1
3623	تَطَبَّقَ	طبق	فتحة	0	0
3624	تَنَجَّزَ	نجز	فتحة	0	1
3625	تَنَجَّسَ	نجس	فتحة	0	0
3626	تَوَثَّبَ	وثب	فتحة	0	0
3627	تَنَصَّتَ	نصت	فتحة	0	0
3628	تَمَسَّحَ	مسح	فتحة	0	1
3629	تَقَدَّمَ	قدم	فتحة	0	1
3630	تَسَجَّلَ	سجل	فتحة	0	0
3631	تَوَشَّحَ	وشح	فتحة	0	1
3632	تَلَذَّذَ	لذذ	فتحة	0	1
3633	تَفَطَّرَ	فطر	فتحة	0	0
3634	تَضَمَّنَ	ضمن	فتحة	0	1
3635	تَزَعْزَعَ	زعزع	فتحة	0	0
3636	تَوَفَّرَ	وفر	فتحة	0	0
3637	تَرَجَّلَ	رجل	فتحة	0	1
3638	تَنَعَّمَ	نعم	فتحة	0	1
3639	تَوَفَّقَ	وفق	فتحة	0	0
3640	تَهَوَّجَ	هوج	فتحة	0	0
3641	تَوَشْوَشَ	وشوش	فتحة	0	0
3642	تَمَلَّكَ	ملك	فتحة	0	1
3643	تَبَرْعَمَ	برعم	فتحة	0	0
3644	تَوَعَّكَ	وعك	فتحة	0	0
3645	تَجَذَّفَ	جذف	فتحة	0	0
3646	تَهَرَّبَ	هرب	فتحة	0	0
3647	تَهَزَّزَ	هزز	فتحة	0	0
3648	تَهَدْهَدَ	هدهد	فتحة	0	0
3649	تَوَضَّحَ	وضح	فتحة	0	0
3650	تَفَنَّنَ	فنن	فتحة	0	0
3651	تَفَسَّرَ	فسر	فتحة	0	1
3652	تَوَسَّنَ	وسن	فتحة	0	1
3653	تَخَشَّنَ	خشن	فتحة	0	0
3654	تَيَسَّرَ	يسر	فتحة	0	0
3655	تَقَلْقَلَ	قلقل	فتحة	0	0
3656	تَنَقَّبَ	نقب	فتحة	0	0
3657	تَوَلَّجَ	ولج	فتحة	0	1
3658	تَوَزَّعَ	وزع	فتحة	0	1
3659	تَنَحَّلَ	نحل	فتحة	0	1
3660	تَوَعَّدَ	وعد	فتحة	0	1
3661	تَجَوَّزَ	جوز	فتحة	0	0
3662	تَمَرَّنَ	مرن	فتحة	0	0
3663	تَنَبَّلَ	نبل	فتحة	0	1
3664	تَنَقَّلَ	نقل	فتحة	0	0
3665	تَشَنَّنَ	شنن	فتحة	0	0
3666	تَرَدَّدَ	ردد	فتحة	0	0
3667	تَمَسْكَنَ	سكن	فتحة	0	0
3668	تَنَسَّبَ	نسب	فتحة	0	0
3669	تَبَخَّرَ	بخر	فتحة	0	0
3670	تَقَزَّمَ	قزم	فتحة	0	0
3671	تَهَزَّجَ	هزج	فتحة	0	0
3672	تَرَشَّفَ	رشف	فتحة	0	1
3673	تَوَهَّنَ	وهن	فتحة	0	0
3674	تَطَفَّلَ	طفل	فتحة	0	0
3675	تَشَيْطَنَ	شيطن	فتحة	0	0
3676	تَرَصَّعَ	رصع	فتحة	0	0
3677	تَمَلَّسَ	ملس	فتحة	0	0
3678	تَقَسَّمَ	قسم	فتحة	0	1
3679	تَسَرَّعَ	سرع	فتحة	0	0
3680	تَوَدَّدَ	ودد	فتحة	0	1
3681	تَلَفَّفَ	لفف	فتحة	0	0
3682	تَفَقَّدَ	فقد	فتحة	0	1
3683	تَوَهَّمَ	وهم	فتحة	0	1
3684	تَوَلَّهَ	وله	فتحة	0	0
3685	تَحَوَّلَ	حول	فتحة	0	0
3686	تَمَطَّطَ	مطط	فتحة	0	0
3687	تَقَارَضَ	قرض	فتحة	0	1
3688	تَشَاكَلَ	شكل	فتحة	0	0
3689	تَخَابَثَ	خبث	فتحة	0	0
3690	تَنَاهَشَ	نهش	فتحة	0	0
3691	تَحَادَبَ	حدب	فتحة	0	0
3692	تَجَاسَرَ	جسر	فتحة	0	0
3693	تَشَاجَرَ	شجر	فتحة	0	0
3694	تَدَاعَبَ	دعب	فتحة	0	0
3695	تَظَافَرَ	ظفر	فتحة	0	0
3696	تَزَايَدَ	زيد	فتحة	0	0
3697	تَسَاجَلَ	سجل	فتحة	0	0
3698	تَشَاوَرَ	شور	فتحة	0	0
3699	تَحَاكَمَ	حكم	فتحة	0	0
3700	تَعَاقَبَ	عقب	فتحة	0	0
3701	تَشَايَعَ	شيع	فتحة	0	0
3702	تَزَاهَدَ	زهد	فتحة	0	1
3703	تَجَاوَبَ	جوب	فتحة	0	0
3704	تَفَارَقَ	فرق	فتحة	0	0
3705	تَوَاكَلَ	وكل	فتحة	0	1
3706	تَوَاهَبَ	وهب	فتحة	0	0
3707	تَلَاكَمَ	لكم	فتحة	0	0
3708	تَضَاجَعَ	ضجع	فتحة	0	0
3709	تَقَاطَعَ	قطع	فتحة	0	0
3710	تَوَازَنَ	وزن	فتحة	0	0
3711	تَضَاعَفَ	ضعف	فتحة	0	0
3712	تَطَارَدَ	طرد	فتحة	0	0
3713	تَنَابَزَ	نبز	فتحة	0	0
3714	تَمَاجَدَ	مجد	فتحة	0	0
3715	تَهَايَجَ	هيج	فتحة	0	0
3716	تَصَاهَرَ	صهر	فتحة	0	0
3717	تَسَارَعَ	سرع	فتحة	0	0
3718	تَرَاحَمَ	رحم	فتحة	0	0
3719	تَبَارَكَ	برك	فتحة	0	0
3720	تَقَادَمَ	قدم	فتحة	0	0
3721	تَسَالَمَ	سلم	فتحة	0	0
3722	تَرَاوَغَ	روغ	فتحة	0	0
3723	تَفَاقَدَ	فقد	فتحة	0	0
3724	تَنَاحَسَ	نحس	فتحة	0	0
3725	تَنَاوَمَ	نوم	فتحة	0	0
3726	تَهَاجَمَ	هجم	فتحة	0	0
3727	تَمَاكَسَ	مكس	فتحة	0	0
3728	تَسَايَرَ	سير	فتحة	0	0
3729	تَبَاغَضَ	بغض	فتحة	0	0
3730	تَبَايَنَ	بين	فتحة	0	0
3731	تَقَابَلَ	قبل	فتحة	0	0
3732	تَوَاجَدَ	وجد	فتحة	0	0
3733	تَهَامَسَ	همس	فتحة	0	0
3734	تَغَامَسَ	غمس	فتحة	0	0
3735	تَمَازَحَ	مزح	فتحة	0	0
3736	تَدَارَكَ	درك	فتحة	0	1
3737	تَحَاسَدَ	حسد	فتحة	0	0
3738	تَبَاجَحَ	بجح	فتحة	0	0
3739	تَبَادَرَ	بدر	فتحة	0	0
3740	تَشَانَقَ	شنق	فتحة	0	0
3741	تَحَاشَدَ	حشد	فتحة	0	0
3742	تَتَابَعَ	تبع	فتحة	0	0
3743	تَخَابَرَ	خبر	فتحة	0	0
3744	تَدَاوَلَ	دول	فتحة	0	1
3745	تَهَارَمَ	هرم	فتحة	0	0
3746	تَحَاقَدَ	حقد	فتحة	0	0
3747	تَجَاوَرَ	جور	فتحة	0	0
3748	تَجَاوَرَ	جير	فتحة	0	0
3749	تَتَالَعَ	تلع	فتحة	0	0
3750	تَسَاوَمَ	سوم	فتحة	0	1
3751	تَجَاذَبَ	جذب	فتحة	0	1
3752	تَخَاذَلَ	خ ذل	فتحة	0	0
3753	تَخَاصَمَ	خصم	فتحة	0	0
3754	تَوَاعَدَ	وعد	فتحة	0	0
3755	تَخَالَطَ	خلط	فتحة	0	0
3756	تَذَاكَرَ	ذكر	فتحة	0	1
3757	تَخَايَلَ	خيل	فتحة	0	0
3758	تَدَارَسَ	درس	فتحة	0	1
3759	تَكَابَرَ	كبر	فتحة	0	0
3760	تَرَابَطَ	ربط	فتحة	0	0
3761	تَجَادَلَ	جدل	فتحة	0	0
3762	تَنَابَذَ	نبذ	فتحة	0	0
3763	تَعَاظَلَ	عظل	فتحة	0	0
3764	تَفَاحَشَ	فحش	فتحة	0	0
3765	تَلَاكَنَ	لكن	فتحة	0	0
3766	تَزَاهَرَ	زهر	فتحة	0	0
3767	تَرَاهَنَ	رهن	فتحة	0	0
3768	تَرَاقَبَ	رقب	فتحة	0	0
3769	تَعَانَدَ	عند	فتحة	0	0
3770	تَعَانَقَ	عنق	فتحة	0	0
3771	تَعَالَمَ	علم	فتحة	0	1
3772	تَصَاغَرَ	صغر	فتحة	0	0
3773	تَعَايَرَ	عير	فتحة	0	0
3774	تَزَاحَفَ	زحف	فتحة	0	0
3775	تَرَاوَحَ	روح	فتحة	0	1
3776	تَعَارَكَ	عرك	فتحة	0	0
3777	تَضَافَرَ	ضفر	فتحة	0	0
3778	تَكَافَلَ	كفل	فتحة	0	0
3779	تَصَادَمَ	صدم	فتحة	0	0
3780	تَهَافَتَ	هفت	فتحة	0	0
3781	تَشَاغَبَ	شغب	فتحة	0	0
3782	تَمَازَجَ	مزج	فتحة	0	0
3783	تَصَايَحَ	صيح	فتحة	0	0
3784	تَضَاحَكَ	ضحك	فتحة	0	0
3785	تَصَاوَلَ	صول	فتحة	0	0
3786	تَصَاهَلَ	صهل	فتحة	0	0
3787	تَشَاغَلَ	شغل	فتحة	0	0
3788	تَكَاسَلَ	كسل	فتحة	0	0
3789	تَصَارَعَ	صرع	فتحة	0	0
3790	تَفَاصَحَ	فصح	فتحة	0	0
3791	تَبَادَلَ	بدل	فتحة	0	1
3792	تَنَابَلَ	نبل	فتحة	0	0
3793	تَنَازَلَ	نزل	فتحة	0	0
3794	تَلَاصَقَ	لصق	فتحة	0	0
3795	تَلَاعَبَ	لعب	فتحة	0	0
3796	تَغَايَرَ	غير	فتحة	0	0
3797	تَكَاثَفَ	كثف	فتحة	0	0
3798	تَلَاكَزَ	لكز	فتحة	0	0
3799	تَحَالَفَ	حلف	فتحة	0	0
3800	تَشَاتَمَ	شتم	فتحة	0	0
3801	تَمَارَضَ	مرض	فتحة	0	0
3802	تَعَاهَدَ	عهد	فتحة	0	1
3803	تَرَاشَقَ	رشق	فتحة	0	0
3804	تَقَاصَفَ	قصف	فتحة	0	0
3805	تَسَاكَبَ	سكب	فتحة	0	0
3806	تَكَايَدَ	كيد	فتحة	0	0
3807	تَظَاهَرَ	ظهر	فتحة	0	0
3808	تَقَاعَدَ	قعد	فتحة	0	0
3809	تَرَاكَمَ	ركم	فتحة	0	0
3810	تَحَاسَبَ	حسب	فتحة	0	0
3811	تَعَارَضَ	عرض	فتحة	0	0
3812	تَرَاصَدَ	رصد	فتحة	0	0
3813	تَنَاعَتَ	نعت	فتحة	0	1
3814	تَزَامَنَ	زمن	فتحة	0	0
3815	تَفَاتَحَ	فتح	فتحة	0	1
3816	تَفَاضَلَ	فضل	فتحة	0	0
3817	تَشَاكَسَ	شكس	فتحة	0	0
3818	تَطَابَقَ	طبق	فتحة	0	0
3819	تَطَايَرَ	طير	فتحة	0	0
3820	تَحَامَلَ	حمل	فتحة	0	1
3821	تَرَاسَلَ	رسل	فتحة	0	0
3822	تَغَافَلَ	غفل	فتحة	0	1
3823	تَكَايَلَ	كيل	فتحة	0	0
3824	تَنَاسَلَ	نسل	فتحة	0	0
3825	تَطَاعَنَ	طعن	فتحة	0	0
3826	تَفَاوَهَ	فوه	فتحة	0	0
3827	تَصَاحَبَ	صحب	فتحة	0	0
3828	تَحَادَثَ	حدث	فتحة	0	0
3829	تَنَاصَرَ	نصر	فتحة	0	0
3830	تَمَايَزَ	ميز	فتحة	0	0
3831	تَرَافَقَ	رفق	فتحة	0	0
3832	تَبَاشَرَ	بشر	فتحة	0	0
3833	تَعَارَفَ	عرف	فتحة	0	0
3834	تَحَارَبَ	حرب	فتحة	0	0
3835	تَبَايَعَ	بيع	فتحة	0	0
3836	تَعَازَلَ	عزل	فتحة	0	0
3837	تَشَامَخَ	شمخ	فتحة	0	0
3838	تَرَادَفَ	ردف	فتحة	0	0
3839	تَشَارَسَ	شرس	فتحة	0	0
3840	تَعَادَلَ	عدل	فتحة	0	0
3841	تَعَاشَرَ	عشر	فتحة	0	0
3842	تَهَامَشَ	همش	فتحة	0	0
3843	تَصَادَقَ	صدق	فتحة	0	1
3844	تَشَايَخَ	شيخ	فتحة	0	0
3845	تَصَاعَبَ	صعب	فتحة	0	0
3846	تَصَافَعَ	صفع	فتحة	0	0
3847	تَصَافَحَ	صفح	فتحة	0	0
3848	تَخَاطَبَ	خطب	فتحة	0	0
3849	تَفَاوَضَ	فوض	فتحة	0	0
3850	تَشَارَطَ	شرط	فتحة	0	0
3851	تَطَاوَعَ	طوع	فتحة	0	0
3852	تَعَايَشَ	عيش	فتحة	0	0
3853	تَضَامَنَ	ضمن	فتحة	0	0
3854	تَعَاقَدَ	عقد	فتحة	0	0
3855	تَضَاغَنَ	ضغن	فتحة	0	0
3856	تَعَاظَمَ	عظم	فتحة	0	1
3857	تَوَاصَلَ	وصل	فتحة	0	0
3858	تَشَاحَنَ	شحن	فتحة	0	0
3859	تَعَاطَفَ	عطف	فتحة	0	0
3860	تَفَاعَلَ	فعل	فتحة	0	0
3861	تَفَاقَمَ	فقم	فتحة	0	0
3862	تَفَاسَخَ	فسخ	فتحة	0	1
3863	تَفَاهَمَ	فهم	فتحة	0	0
3864	تَدَافَعَ	دفع	فتحة	0	1
3865	تَلَاوَمَ	لوم	فتحة	0	0
3866	تَعَاوَنَ	عون	فتحة	0	0
3867	تَعَايَبَ	عيب	فتحة	0	0
3868	تَغَابَطَ	غبط	فتحة	0	0
3869	تَغَابَنَ	غبن	فتحة	0	0
3870	تَغَازَلَ	غزل	فتحة	0	0
3871	تَمَايَلَ	ميل	فتحة	0	0
3872	تَمَاشَقَ	مشق	فتحة	0	1
3873	تَمَاوَتَ	موت	فتحة	0	0
3874	تَصَادَفَ	صدف	فتحة	0	0
3875	تَمَارَسَ	مرس	فتحة	0	0
3876	تَمَايَدَ	ميد	فتحة	0	0
3877	تَفَاضَحَ	فضح	فتحة	0	0
3878	تَخَادَعَ	خدع	فتحة	0	0
3879	تَفَاسَحَ	فسح	فتحة	0	0
3880	تَلَاحَمَ	لحم	فتحة	0	0
3881	تَهَارَقَ	هرق	فتحة	0	0
3882	تَفَاسَدَ	فسد	فتحة	0	0
3883	تَكَالَبَ	كلب	فتحة	0	0
3884	تَقَارَعَ	قرع	فتحة	0	0
3885	تَقَاسَمَ	قسم	فتحة	0	1
3886	تَلَاثَمَ	لثم	فتحة	0	0
3887	تَلَاحَظَ	لحظ	فتحة	0	0
3888	تَكَاشَفَ	كشف	فتحة	0	0
3889	تَثَاقَلَ	ثقل	فتحة	0	0
3890	تَقَاوَمَ	قوم	فتحة	0	1
3891	تَقَايَلَ	قيل	فتحة	0	0
3892	تَقَاذَفَ	قذف	فتحة	0	1
3893	تَقَارَبَ	قرب	فتحة	0	0
3894	تَقَارَظَ	قرظ	فتحة	0	1
3895	تَغَالَطَ	غلط	فتحة	0	0
3896	تَغَامَزَ	غمز	فتحة	0	0
3897	تَكَاثَرَ	كثر	فتحة	0	1
3898	تَغَاوَرَ	غور	فتحة	0	0
3899	تَشَابَكَ	شبك	فتحة	0	0
3900	تَفَاجَرَ	فجر	فتحة	0	0
3901	تَكَاتَبَ	كتب	فتحة	0	0
3902	تَفَاخَرَ	فخر	فتحة	0	0
3903	تَزَاحَمَ	زحم	فتحة	0	0
3904	تَكَامَلَ	كمل	فتحة	0	0
3905	تَنَاعَمَ	نعم	فتحة	0	0
3906	تَنَاكَحَ	نكح	فتحة	0	0
3907	تَقَاعَسَ	قعس	فتحة	0	0
3908	تَكَاتَفَ	كتف	فتحة	0	0
3909	تَشَازَرَ	شزر	فتحة	0	0
3910	تَرَاصَفَ	رصف	فتحة	0	0
3911	تَجَاهَرَ	جهر	فتحة	0	0
3912	تَزَاوَرَ	زور	فتحة	0	0
3913	تَضَاغَطَ	ضغط	فتحة	0	0
3914	تَنَافَسَ	نفس	فتحة	0	0
3915	تَخَالَصَ	خلص	فتحة	0	0
3916	تَفَاوَتَ	فوت	فتحة	0	0
3917	تَحَامَقَ	حمق	فتحة	0	0
3918	تَجَانَسَ	جنس	فتحة	0	0
3919	تَحَايَلَ	حيل	فتحة	0	0
3920	تَجَاهَلَ	جهل	فتحة	0	1
3921	تَلَاحَقَ	لحق	فتحة	0	0
3922	تَوَاجَهَ	وجه	فتحة	0	0
3923	تَرَاكَلَ	ركل	فتحة	0	0
3924	تَكَاذَبَ	كذب	فتحة	0	0
3925	تَضَايَقَ	ضيق	فتحة	0	0
3926	تَضَارَبَ	ضرب	فتحة	0	0
3927	تَلَاعَنَ	لعن	فتحة	0	0
3928	تَحَاوَرَ	حور	فتحة	0	0
3929	تَسَامَرَ	سمر	فتحة	0	0
3930	تَمَاسَكَ	مسك	فتحة	0	0
3931	تَهَارَشَ	هرش	فتحة	0	0
3932	تَسَايَفَ	سيف	فتحة	0	0
3933	تَصَاعَدَ	صعد	فتحة	0	1
3934	تَخَاطَرَ	خطر	فتحة	0	0
3935	تَنَاتَفَ	نتف	فتحة	0	1
3936	تَلَاطَفَ	لطف	فتحة	0	0
3937	تَقَالَدَ	قلد	فتحة	0	1
3938	تَرَاكَضَ	ركض	فتحة	0	0
3939	تَمَاكَرَ	مكر	فتحة	0	0
3940	تَنَاثَرَ	نثر	فتحة	0	0
3941	تَمَاثَلَ	مثل	فتحة	0	0
3942	تَكَارَهَ	كره	فتحة	0	1
3943	تَنَاقَضَ	نقض	فتحة	0	1
3944	تَصَارَخَ	صرخ	فتحة	0	0
3945	تَكَافَحَ	كفح	فتحة	0	0
3946	تَسَايَلَ	سيل	فتحة	0	0
3947	تَشَارَكَ	شرك	فتحة	0	0
3948	تَنَاظَمَ	نظم	فتحة	0	0
3949	تَجَالَسَ	جلس	فتحة	0	0
3950	تَجَانَبَ	جنب	فتحة	0	1
3951	تَشَابَهَ	شبه	فتحة	0	0
3952	تَهَالَكَ	هلك	فتحة	0	0
3953	تَبَارَزَ	برز	فتحة	0	0
3954	تَقَامَرَ	قمر	فتحة	0	0
3955	تَطَارَحَ	طرح	فتحة	0	1
3956	تَوَافَرَ	وفر	فتحة	0	1
3957	تَنَاحَرَ	نحر	فتحة	0	0
3958	تَنَاقَلَ	نقل	فتحة	0	1
3959	تَنَاكَرَ	نكر	فتحة	0	1
3960	تَهَارَبَ	هرب	فتحة	0	0
3961	تَنَاسَخَ	نسخ	فتحة	0	1
3962	تَنَاسَقَ	نسق	فتحة	0	0
3963	تَنَاوَلَ	نول	فتحة	0	1
3964	تَهَاتَرَ	هتر	فتحة	0	0
3965	تَوَاضَعَ	وضع	فتحة	0	0
3966	تَوَافَدَ	وفد	فتحة	0	0
3967	تَسَاكَنَ	سكن	فتحة	0	0
3968	تَنَاهَدَ	نهد	فتحة	0	1
3969	تَرَاجَعَ	رجع	فتحة	0	0
3970	تَمَالَكَ	ملك	فتحة	0	1
3971	تَوَادَعَ	ودع	فتحة	0	0
3972	تَنَاهَضَ	نهض	فتحة	0	0
3973	تَنَاوَبَ	نوب	فتحة	0	1
3974	تَقَاوَلَ	قول	فتحة	0	0
3975	تَبَاحَثَ	بحث	فتحة	0	0
3976	تَدَاخَلَ	دخل	فتحة	0	1
3977	تَوَالَدَ	ولد	فتحة	0	0
3978	تَسَامَحَ	سمح	فتحة	0	0
3979	تَهَاوَنَ	هون	فتحة	0	0
3980	تَيَامَنَ	يمن	فتحة	0	0
3981	تَوَافَقَ	وفق	فتحة	0	0
3982	تَوَاقَفَ	وقف	فتحة	0	0
3983	تَنَاشَدَ	نشد	فتحة	0	1
3984	تَنَاعَسَ	نعس	فتحة	0	0
3985	تَوَاثَبَ	وثب	فتحة	0	0
3986	تَعَالَجَ	علج	فتحة	0	0
3987	تَطَاوَلَ	طول	فتحة	0	0
3988	تَوَارَدَ	ورد	فتحة	0	1
3989	تَكَاتَمَ	كتم	فتحة	0	1
3990	تَهَارَتَ	هرت	فتحة	0	0
3991	تَلَاطَمَ	لطم	فتحة	0	0
3992	تَنَادَمَ	ندم	فتحة	0	0
3993	تَهَاطَلَ	هطل	فتحة	0	0
3994	تَنَاطَحَ	نطح	فتحة	0	0
3995	تَيَاسَرَ	يسر	فتحة	0	1
3996	تَنَازَعَ	نزع	فتحة	0	1
3997	تَرَاغَبَ	رغب	فتحة	0	0
3998	تَنَاصَبَ	نصب	فتحة	0	1
3999	تَنَاسَبَ	نسب	فتحة	0	0
4000	تَنَاهَبَ	نهب	فتحة	0	1
4001	تَجَاوَزَ	جوز	فتحة	0	1
4002	تَنَاظَرَ	نظر	فتحة	0	0
4003	تَعَامَلَ	عمل	فتحة	0	0
4004	تَسَافَدَ	سفد	فتحة	0	0
4005	تَغَايَبَ	غيب	فتحة	0	0
4006	تَعَاضَدَ	عضد	فتحة	0	0
4007	تَصَاخَبَ	صخب	فتحة	0	0
4008	تَغَامَضَ	غمض	فتحة	0	0
4009	تَهَاجَرَ	هجر	فتحة	0	1
4010	تَقَارَصَ	قرص	فتحة	0	0
4011	تَزَاوَجَ	زوج	فتحة	0	0
4012	تَهَادَنَ	هدن	فتحة	0	0
4013	تَقَارَنَ	قرن	فتحة	0	0
4014	تَوَاصَفَ	وصف	فتحة	0	1
4015	تَنَافَرَ	نفر	فتحة	0	0
4016	تَفَاكَهَ	فكه	فتحة	0	0
4017	تَوَاتَرَ	وتر	فتحة	0	0
4018	تَنَاقَصَ	نقص	فتحة	0	0
4019	تَبَاعَدَ	بعد	فتحة	0	0
4020	تَعَاوَرَ	عور	فتحة	0	1
4021	تَصَالَحَ	صلح	فتحة	0	0
4022	تَرَاقَصَ	رقص	فتحة	0	0
4023	تَرَافَعَ	رفع	فتحة	0	0
4024	تَسَاهَلَ	سهل	فتحة	0	0
4025	تَقَافَزَ	قفز	فتحة	0	0
4026	تَنَاصَفَ	نصف	فتحة	0	0
4027	تَوَارَثَ	ورث	فتحة	0	1
4028	تَنَاضَلَ	نضل	فتحة	0	0
4029	تَخَالَفَ	خلف	فتحة	0	0
4030	تَقَاتَلَ	قتل	فتحة	0	0
4031	تَسَامَعَ	سمع	فتحة	0	0
4032	تَقَاطَرَ	قطر	فتحة	0	0
4033	تَسَاقَطَ	سقط	فتحة	0	0
4034	تَوَاقَحَ	وقح	فتحة	0	0
4035	تَقَايَضَ	قيض	فتحة	0	1
4036	تَدَايَنَ	دين	فتحة	0	0
4037	تَسَابَقَ	سبق	فتحة	0	0
4038	تَخَاتَلَ	ختل	فتحة	0	0
4039	اِدَّارَكَ	درك	فتحة	0	1
4040	اِفْتَعَلَ	فعل	فتحة	0	1
4041	اِنْخَنَثَ	خنث	فتحة	0	0
4042	اِخْتَنَقَ	خنق	فتحة	0	0
4043	اِسْتَسْخَرَ	سخر	فتحة	0	1
4044	اِشْتَهَرَ	شهر	فتحة	0	0
4045	اِحْتَقَنَ	حقن	فتحة	0	0
4046	اِنْسَلَتَ	سلت	فتحة	0	0
4047	اِرْتَبَكَ	ربك	فتحة	0	0
4048	اِلْتَمَسَ	لمس	فتحة	0	1
4049	اِنْدَحَرَ	دحر	فتحة	0	0
4050	اِسْتَدْرَكَ	درك	فتحة	0	1
4051	اِنْتَهَزَ	نهز	فتحة	0	1
4052	اِسْتَثْقَلَ	ثقل	فتحة	0	1
4053	اِنْهَبَطَ	هبط	فتحة	0	0
4054	اِنْدَلَسَ	دلس	فتحة	0	0
4055	اِنْصَرَعَ	صرع	فتحة	0	0
4056	اِسْتَرْجَعَ	رجع	فتحة	0	1
4057	اِنْدَمَجَ	دمج	فتحة	0	0
4058	اِنْصَرَمَ	صرم	فتحة	0	0
4059	اِخْتَزَلَ	خزل	فتحة	0	1
4060	اِقْتَبَسَ	قبس	فتحة	0	1
4061	اِنْهَشَمَ	هشم	فتحة	0	0
4062	اِنْدَفَنَ	دفن	فتحة	0	0
4063	اِصْطَخَبَ	صخب	فتحة	0	0
4064	اِسْتَدْبَرَ	دبر	فتحة	0	1
4065	اِنْسَفَكَ	سفك	فتحة	0	0
4066	اِسْتَلَبَ	سلب	فتحة	0	1
4067	اِنْصَرَفَ	صرف	فتحة	0	0
4068	اِنْدَبَغَ	دبغ	فتحة	0	0
4069	اِنْشَعَبَ	شعب	فتحة	0	0
4070	اِحْتَجَبَ	حجب	فتحة	0	0
4071	اِنْشَمَرَ	شمر	فتحة	0	0
4072	اِنْحَدَرَ	حدر	فتحة	0	0
4073	اِجْتَذَبَ	جذب	فتحة	0	1
4074	اِضْطَرَمَ	ضرم	فتحة	0	0
4075	اِذَّكَرَ	ذكر	فتحة	0	1
4076	اِدَّخَرَ	دخر	فتحة	0	1
4077	اِسْتَنْعَشَ	نعش	فتحة	0	0
4078	اِنْتَجَفَ	نجف	فتحة	0	1
4079	اِنْهَلَكَ	هلك	فتحة	0	0
4080	اِفْتَقَرَ	فقر	فتحة	0	0
4081	اِرْتَجَلَ	رجل	فتحة	0	1
4082	اِسْتَعْلَمَ	علم	فتحة	0	1
4083	اِنْدَرَجَ	درج	فتحة	0	0
4084	اِنْدَفَعَ	دفع	فتحة	0	0
4085	اِجْتَرَفَ	جرف	فتحة	0	1
4086	اِعْتَذَرَ	عذر	فتحة	0	0
4087	اِمْتَهَنَ	مهن	فتحة	0	1
4088	اِسْتَعْطَفَ	عطف	فتحة	0	1
4089	اِمَّحَقَ	محق	فتحة	0	0
4090	اِنْعَقَدَ	عقد	فتحة	0	0
4091	اِسْتَنْزَفَ	نزف	فتحة	0	1
4092	اِتَّسَقَ	وسق	فتحة	0	0
4093	اِسْتَطْرَبَ	طرب	فتحة	0	1
4094	اِنْتَفَخَ	نفخ	فتحة	0	0
4095	اِنْفَتَحَ	فتح	فتحة	0	0
4096	اِسْتَوْلَدَ	ولد	فتحة	0	1
4097	اِسْتَفْسَرَ	فسر	فتحة	0	1
4098	اِنْضَفَرَ	ضفر	فتحة	0	0
4099	اِنْقَشَعَ	قشع	فتحة	0	0
4100	اِنْتَهَبَ	نهب	فتحة	0	1
4101	اِنْبَجَسَ	بجس	فتحة	0	0
4102	اِكْتَنَسَ	كنس	فتحة	0	0
4103	اِسْتَمْلَحَ	ملح	فتحة	0	1
4104	اِلْتَحَقَ	لحق	فتحة	0	0
4105	اِغْتَرَبَ	غرب	فتحة	0	0
4106	اِسْتَنْفَرَ	نفر	فتحة	0	1
4107	اِسْتَوْدَعَ	ودع	فتحة	0	1
4108	اِسْتَحْضَرَ	حضر	فتحة	0	1
4109	اِنْتَقَمَ	نقم	فتحة	0	0
4110	اِحْتَكَمَ	حكم	فتحة	0	0
4111	اِسْتَطْرَفَ	طرف	فتحة	0	1
4112	اِنْطَبَخَ	طبخ	فتحة	0	0
4113	اِخْتَلَقَ	خلق	فتحة	0	1
4114	اِصْطَفَقَ	صفق	فتحة	0	0
4115	اِسْتَطْلَقَ	طلق	فتحة	0	1
4116	اِنْبَلَجَ	بلج	فتحة	0	0
4117	اِكْتَهَلَ	كهل	فتحة	0	0
4118	اِقْتَرَفَ	قرف	فتحة	0	1
4119	اِسْتَوْصَفَ	وصف	فتحة	0	1
4120	اِصْطَلَحَ	صلح	فتحة	0	0
4121	اِسْتَرْزَقَ	رزق	فتحة	0	1
4122	اِنْتَزَعَ	نزع	فتحة	0	1
4123	اِرْتَشَفَ	رشف	فتحة	0	1
4124	اِرْتَصَفَ	رصف	فتحة	0	0
4125	اِسْتَرْخَصَ	رخص	فتحة	0	1
4126	اِرْتَعَدَ	رعد	فتحة	0	0
4127	اِسْتَبْعَدَ	بعد	فتحة	0	1
4128	اِرْتَكَبَ	ركب	فتحة	0	1
4129	اِرْتَكَزَ	ركز	فتحة	0	0
4130	اِنْهَمَزَ	همز	فتحة	0	0
4131	اِنْطَبَعَ	طبع	فتحة	0	0
4132	اِنْصَرَحَ	صرح	فتحة	0	0
4133	اِنْزَلَقَ	زلق	فتحة	0	0
4134	اِزْدَحَمَ	زحم	فتحة	0	0
4135	اِقْتَطَعَ	قطع	فتحة	0	1
4136	اِنْزَعَجَ	زعج	فتحة	0	0
4137	اِزْدَهَرَ	زهر	فتحة	0	0
4138	اِنْكَتَمَ	كتم	فتحة	0	0
4139	اِنْسَبَكَ	سبك	فتحة	0	0
4140	اِنْفَضَحَ	فضح	فتحة	0	0
4141	اِشْتَمَلَ	شمل	فتحة	0	0
4142	اِنْسَرَحَ	سرح	فتحة	0	0
4143	اِحْتَفَلَ	حفل	فتحة	0	0
4144	اِنْبَعَثَ	بعث	فتحة	0	0
4145	اِنْقَعَرَ	قعر	فتحة	0	0
4146	اِمْتَنَعَ	منع	فتحة	0	0
4147	اِسْتَحْمَلَ	حمل	فتحة	0	1
4148	اِمْتَشَقَ	مشق	فتحة	0	1
4149	اِنْشَدَخَ	شدخ	فتحة	0	0
4150	اِنْعَفَرَ	عفر	فتحة	0	0
4151	اِنْفَلَقَ	فلق	فتحة	0	0
4152	اِعْتَرَكَ	عرك	فتحة	0	0
4153	اِسْتَنَدَ	سند	فتحة	0	0
4154	اِنْقَلَبَ	قلب	فتحة	0	0
4155	اِرْتَفَعَ	رفع	فتحة	0	0
4156	اِنْصَدَعَ	صدع	فتحة	0	0
4157	اِنْغَلَقَ	غلق	فتحة	0	0
4158	اِشْتَعَلَ	شعل	فتحة	0	1
4159	اِحْتَسَبَ	حسب	فتحة	0	1
4160	اِعْتَصَرَ	عصر	فتحة	0	1
4161	اِسْتَلَفَ	سلف	فتحة	0	1
4162	اِنْخَفَضَ	خفض	فتحة	0	0
4163	اِسْتَطْعَمَ	طعم	فتحة	0	1
4164	اِنْعَرَجَ	عرج	فتحة	0	0
4165	اِسْتَعْظَمَ	عظم	فتحة	0	1
4166	اِنْتَهَسَ	نهس	فتحة	0	1
4167	اِبْتَعَدَ	بعد	فتحة	0	0
4168	اِنْعَطَفَ	عطف	فتحة	0	0
4169	اِطَّرَدَ	طرد	فتحة	0	0
4170	اِسْتَطْرَدَ	طرد	فتحة	0	0
4171	اِسْتَطْلَعَ	طلع	فتحة	0	1
4172	اِسْتَفْتَحَ	فتح	فتحة	0	1
4173	اِنْعَفَقَ	عفق	فتحة	0	0
4174	اِسْتَغْرَقَ	غرق	فتحة	0	1
4175	اِنْطَبَقَ	طبق	فتحة	0	0
4176	اِسْتَظْرَفَ	ظرف	فتحة	0	1
4177	اِنْظَلَمَ	ظلم	فتحة	0	0
4178	اِسْتَشْرَفَ	شرف	فتحة	0	1
4179	اِهْتَلَكَ	هلك	فتحة	0	0
4180	اِنْغَمَسَ	غمس	فتحة	0	0
4181	اِلْتَحَفَ	لحف	فتحة	0	1
4182	اِنْغَرَسَ	غرس	فتحة	0	0
4183	اِمْتَخَضَ	مخض	فتحة	0	0
4184	اِسْتَغْلَقَ	غلق	فتحة	0	0
4185	اِنْعَدَمَ	عدم	فتحة	0	0
4186	اِسْتَعْذَبَ	عذب	فتحة	0	1
4187	اِرْتَكَسَ	ركس	فتحة	0	1
4188	اِنْعَجَمَ	عجم	فتحة	0	0
4189	اِسْتَجْلَبَ	جلب	فتحة	0	1
4190	اِنْتَقَضَ	نقض	فتحة	0	0
4191	اِنْعَدَلَ	عدل	فتحة	0	0
4192	اِفْتَرَقَ	فرق	فتحة	0	0
4193	اِنْضَمَرَ	ضمر	فتحة	0	0
4194	اِنْفَتَلَ	فتل	فتحة	0	0
4195	اِنْطَلَقَ	طلق	فتحة	0	0
4196	اِرْتَكَضَ	ركض	فتحة	0	0
4197	اِعْتَرَشَ	عرش	فتحة	0	1
4198	اِنْعَكَسَ	عكس	فتحة	0	0
4199	اِسْتَفْحَلَ	فحل	فتحة	0	0
4200	اِسْتَوْقَدَ	وقد	فتحة	0	1
4201	اِرْتَحَلَ	رحل	فتحة	0	1
4202	اِفْتَكَرَ	فكر	فتحة	0	0
4203	اِفْتَتَنَ	فتن	فتحة	0	1
4204	اِقْتَسَمَ	قسم	فتحة	0	1
4205	اِحْتَرَفَ	حرف	فتحة	0	1
4206	اِصْطَدَمَ	صدم	فتحة	0	0
4207	اِفْتَرَضَ	فرض	فتحة	0	1
4208	اِنْضَبَطَ	ضبط	فتحة	0	0
4209	اِنْتَحَبَ	نحب	فتحة	0	0
4210	اِعْشَوْشَبَ	عشب	فتحة	0	0
4211	اِنْثَقَبَ	ثقب	فتحة	0	0
4212	اِعْتَرَفَ	عرف	فتحة	0	1
4213	اِرْتَطَمَ	رطم	فتحة	0	0
4214	اِسْتَضْعَفَ	ضعف	فتحة	0	1
4215	اِنْفَرَقَ	فرق	فتحة	0	0
4216	اِنْبَثَقَ	بثق	فتحة	0	0
4217	اِسْتَصْرَخَ	صرخ	فتحة	0	1
4218	اِنْضَمَخَ	ضمخ	فتحة	0	0
4219	اِتَّحَدَ	ءحد;وحد	فتحة	0	0
4220	اِنْتَكَسَ	نكس	فتحة	0	0
4221	اِسْتَبْسَلَ	بسل	فتحة	0	0
4222	اِعْتَزَلَ	عزل	فتحة	0	1
4223	اِسْتَغْفَرَ	غفر	فتحة	0	1
4224	اِحْتَشَدَ	حشد	فتحة	0	0
4225	اِنْفَرَجَ	فرج	فتحة	0	0
4226	اِحْتَدَمَ	حدم	فتحة	0	0
4227	اِنْعَصَبَ	عصب	فتحة	0	0
4228	اِفْتَخَرَ	فخر	فتحة	0	0
4229	اِطَّهَرَ	طهر	فتحة	0	0
4230	اِعْتَبَطَ	عبط	فتحة	0	1
4231	اِسْتَظْهَرَ	ظهر	فتحة	0	1
4232	اِعْتَبَرَ	عبر	فتحة	0	1
4233	اِحْتَضَرَ	حضر	فتحة	0	1
4234	اِرْتَعَشَ	رعش	فتحة	0	0
4235	اِغْتَنَمَ	غنم	فتحة	0	1
4236	اِلْتَفَتَ	لفت	فتحة	0	0
4237	اِنْغَضَفَ	غضف	فتحة	0	0
4238	اِغْتَسَلَ	غسل	فتحة	0	0
4239	اِنْعَزَلَ	عزل	فتحة	0	0
4240	اِنْجَذَمَ	جذم	فتحة	0	0
4241	اِنْدَمَلَ	دمل	فتحة	0	0
4242	اِسْتَشْكَلَ	شكل	فتحة	0	0
4243	اِنْدَفَقَ	دفق	فتحة	0	0
4244	اِعْتَصَبَ	عصب	فتحة	0	0
4245	اِنْدَلَعَ	دلع	فتحة	0	0
4246	اِضْطَهَدَ	ضهد	فتحة	0	1
4247	اِنْقَبَعَ	قبع	فتحة	0	0
4248	اِفْتَتَحَ	فتح	فتحة	0	1
4249	اِسْتَهْدَفَ	هدف	فتحة	0	1
4250	اِسْتَعْجَبَ	عثو	فتحة	0	0
4251	اِسْتَجْمَعَ	جمع	فتحة	0	1
4252	اِجْتَرَعَ	جرع	فتحة	0	1
4253	اِسْتَجْوَبَ	جوب	فتحة	0	1
4254	اِقْتَحَمَ	قحم	فتحة	0	1
4255	اِنْجَذَرَ	جذر	فتحة	0	0
4256	اِجْتَلَبَ	جلب	فتحة	0	1
4257	اِنْحَبَسَ	حبس	فتحة	0	0
4258	اِلْتَقَمَ	لقم	فتحة	0	1
4259	اِسْتَرْوَحَ	روح	فتحة	0	1
4260	اِنْجَرَفَ	جرف	فتحة	0	0
4261	اِقْتَنَعَ	قنع	فتحة	0	0
4262	اِنْدَلَفَ	دلف	فتحة	0	0
4263	اِسْتَمْتَعَ	متع	فتحة	0	0
4264	اِمْتَرَسَ	مرس	فتحة	0	0
4265	اِكْتَتَفَ	كتف	فتحة	0	1
4266	اِسْتَبْشَرَ	بشر	فتحة	0	1
4267	اِخْتَصَمَ	خصم	فتحة	0	0
4268	اِحْتَضَنَ	حضن	فتحة	0	1
4269	اِسْتَبْشَعَ	بشع	فتحة	0	1
4270	اِلْتَهَفَ	لهف	فتحة	0	0
4271	اِنْدَلَقَ	دلق	فتحة	0	0
4272	اِمْتَحَنَ	محن	فتحة	0	1
4273	اِسْتَلَمَ	سلم	فتحة	0	1
4274	اِشْتَرَكَ	شرك	فتحة	0	0
4275	اِنْسَرَبَ	سرب	فتحة	0	0
4276	اِسْتَسْمَحَ	سمح	فتحة	0	1
4277	اِسْتَسْهَلَ	سهل	فتحة	0	1
4278	اِخْضَوْضَرَ	خضر	فتحة	0	0
4279	اِنْضَرَجَ	ضرج	فتحة	0	0
4280	اِنْسَتَرَ	ستر	فتحة	0	0
4281	اِشْتَبَكَ	شبك	فتحة	0	0
4282	اِشْتَبَهَ	شبه	فتحة	0	0
4283	اِسْتَمَعَ	سمع	فتحة	0	1
4284	اِبْتَهَجَ	بهج	فتحة	0	0
4285	اِبْتَهَلَ	بهل	فتحة	0	0
4286	اِجْتَنَبَ	جنب	فتحة	0	1
4287	اِسْتَخْدَمَ	خدم	فتحة	0	1
4288	اِنْبَهَرَ	بهر	فتحة	0	0
4289	اِتَّجَرَ	تجر	فتحة	0	0
4290	اِرْتَبَلَ	ربل	فتحة	0	0
4291	اِنْضَغَطَ	ضغط	فتحة	0	0
4292	اِتَّبَعَ	تبع	فتحة	0	1
4293	اِتَّصَفَ	وصف	فتحة	0	0
4294	اِنْجَرَدَ	جرد	فتحة	0	0
4295	اِنْسَدَلَ	سدل	فتحة	0	0
4296	اِحْتَشَمَ	حشم	فتحة	0	1
4297	اِتَّجَهَ	وجه	فتحة	0	0
4298	اِحْتَرَسَ	حرس	فتحة	0	0
4299	اِحْتَجَزَ	حجز	فتحة	0	1
4300	اِحْدَوْدَبَ	حدب	فتحة	0	0
4301	اِخْتَضَبَ	خضب	فتحة	0	1
4302	اِطَّلَعَ	طلع	فتحة	0	1
4303	اِحْتَكَرَ	حكر	فتحة	0	1
4304	اِحْتَرَقَ	حرق	فتحة	0	0
4305	اِتَّسَعَ	وسع	فتحة	0	0
4306	اِنْغَسَلَ	غسل	فتحة	0	0
4307	اِكْتَرَثَ	كرث	فتحة	0	0
4308	اِنْفَقَعَ	فقع	فتحة	0	0
4309	اِنْفَتَقَ	فتق	فتحة	0	0
4310	اِسْتَحْصَدَ	حصد	فتحة	0	0
4311	اِسْتَعْمَلَ	عمل	فتحة	0	1
4312	اِحْتَقَرَ	حقر	فتحة	0	1
4313	اِحْتَرَزَ	حرز	فتحة	0	0
4314	اِسْتَلْطَفَ	لطف	فتحة	0	1
4315	اِسْتَحْكَمَ	حكم	فتحة	0	0
4316	اِحْتَلَبَ	حلب	فتحة	0	1
4317	اِنَّمَسَ	نمس	فتحة	0	0
4318	اِسْتَخْلَصَ	خلص	فتحة	0	1
4319	اِسْتَعْمَرَ	عمر	فتحة	0	1
4320	اِنْكَثَبَ	كثب	فتحة	0	0
4321	اِحْلَوْلَكَ	حلك	فتحة	0	0
4322	اِنْحَمَقَ	حمق	فتحة	0	0
4323	اِنْتَشَرَ	نشر	فتحة	0	0
4324	اِنْبَطَحَ	بطح	فتحة	0	0
4325	اِخْتَتَمَ	ختم	فتحة	0	1
4326	اِسْتَبْرَكَ	برك	فتحة	0	0
4327	اِنْبَسَطَ	بسط	فتحة	0	0
4328	اِعْتَنَقَ	عنق	فتحة	0	1
4329	اِخْتَلَفَ	خلف	فتحة	0	0
4330	اِشْتَرَطَ	شرط	فتحة	0	1
4331	اِنْخَرَمَ	خرم	فتحة	0	0
4332	اِخْتَزَنَ	خزن	فتحة	0	1
4333	اِنْخَسَفَ	خسف	فتحة	0	0
4334	اِرْتَزَقَ	رزق	فتحة	0	1
4335	اِحْتَمَلَ	حمل	فتحة	0	1
4336	اِنْتَحَلَ	نحل	فتحة	0	1
4337	اِفْتَرَسَ	فرس	فتحة	0	1
4338	اِخْتَلَجَ	خلج	فتحة	0	1
4339	اِسْتَشْرَقَ	شرق	فتحة	0	0
4340	اِعْتَقَمَ	عقم	فتحة	0	0
4341	اِنْفَطَرَ	فطر	فتحة	0	0
4342	اِنْشَغَلَ	شغل	فتحة	0	0
4343	أَحْضَرَ	حضر	فتحة	0	1
4344	اِزْدَرَدَ	زرد	فتحة	0	1
4345	اِسْتَتْبَعَ	تبع	فتحة	0	1
4346	اِنْتَحَسَ	نحس	فتحة	0	0
4347	اِسْتَعْصَمَ	عصم	فتحة	0	0
4348	اِفْتَقَدَ	فقد	فتحة	0	1
4349	اِسْتَصْغَرَ	صغر	فتحة	0	1
4350	اِقْتَرَنَ	قرن	فتحة	0	0
4351	اِسْتَنْصَرَ	نصر	فتحة	0	1
4352	اِنْشَرَحَ	شرح	فتحة	0	0
4353	اِسْتَعْجَمَ	عجم	فتحة	0	1
4354	اِنْتَدَبَ	ندب	فتحة	0	1
4355	اِلْتَكَمَ	لكم	فتحة	0	0
4356	اِعْتَجَنَ	عجن	فتحة	0	1
4357	اِرْتَجَفَ	رجف	فتحة	0	0
4358	اِصْطَحَبَ	صحب	فتحة	0	1
4359	اِسْتَيْقَنَ	يقن	فتحة	0	1
4360	اِنْثَلَمَ	ثلم	فتحة	0	0
4361	اِلْتَبَسَ	لبس	فتحة	0	0
4362	اِضْطَلَعَ	ضلع	فتحة	0	0
4363	اِنْجَزَمَ	جزم	فتحة	0	0
4364	اِنْسَحَبَ	سحب	فتحة	0	0
4365	اِغْتَصَبَ	غصب	فتحة	0	1
4366	اِسْتَهْجَنَ	هجن	فتحة	0	1
4367	اِعْتَمَرَ	عمر	فتحة	0	0
4368	اِنْحَسَمَ	حسم	فتحة	0	0
4369	اِلْتَقَفَ	لقف	فتحة	0	1
4370	اِمْتَسَكَ	مسك	فتحة	0	0
4371	اِسْتَنْجَدَ	نجد	فتحة	0	1
4372	اِتَّزَرَ	ءزر	فتحة	0	0
4373	اِسْتَرْشَدَ	رشد	فتحة	0	1
4374	اِنْحَرَفَ	حرف	فتحة	0	0
4375	اِنْصَهَرَ	صهر	فتحة	0	0
4376	اِنْزَعَقَ	زعق	فتحة	0	0
4377	اِخْتَرَعَ	خرع	فتحة	0	1
4378	اِسْتَعْرَبَ	عرب	فتحة	0	0
4379	اِنْخَرَقَ	خرق	فتحة	0	0
4380	اِنْتَهَضَ	نهض	فتحة	0	1
4381	اِشْتَغَلَ	شغل	فتحة	0	0
4382	اِخْتَبَزَ	خبز	فتحة	0	1
4383	اِسْتَفْهَمَ	فهم	فتحة	0	1
4384	اِعْتَصَمَ	عصم	فتحة	0	0
4385	اِرْتَهَنَ	رهن	فتحة	0	0
4386	اِبْتَسَمَ	بسم	فتحة	0	0
4387	اِجْلَوَّذَ	جلذ	فتحة	0	0
4388	اِسْتَنْشَقَ	نشق	فتحة	0	1
4389	اِسْتَوْعَدَ	وعد	فتحة	0	1
4390	اِسْتَرَقَ	سرق	فتحة	0	1
4391	اِتَّعَظَ	وعظ	فتحة	0	0
4392	اِنْتَكَصَ	نكص	فتحة	0	0
4393	اِنْسَكَبَ	سكب	فتحة	0	0
4394	اِعْتَقَلَ	عقل	فتحة	0	1
4395	اِتَّهَمَ	وهم	فتحة	0	1
4396	اِنْهَدَمَ	هدم	فتحة	0	0
4397	اِهْرَوْرَقَ	هرق	فتحة	0	0
4398	اِنْتَقَصَ	نقص	فتحة	0	1
4399	اِخْتَطَفَ	خطف	فتحة	0	1
4400	اِنْتَقَشَ	نقش	فتحة	0	1
4401	اِسْتَصْحَبَ	صحب	فتحة	0	1
4402	اِتَّكَلَ	وكل	فتحة	0	0
4403	اِعْتَدَلَ	عدل	فتحة	0	0
4404	اِنْخَدَعَ	خدع	فتحة	0	0
4405	اِسْتَيْقَظَ	يقظ	فتحة	0	1
4406	اِنْجَبَذَ	جبذ	فتحة	0	0
4407	اِتَّفَقَ	وفق	فتحة	0	0
4408	اِنْخَلَعَ	خلع	فتحة	0	0
4409	اِنْتَطَحَ	نطح	فتحة	0	0
4410	اِنْفَرَدَ	فرد	فتحة	0	0
4411	اِسْتَفْرَدَ	فرد	فتحة	0	1
4412	اِقْتَعَدَ	قعد	فتحة	0	1
4413	اِسْتَبْهَمَ	بهم	فتحة	0	0
4414	اِنْهَجَمَ	هجم	فتحة	0	0
4415	اِكْتَحَلَ	كحل	فتحة	0	1
4416	اِسْتَلْفَتَ	لفت	فتحة	0	1
4417	اِنْتَفَلَ	نفل	فتحة	0	1
4418	اِتَّسَخَ	وسخ	فتحة	0	0
4419	اِصْطَبَرَ	صبر	فتحة	0	0
4420	اِتَّضَحَ	وضح	فتحة	0	0
4421	اِضْطَرَبَ	ضرب	فتحة	0	1
4422	اِرْتَبَطَ	ربط	فتحة	0	1
4423	اِرْتَقَبَ	رقب	فتحة	0	1
4424	اِسْتَوْجَبَ	وجب	فتحة	0	1
4425	اِزْدَوَجَ	زوج	فتحة	0	0
4426	اِنْفَصَدَ	فصد	فتحة	0	0
4427	اِنْدَثَرَ	دثر	فتحة	0	0
4428	اِنْفَطَمَ	فطم	فتحة	0	0
4429	اِسْتَنْهَضَ	نهض	فتحة	0	1
4430	اِنْهَمَرَ	همر	فتحة	0	0
4431	اِنْتَسَبَ	نسب	فتحة	0	0
4432	اِنْتَهَجَ	نهج	فتحة	0	1
4433	اِتَّسَمَ	وسم	فتحة	0	0
4434	اِنْتَفَعَ	نفع	فتحة	0	0
4435	اِتَّزَنَ	وزن	فتحة	0	1
4436	اِنْفَصَمَ	فصم	فتحة	0	0
4437	اِصْطَبَغَ	صبغ	فتحة	0	0
4438	اِنْتَقَلَ	نقل	فتحة	0	0
4439	اِنْتَشَقَ	نشق	فتحة	0	1
4440	اِسْتَتَرَ	ستر	فتحة	0	0
4441	اِهْتَزَعَ	هزع	فتحة	0	0
4442	اِحْتَرَمَ	حرم	فتحة	0	1
4443	اِلْتَحَمَ	لحم	فتحة	0	0
4444	اِخْتَلَطَ	خلط	فتحة	0	0
4445	اِسْتَخْلَفَ	خلف	فتحة	0	1
4446	اِسْتَخْرَجَ	خرج	فتحة	0	1
4447	اِجْتَهَدَ	جهد	فتحة	0	0
4448	اِنْقَفَلَ	قفل	فتحة	0	0
4449	اِنْكَسَرَ	كسر	فتحة	0	0
4450	اِنْدَرَسَ	درس	فتحة	0	0
4451	اِنْتَظَمَ	نظم	فتحة	0	1
4452	اِغْرَوْرَقَ	غرق	فتحة	0	0
4453	اِنْفَلَتَ	فلت	فتحة	0	0
4454	اِنْجَبَرَ	جبر	فتحة	0	0
4455	اِسْتَثْمَرَ	ثمر	فتحة	0	1
4456	اِنْفَغَرَ	فغر	فتحة	0	0
4457	اِكْتَنَفَ	كنف	فتحة	0	1
4458	اِنْغَرَزَ	غرز	فتحة	0	0
4459	اِنْتَظَرَ	نظر	فتحة	0	1
4460	اِنْهَمَكَ	همك	فتحة	0	0
4461	اِسْتَحْوَذَ	حوذ	فتحة	0	0
4462	اِحْتَلَمَ	حلم	فتحة	0	0
4463	اِخْتَصَرَ	خصر	فتحة	0	1
4464	اِنْتَسَخَ	نسخ	فتحة	0	1
4465	اِتَّشَحَ	وشح	فتحة	0	0
4466	اِسْتَوْفَدَ	وفد	فتحة	0	1
4467	اِنْطَمَسَ	طمس	فتحة	0	0
4468	اِنْتَهَرَ	نهر	فتحة	0	1
4469	اِرْتَبَزَ	ربز	فتحة	0	0
4470	اِنْعَصَمَ	عصم	فتحة	0	0
4471	اِنْصَفَقَ	صفق	فتحة	0	0
4472	اِصْطَنَعَ	صنع	فتحة	0	1
4473	اِكْتَسَحَ	كسح	فتحة	0	1
4474	اِحْتَفَظَ	حفظ	فتحة	0	1
4475	اِعْتَقَدَ	عقد	فتحة	0	1
4476	اِنْهَتَكَ	هتك	فتحة	0	0
4477	اِسْتَنْكَفَ	نكف	فتحة	0	0
4478	اِسْتَدْرَجَ	درج	فتحة	0	1
4479	اِنْتَقَدَ	نقد	فتحة	0	1
4480	اِرْتَدَعَ	ردع	فتحة	0	0
4481	اِكْتَنَزَ	كنز	فتحة	0	1
4482	اِنْفَرَطَ	فرط	فتحة	0	0
4483	اِنْعَصَرَ	عصر	فتحة	0	0
4484	اِدَّثَرَ	دثر	فتحة	0	0
4485	اِنْتَسَلَ	نسل	فتحة	0	1
4486	اِسْتَبْطَنَ	بطن	فتحة	0	1
4487	اِسْتَنْطَقَ	نطق	فتحة	0	1
4488	اِنْتَصَفَ	نصف	فتحة	0	1
4489	اِنْتَضَحَ	نضح	فتحة	0	0
4490	اِزْدَجَرَ	زجر	فتحة	0	1
4491	اِفْتَضَحَ	فضح	فتحة	0	0
4492	اِنْتَصَتَ	نصت	فتحة	0	0
4493	اِسْتَحْسَنَ	حسن	فتحة	0	1
4494	اِنْسَدَرَ	سدر	فتحة	0	0
4495	اِنْتَفَضَ	نفض	فتحة	0	0
4496	اِنْبَرَمَ	برم	فتحة	0	0
4497	اِنْتَشَلَ	نشل	فتحة	0	1
4498	اِنْسَلَقَ	سلق	فتحة	0	0
4499	اِنْتَجَعَ	نجع	فتحة	0	1
4500	اِغْتَفَرَ	غفر	فتحة	0	1
4501	اِنْهَضَمَ	هضم	فتحة	0	0
4502	اِكْتَشَفَ	كشف	فتحة	0	1
4503	اِعْتَزَمَ	عزم	فتحة	0	1
4504	اِجْتَمَعَ	جمع	فتحة	0	0
4505	اِسْتَنْكَرَ	نكر	فتحة	0	1
4506	اِنْفَصَلَ	فصل	فتحة	0	0
4507	اِنْسَلَكَ	سلك	فتحة	0	0
4508	اِسْتَحْصَلَ	حصل	فتحة	0	1
4509	اِسْتَصْدَرَ	صدر	فتحة	0	1
4510	اِخْتَرَقَ	خرق	فتحة	0	1
4511	اِخْتَلَسَ	خلس	فتحة	0	1
4512	اِمْتَقَعَ	مقع	فتحة	0	1
4513	اِنْقَبَضَ	قبض	فتحة	0	0
4514	اِسْتَهْلَكَ	هلك	فتحة	0	1
4515	اِتَّكَلَ	ءكل	فتحة	0	0
4516	اِنْقَلَعَ	قلع	فتحة	0	0
4517	اِرْتَسَمَ	رسم	فتحة	0	1
4518	اِنْفَسَخَ	فسخ	فتحة	0	0
4519	اِسْتَرْسَلَ	رسل	فتحة	0	0
4520	اِتَّخَذَ	ءخذ	فتحة	0	1
4521	اِصْطَرَعَ	صرع	فتحة	0	0
4522	اِتَّصَلَ	وصل	فتحة	0	0
4523	اِسْتَشْهَدَ	شهد	فتحة	0	1
4524	اِكْتَسَبَ	كسب	فتحة	0	1
4525	اِسْتَحْدَثَ	حدث	فتحة	0	1
4526	اِقْتَنَصَ	قنص	فتحة	0	1
4527	اِقْتَتَلَ	قتل	فتحة	0	0
4528	اِمْتَخَطَ	مخط	فتحة	0	1
4529	اِنْحَطَمَ	حطم	فتحة	0	0
4530	اِسْتَعْجَلَ	عجل	فتحة	0	1
4531	اِسْتَخْبَرَ	خبر	فتحة	0	1
4532	اِسْتَشْعَرَ	شعر	فتحة	0	1
4533	اِسْتَنْجَعَ	نجع	فتحة	0	1
4534	اِهْتَبَلَ	هبل	فتحة	0	1
4535	اِظَّلَمَ	ظلم	فتحة	0	0
4536	اِسْتَكْثَرَ	كثر	فتحة	0	1
4537	اِلْتَصَقَ	لصق	فتحة	0	0
4538	اِنْفَسَحَ	فسح	فتحة	0	0
4539	اِمْتَعَضَ	معض	فتحة	0	0
4540	اِنْحَصَرَ	حصر	فتحة	0	0
4541	اِعْتَمَدَ	عمد	فتحة	0	1
4542	اِخْتَتَنَ	ختن	فتحة	0	1
4543	اِسْتَكْبَرَ	كبر	فتحة	0	1
4544	اِعْتَرَضَ	عرض	فتحة	0	1
4545	اِنْفَجَرَ	فجر	فتحة	0	0
4546	اِنْمَحَقَ	محق	فتحة	0	0
4547	اِبْتَكَرَ	بكر	فتحة	0	1
4548	اِسْتَبَقَ	سبق	فتحة	0	1
4549	اِنْقَشَرَ	قشر	فتحة	0	0
4550	اِنْشَغَفَ	شغف	فتحة	0	0
4551	اِسْتَغْرَبَ	غرب	فتحة	0	1
4552	اِسْتَوْرَدَ	ورد	فتحة	0	1
4553	اِسْتَحْلَفَ	حلف	فتحة	0	1
4554	اِقْتَرَحَ	قرح	فتحة	0	1
4555	اِحْتَبَسَ	حبس	فتحة	0	1
4556	اِسْتَجْمَلَ	جمل	فتحة	0	1
4557	اِذَّخَرَ	ذخر	فتحة	0	1
4558	اِغْتَمَسَ	غمس	فتحة	0	0
4559	اِخْتَمَرَ	خمر	فتحة	0	0
4560	اِسْتَذْكَرَ	ذكر	فتحة	0	1
4561	اِنْخَنَقَ	خنق	فتحة	0	0
4562	اِسْتَبْدَلَ	بدل	فتحة	0	1
4563	اِنْحَلَبَ	حلب	فتحة	0	0
4564	اِنْتَصَرَ	نصر	فتحة	0	0
4565	اِسْتَقْبَحَ	قبح	فتحة	0	1
4566	اِلْتَهَبَ	لهب	فتحة	0	0
4567	اِنْتَبَهَ	نبه	فتحة	0	0
4568	اِنْفَلَجَ	فلج	فتحة	0	0
4569	اِنْتَعَشَ	نعش	فتحة	0	0
4570	اِنْتَعَلَ	نعل	فتحة	0	1
4571	اِنْتَخَبَ	نخب	فتحة	0	1
4572	اِسْتَنْفَدَ	نفد	فتحة	0	1
4573	اِنْفَعَلَ	فعل	فتحة	0	0
4574	اِنْتَفَشَ	نفش	فتحة	0	0
4575	اِمْتَزَجَ	مزج	فتحة	0	0
4576	اِلْتَهَمَ	لهم	فتحة	0	1
4577	اِسْتَنْتَجَ	نتج	فتحة	0	1
4578	اِنْحَسَرَ	حسر	فتحة	0	0
4579	اِمْتَلَكَ	ملك	فتحة	0	1
4580	اِمْتَدَحَ	مدح	فتحة	0	1
4581	اِلْتَقَطَ	لقط	فتحة	0	1
4582	اِلْتَزَقَ	لزق	فتحة	0	0
4583	اِسْتَلْزَمَ	لزم	فتحة	0	1
4584	اِسْتَمْهَلَ	مهل	فتحة	0	1
4585	اِسْتَنْبَطَ	نبط	فتحة	0	1
4586	اِلْتَطَمَ	لطم	فتحة	0	0
4587	اِغْتَرَفَ	غرف	فتحة	0	1
4588	اِنْخَرَطَ	خرط	فتحة	0	0
4589	اِسْتَصْوَبَ	صوب	فتحة	0	1
4590	اِنْسَحَقَ	سحق	فتحة	0	0
4591	اِسْتَفْرَغَ	فرغ	فتحة	0	1
4592	اِنْقَصَفَ	قصف	فتحة	0	0
4593	اِسْتَوْضَحَ	وضح	فتحة	0	1
4594	اِفْتَرَشَ	فرش	فتحة	0	1
4595	اِسْتَعْرَضَ	عرض	فتحة	0	1
4596	اِقْتَصَرَ	قصر	فتحة	0	1
4597	اِنْسَلَخَ	سلخ	فتحة	0	0
4598	اِسْتَوْطَنَ	وطن	فتحة	0	1
4599	اِعْتَكَفَ	عكف	فتحة	0	0
4600	اِنْكَمَشَ	كمش	فتحة	0	0
4601	اِسْتَمْسَكَ	مسك	فتحة	0	0
4602	اِنْغَمَرَ	غمر	فتحة	0	0
4603	اِنْتَحَرَ	نحر	فتحة	0	1
4604	اِنْعَقَفَ	عقف	فتحة	0	0
4605	اِمْتَثَلَ	مثل	فتحة	0	1
4606	اِسْتَنْسَخَ	نسخ	فتحة	0	1
4607	اِبْتَدَعَ	بدع	فتحة	0	1
4608	اِنْزَجَرَ	زجر	فتحة	0	0
4609	اِنْسَطَحَ	سطح	فتحة	0	0
4610	اِنْجَذَبَ	جذب	فتحة	0	0
4611	اِنْكَتَبَ	كتب	فتحة	0	0
4612	اِنْهَزَمَ	هزم	فتحة	0	0
4613	اِسْتَعْرَفَ	عرف	فتحة	0	0
4614	اِسْتَصْعَبَ	صعب	فتحة	0	1
4615	اِسْتَبْصَرَ	بصر	فتحة	0	1
4616	اِنْسَرَقَ	سرق	فتحة	0	0
4617	اِعْتَشَبَ	عشب	فتحة	0	0
4618	اِسْتَقْدَمَ	قدم	فتحة	0	1
4619	اِنْتَهَكَ	نهك	فتحة	0	1
4620	اِسْتَوْعَرَ	وعر	فتحة	0	1
4621	اِحْتَطَبَ	حطب	فتحة	0	1
4622	اِنْجَمَعَ	جمع	فتحة	0	0
4623	اِنْسَجَمَ	سجم	فتحة	0	0
4624	اِنْكَشَفَ	كشف	فتحة	0	0
4625	اِتَّقَدَ	وقد	فتحة	0	0
4626	اِنْغَمَضَ	غمض	فتحة	0	0
4627	اِسْتَهْتَرَ	هتر	فتحة	0	0
4628	اِسْتَغْفَلَ	غفل	فتحة	0	1
4629	اِسْتَصْلَحَ	صلح	فتحة	0	1
4630	اِسْتَسْلَمَ	سلم	فتحة	0	1
4631	اِلْتَزَمَ	لزم	فتحة	0	1
4632	اِسْتَعْبَدَ	عبد	فتحة	0	1
4633	اِغْتَبَطَ	غبط	فتحة	0	0
4634	اِسْتَكْشَفَ	كشف	فتحة	0	1
4635	اِنْكَدَرَ	كدر	فتحة	0	0
4636	اِكْتَتَبَ	كتب	فتحة	0	1
4637	اِضْطَجَعَ	ضجع	فتحة	0	0
4638	اِسْتَكْرَهَ	كره	فتحة	0	1
4639	اِنْقَصَمَ	قصم	فتحة	0	0
4640	اِنْقَسَمَ	قسم	فتحة	0	0
4641	اِبْتَذَلَ	بذل	فتحة	0	1
4642	اِنْفَقَصَ	فقص	فتحة	0	0
4643	اِنْفَرَكَ	فرك	فتحة	0	0
4644	اِقْتَرَضَ	قرض	فتحة	0	1
4645	اِكْتَمَلَ	كمل	فتحة	0	0
4646	اِخْتَبَرَ	خبر	فتحة	0	1
4647	اِنْكَبَسَ	كبس	فتحة	0	0
4648	اِنْتَصَحَ	نصح	فتحة	0	1
4649	اِنْسَلَبَ	سلب	فتحة	0	0
4650	اِنْكَسَفَ	كسف	فتحة	0	0
4651	اِسْتَقْطَعَ	قطع	فتحة	0	1
4652	اِنْكَبَتَ	كبت	فتحة	0	0
4653	اِقْتَطَفَ	قطف	فتحة	0	1
4654	اِسْتَكْتَبَ	كتب	فتحة	0	1
4655	اِسْتَشْفَعَ	شفع	فتحة	0	0
4656	اِفْتَحَصَ	فحص	فتحة	0	0
4657	اِضَّجَعَ	ضجع	فتحة	0	0
4658	اِكْتَتَمَ	كتم	فتحة	0	1
4659	اِقْتَرَعَ	قرع	فتحة	0	1
4660	اِلْتَبَكَ	لبك	فتحة	0	0
4661	اِسْتَوْفَرَ	وفر	فتحة	0	1
4662	اِكْتَنَهَ	كنه	فتحة	0	1
4663	اِنْتَصَبَ	نصب	فتحة	0	0
4664	اِسْتَكْمَلَ	كمل	فتحة	0	1
4665	اِقْتَضَبَ	قضب	فتحة	0	1
4666	اِمْتَشَطَ	مشط	فتحة	0	0
4667	اِنْقَرَضَ	قرض	فتحة	0	0
4668	اِسْتَقْبَلَ	قبل	فتحة	0	1
4669	اِنْقَذَفَ	قذف	فتحة	0	0
4670	اِنْقَطَعَ	قطع	فتحة	0	0
4671	اِسْتَفْرَهَ	فره	فتحة	0	0
4672	اِبْتَلَعَ	بلع	فتحة	0	1
4673	اِسْتَوْعَبَ	وعب	فتحة	0	1
4674	اِقْتَصَدَ	قصد	فتحة	0	0
4675	اِفْتَصَدَ	فصد	فتحة	0	1
4676	اِنْجَلَبَ	جلب	فتحة	0	0
4677	اِقْتَرَبَ	قرب	فتحة	0	0
4678	اِقْتَلَعَ	قلع	فتحة	0	1
4679	اِرْمَدَّ	رمد	فتحة	0	0
4680	اِحْتَلَّ	حلل	فتحة	0	1
4681	اِسْتَحَبَّ	حبب	فتحة	0	1
4682	اِحْتَدَّ	حدد	فتحة	0	0
4683	اِنْقَصَّ	نقص	فتحة	0	0
4684	اِكْفَهَرَّ	كفه	فتحة	0	0
4685	اِخْضَرَّ	خضر	فتحة	0	0
4686	اِفْتَرَّ	فتر	فتحة	0	1
4687	اِنْجَرَّ	جرر	فتحة	0	0
4688	اِسْتَجَدَّ	جدد	فتحة	0	1
4689	اِنْشَلَّ	شلل	فتحة	0	0
4690	اِغْتَرَّ	غرر	فتحة	0	1
4691	اِضْمَحَلَّ	ضمح	فتحة	0	0
4692	اِجْتَثَّ	جثث	فتحة	0	1
4693	اِسْتَمَدَّ	مدد	فتحة	0	1
4694	اِعْتَزَّ	عزز	فتحة	0	0
4695	اِبْتَزَّ	بزز	فتحة	0	1
4696	اِسْتَحَلَّ	حلل	فتحة	0	1
4697	اِنْحَطَّ	حطط	فتحة	0	0
4698	اِحْتَكَّ	حكك	فتحة	0	0
4699	اِسْتَغَلَّ	غلل	فتحة	0	1
4700	اِنْحَتَّ	حتت	فتحة	0	0
4701	اِنْدَقَّ	دقق	فتحة	0	0
4702	اِنْدَكَّ	دكك	فتحة	0	0
4703	اِشْمَخَرَّ	شمخ	فتحة	0	0
4704	اِسْتَمَرَّ	مرر	فتحة	0	1
4705	اِحْوَلَّ	حول	فتحة	0	0
4706	اِنْبَتَّ	بتت	فتحة	0	0
4707	اِنْحَلَّ	حلل	فتحة	0	0
4708	اِخْتَلَّ	خلل	فتحة	0	1
4709	اِحْوَرَّ	حور	فتحة	0	0
4710	اِكْتَظَّ	كظظ	فتحة	0	1
4711	اِنْفَضَّ	فضض	فتحة	0	0
4712	اِخْتَطَّ	خطط	فتحة	0	1
4713	اِسْتَخَفَّ	خفف	فتحة	0	1
4714	اِفْتَلَّ	فلل	فتحة	0	0
4715	اِنْضَمَّ	ضمم	فتحة	0	0
4716	اِزْوَرَّ	زور	فتحة	0	0
4717	اِرْتَجَّ	رجج	فتحة	0	0
4718	اِسْتَرَدَّ	ردد	فتحة	0	1
4719	اِسْتَلَذَّ	لذذ	فتحة	0	1
4720	اِسْتَجَمَّ	جمم	فتحة	0	1
4721	اِنْكَفَّ	كفف	فتحة	0	0
4722	اِعْتَلَّ	علل	فتحة	0	1
4723	اِسْمَرَّ	سمر	فتحة	0	0
4724	اِبْتَلَّ	بلل	فتحة	0	0
4725	اِسْوَدَّ	سود	فتحة	0	0
4726	اِرْتَدَّ	ردد	فتحة	0	0
4727	اِشْتَدَّ	شدد	فتحة	0	0
4728	اِسْتَشَفَّ	شفف	فتحة	0	1
4729	اِسْتَحَمَّ	حمم	فتحة	0	0
4730	اِسْتَعَدَّ	عدد	فتحة	0	0
4731	اِعْوَجَّ	عوج	فتحة	0	0
4732	اِعْوَرَّ	عور	فتحة	0	0
4733	اِنْهَلَّ	هلل	فتحة	0	0
4734	اِسْتَدَلَّ	دلل	فتحة	0	0
4735	اِسْتَهَلَّ	هلل	فتحة	0	1
4736	اِعْتَدَّ	عدد	فتحة	0	0
4737	اِشْتَقَّ	شقق	فتحة	0	1
4738	اِنْشَقَّ	شقق	فتحة	0	0
4739	اِصْطَبَّ	صبب	فتحة	0	1
4740	اِسْتَقَلَّ	قلل	فتحة	0	1
4741	اِنْفَلَّ	فلل	فتحة	0	0
4742	اِمْتَدَّ	مدد	فتحة	0	0
4743	اِصْطَكَّ	صكك	فتحة	0	0
4744	اِنْغَضَّ	غضض	فتحة	0	0
4745	اِنْصَبَّ	صبب	فتحة	0	0
4746	اِنْسَدَّ	سدد	فتحة	0	0
4747	اِحْتَجَّ	حجج	فتحة	0	1
4748	اِسْتَظَلَّ	ظلل	فتحة	0	0
4749	اِهْتَزَّ	هزز	فتحة	0	0
4750	اِشْتَمَّ	شمم	فتحة	0	1
4751	اِزْرَقَّ	زرق	فتحة	0	0
4752	اِسْتَبَدَّ	بدد	فتحة	0	0
4753	اِصْطَفَّ	صفف	فتحة	0	0
4754	اِجْتَزَّ	جزز	فتحة	0	1
4755	اِغْبَرَّ	غبر	فتحة	0	0
4756	اِسْتَتَبَّ	تبب	فتحة	0	0
4757	اِسْتَحَثَّ	حثث	فتحة	0	1
4758	اِعْوَزَّ	عوز	فتحة	0	0
4759	اِهْتَلَّ	هلل	فتحة	0	0
4760	اِنْدَسَّ	دسس	فتحة	0	0
4761	اِنْفَشَّ	فشش	فتحة	0	0
4762	اِسْتَلَّ	سلل	فتحة	0	1
4763	اِسْتَقَرَّ	قرر	فتحة	0	0
4764	اِسْتَفَزَّ	فزز	فتحة	0	1
4765	اِغْتَمَّ	غمم	فتحة	0	0
4766	اِمْتَصَّ	مصص	فتحة	0	1
4767	اِنْغَطَّ	غطط	فتحة	0	0
4768	اِنْهَدَّ	هدد	فتحة	0	0
4769	اِمْتَنَّ	منن	فتحة	0	1
4770	اِفْتَنَّ	فنن	فتحة	0	0
4771	اِخْتَصَّ	خصص	فتحة	0	1
4772	اِصْفَرَّ	صفر	فتحة	0	0
4773	اِنْقَضَّ	قضض	فتحة	0	0
4774	اِقْتَصَّ	قصص	فتحة	0	0
4775	اِنْغَمَّ	غمم	فتحة	0	0
4776	اِسْتَحَقَّ	حقق	فتحة	0	1
4777	اِنْفَثَّ	فثث	فتحة	0	0
4778	اِلْتَذَّ	لذذ	فتحة	0	0
4779	اِنْبَثَّ	بثث	فتحة	0	0
4780	اِضْطَرَّ	ضرر	فتحة	0	1
4781	اِجْتَرَّ	جرر	فتحة	0	1
4782	اِدْلَهَمَّ	دله	فتحة	0	0
4783	اِحْمَرَّ	حمر	فتحة	0	0
4784	اِنْسَلَّ	سلل	فتحة	0	0
4785	اِسْتَفَّ	سفف	فتحة	0	1
4786	اِنْضَخَّ	ضخخ;نضخ	فتحة	0	0
4787	اِبْيَضَّ	بيض	فتحة	0	0
4788	اِهْتَمَّ	همم	فتحة	0	0
4789	اِقْشَعَرَّ	قشعر	فتحة	0	0
4790	اِنْكَبَّ	كبب	فتحة	0	0
4791	اِلْتَفَّ	لفف	فتحة	0	0
4792	اِسْوَادَّ	سود	فتحة	0	0
4793	اِزْوَارَّ	زور	فتحة	0	0
4794	هَالَّ	هلل	فتحة	0	1
4795	حَاكَّ	حكك	فتحة	0	1
4796	مَادَّ	مدد	فتحة	0	1
4797	سَارَّ	سرر	فتحة	0	1
4798	شَاجَّ	شجج	فتحة	0	0
4799	رَادَّ	ردد	فتحة	0	1
4800	حَاجَّ	حجج	فتحة	0	1
4801	شَاقَّ	شقق	فتحة	0	1
4802	صَافَّ	صفف	فتحة	0	1
4803	لَافَّ	لفف	فتحة	0	1
4804	شَادَّ	شدد	فتحة	0	1
4805	ذَافَّ	ذفف	فتحة	0	1
4806	قَارَّ	قرر	فتحة	0	1
4807	لَادَّ	لدد	فتحة	0	1
4808	ضَارَّ	ضرر	فتحة	0	1
4809	عَاضَّ	عضض	فتحة	0	0
4810	صَاتَّ	صتت	فتحة	0	1
4811	جَارَّ	جرر	فتحة	0	1
4812	قَاصَّ	قصص	فتحة	0	1
4813	حَاثَّ	حثث	فتحة	0	1
4814	شَامَّ	شمم	فتحة	0	0
4815	غَارَّ	غرر	فتحة	0	1
4816	حَابَّ	حبب	فتحة	0	1
4817	مَارَّ	مرر	فتحة	0	1
4818	شَارَّ	شرر	فتحة	0	1
4819	حَاقَّ	حقق	فتحة	0	1
4820	ضَامَّ	ضمم	فتحة	0	1
4821	لَاظَّ	لظظ	فتحة	0	0
4822	وَادَّ	ودد	فتحة	0	1
4823	مَاسَّ	مسس	فتحة	0	1
4824	ضَادَّ	ضدد	فتحة	0	1
4825	شَاحَّ	شحح	فتحة	0	1
4826	عَاقَّ	عقق	فتحة	0	1
4827	صَارَّ	صرر	فتحة	0	1
4828	عَادَّ	عدد	فتحة	0	1
4829	لَاجَّ	لج ج	فتحة	0	1
4830	أَلَثَّ	لثث	فتحة	0	0
4831	أَرَضَّ	رضض	فتحة	0	1
4832	أَذَلَّ	ذلل	فتحة	0	1
4833	أَرَسَّ	رسس	فتحة	0	1
4834	أَمَضَّ	مضض	فتحة	0	1
4835	أَتَمَّ	تمم	فتحة	0	1
4836	أَجَنَّ	جنن	فتحة	0	1
4837	أَظَلَّ	ظلل	فتحة	0	1
4838	أَحَسَّ	حسس	فتحة	0	1
4839	أَدَرَّ	درر	فتحة	0	1
4840	أَسَرَّ	سرر	فتحة	0	1
4841	أَبَلَّ	بلل	فتحة	0	0
4842	أَرَكَّ	ركك	فتحة	0	0
4843	أَطَلَّ	طلل	فتحة	0	1
4844	أَمَرَّ	مرر	فتحة	0	1
4845	أَعَدَّ	عدد	فتحة	0	1
4846	أَصَحَّ	صحح	فتحة	0	1
4847	أَصَدَّ	صدد	فتحة	0	1
4848	أَشَدَّ	شدد	فتحة	0	0
4849	أَلَزَّ	لزز	فتحة	0	1
4850	أَجَمَّ	جمم	فتحة	0	1
4851	أَزَفَّ	زفف	فتحة	0	1
4852	أَجَلَّ	جلل	فتحة	0	1
4853	أَمَرَّ	مرر	فتحة	0	1
4854	أَهَمَّ	همم	فتحة	0	1
4855	أَشَلَّ	شلل	فتحة	0	1
4856	أَزَلَّ	زلل	فتحة	0	1
4857	أَقَضَّ	قضض	فتحة	0	1
4858	أَقَرَّ	قرر	فتحة	0	1
4859	أَمَسَّ	مسس	فتحة	0	1
4860	أَلَفَّ	لفف	فتحة	0	1
4861	أَسَنَّ	سنن	فتحة	0	1
4862	أَضَلَّ	ضلل	فتحة	0	1
4863	أَزَكَّ	زكك	فتحة	0	0
4864	أَخَلَّ	خلل	فتحة	0	1
4865	أَعَفَّ	عفف	فتحة	0	1
4866	أَلَجَّ	لجج	فتحة	0	0
4867	أَكَلَّ	ءكل	فتحة	0	1
4868	أَمَدَّ	مدد	فتحة	0	1
4869	أَحَثَّ	حثث	فتحة	0	1
4870	أَفَجَّ	فجج	فتحة	0	1
4871	أَنَقَّ	نقق	فتحة	0	0
4872	أَبَرَّ	برر	فتحة	0	1
4873	أَكَمَّ	كمم	فتحة	0	1
4874	أَلَحَّ	لحح	فتحة	0	0
4875	أَغَنَّ	غنن	فتحة	0	1
4876	أَهَلَّ	هلل	فتحة	0	1
4877	أَشَعَّ	شعع	فتحة	0	1
4878	أَمَلَّ	ملل	فتحة	0	1
4879	أَمَنَّ	منن	فتحة	0	1
4880	أَهَرَّ	هرر	فتحة	0	1
4881	أَكَبَّ	كبب	فتحة	0	1
4882	أَنَضَّ	نضض	فتحة	0	1
4883	أَعَنَّ	عنن	فتحة	0	1
4884	أَلَبَّ	لبب	فتحة	0	1
4885	أَعَزَّ	عزز	فتحة	0	1
4886	أَكَنَّ	كنن	فتحة	0	1
4887	أَهَبَّ	هبب	فتحة	0	1
4888	أَفَلَّ	فلل	فتحة	0	0
4889	أَلَدَّ	لدد	فتحة	0	1
4890	أَغَمَّ	غمم	فتحة	0	1
4891	أَصَرَّ	صرر	فتحة	0	1
4892	أَحَقَّ	حقق	فتحة	0	1
4893	أَغَلَّ	غلل	فتحة	0	1
4894	أَخَفَّ	خفف	فتحة	0	1
4895	أَحَلَّ	حلل	فتحة	0	1
4896	أَحَبَّ	حبب	فتحة	0	1
4897	أَمَصَّ	مصص	فتحة	0	1
4898	أَزَمَّ	زمم	فتحة	0	1
4899	أَمَرَّ	مرر	فتحة	0	1
4900	أَلَمَّ	لمم	فتحة	0	0
4901	تَصَافَّ	صفف	فتحة	0	0
4902	تَشَاحَّ	شحح	فتحة	0	0
4903	تَسَابَّ	سبب	فتحة	0	0
4904	تَحَاتَّ	حتت	فتحة	0	0
4905	تَحَاجَّ	حجج	فتحة	0	0
4906	تَحَاكَّ	حكك	فتحة	0	0
4907	تَنَادَّ	ندد	فتحة	0	0
4908	تَوَادَّ	ودد	فتحة	0	0
4909	تَضَادَّ	ضدد	فتحة	0	0
4910	تَنَاصَّ	نصص	فتحة	0	0
4911	تَضَامَّ	ضمم	فتحة	0	0
4912	تَهَادَّ	هدد	فتحة	0	0
4913	تَرَاصَّ	رصص	فتحة	0	0
4914	تَشَادَّ	شدد	فتحة	0	1
4915	تَلَاذَّ	لذذ	فتحة	0	0
4916	تَعَاضَّ	عضض	فتحة	0	0
4917	اِنْقَاضَّ	قضض	فتحة	0	0
4918	تَحَابَّ	حبب	فتحة	0	0
4919	تَمَاسَّ	مسس	فتحة	0	0
4920	تَحَاثَّ	حثث	فتحة	0	0
4921	تَسَارَّ	سرر	فتحة	0	0
4922	أَرَّقَ	ءرق	فتحة	0	1
4923	أَلَّهَ	ءله	فتحة	0	1
4924	أَحَّدَ	ءحح	فتحة	0	1
4925	أَكَّدَ	ءكد;وكد	فتحة	0	1
4926	أَجَّلَ	ءجل	فتحة	0	1
4927	أَطَّرَ	ءطر	فتحة	0	1
4928	أَرَّخَ	ءرخ	فتحة	0	1
4929	أَرَّضَ	ءرض	فتحة	0	1
4930	أَسَّسَ	ءسس	فتحة	0	1
4931	أَثَّثَ	ءثث	فتحة	0	1
4932	أَثَّفَ	ءثف	فتحة	0	1
4933	أَخَّذَ	ءخذ	فتحة	0	1
4934	أَفَّفَ	ءفف	فتحة	0	0
4935	أَجَّرَ	ءجر	فتحة	0	1
4936	أَثَّرَ	ءثر	فتحة	0	0
4937	أَوَّلَ	ءول	فتحة	0	1
4938	أَذَّنَ	ءذن	فتحة	0	1
4939	أَكَّلَ	ءكل	فتحة	0	1
4940	أَيَّسَ	ءيس	فتحة	0	1
4941	أَلَّبَ	ءلب	فتحة	0	1
4942	أَيَّدَ	ءيد	فتحة	0	1
4943	أَهَّلَ	ءهل	فتحة	0	1
4944	أَشَّرَ	ءشر	فتحة	0	1
4945	أَمَّمَ	ءمم	فتحة	0	1
4946	أَمَّلَ	ءمل	فتحة	0	1
4947	أَلَّفَ	ءلف	فتحة	0	1
4948	أَيَّمَ	ءيم	فتحة	0	1
4949	أَوَّبَ	ءوب	فتحة	0	0
4950	أَنَّقَ	ءنق	فتحة	0	1
4951	أَمَّرَ	ءمر	فتحة	0	1
4952	أَمَّنَ	ءمن	فتحة	0	1
4953	أَنَّبَ	ءنب	فتحة	0	1
4954	أَنَّثَ	ءنث	فتحة	0	1
4955	أَلَّمَ	ءلم	فتحة	0	1
4956	أَنَّسَ	ءنس	فتحة	0	1
4957	أَصَّلَ	ءصل	فتحة	0	1
4958	أَهَّبَ	ءهب	فتحة	0	0
4959	تَأَوَّهَ	ءوه	فتحة	0	0
4960	أَوَّدَ	ءود	فتحة	0	1
4961	أَخَّرَ	ءخر	فتحة	0	1
4962	أَدَّبَ	ءدب	فتحة	0	1
4963	أَصَّدَ	ءصد	فتحة	0	1
4964	أَجَّجَ	ءجج	فتحة	0	1
4965	آجَرَ	ءجر	فتحة	0	1
4966	آمَرَ	ءمر	فتحة	0	1
4967	آثَمَ	ءثم	فتحة	0	1
4968	آكَلَ	ءكل	فتحة	0	1
4969	آخَذَ	ءخذ	فتحة	0	1
4970	آدَبَ	ءدب	فتحة	0	1
4971	آزَرَ	ءزر	فتحة	0	1
4972	آنَسَ	ءنس	فتحة	0	1
4973	آنَقَ	ءنق	فتحة	0	1
4974	آكَلَ	ءكل	فتحة	0	1
4975	آخَذَ	ءخذ	فتحة	0	1
4976	آذَنَ	ءذن	فتحة	0	1
4977	آرَقَ	ءرق	فتحة	0	1
4978	آكَلَ	ءكل	فتحة	0	1
4979	آكَدَ	ءكد	فتحة	0	1
4980	آكَلَ	ءكل	فتحة	0	1
4981	آجَرَ	ءجر	فتحة	0	1
4982	آنَفَ	ءنف	فتحة	0	1
4983	آثَرَ	ءثر	فتحة	0	1
4984	آمَنَ	ءمن	فتحة	0	1
4985	آنَضَ	ءنض	فتحة	0	1
4986	آنَثَ	ءنث	فتحة	0	0
4987	آلَفَ	ءلف	فتحة	0	1
4988	آنَسَ	ءنس	فتحة	0	1
4989	آزَفَ	ءزف	فتحة	0	1
4990	آلَمَ	ءلم	فتحة	0	1
4991	آلَفَ	ءلف	فتحة	0	1
4992	تَأَلَّهَ	ءله	فتحة	0	0
4993	تَأَسَّفَ	ءسف	فتحة	0	0
4994	تَأَمَّلَ	ءمل	فتحة	0	1
4995	تَأَيَّدَ	ءيد	فتحة	0	0
4996	تَأَخَّرَ	ءخر	فتحة	0	0
4997	تَأَزَّمَ	ءزم	فتحة	0	0
4998	تَأَفَّفَ	ءفف	فتحة	0	0
4999	تَأَلَّفَ	ءلف	فتحة	0	0
5000	تَأَدَّبَ	ءدب	فتحة	0	0
5001	تَأَبَّطَ	ءبط	فتحة	0	1
5002	تَأَثَّرَ	ءثر	فتحة	0	0
5003	تَأَلَّقَ	ءلق	فتحة	0	0
5004	تَأَمَّرَ	ءمر	فتحة	0	1
5005	تَأَجَّلَ	ءجل	فتحة	0	1
5006	تَأَثَّثَ	ءثث	فتحة	0	0
5007	تَأَكَّدَ	ءكد	فتحة	0	0
5008	تَأَكَّلَ	ءكل	فتحة	0	0
5009	تَأَنَّثَ	ءنث	فتحة	0	0
5010	تَأَهَّبَ	ءهب	فتحة	0	0
5011	تَأَجَّجَ	ءجج	فتحة	0	0
5012	تَأَسَّسَ	ءسس	فتحة	0	0
5013	تَأَنَّقَ	ءنق	فتحة	0	1
5014	تَأَلَّمَ	ءلم	فتحة	0	0
5015	تَأَلَّبَ	ءلب	فتحة	0	0
5016	تَأَسَّدَ	ءسد	فتحة	0	0
5017	تَأَبَّدَ	ءبد	فتحة	0	0
5018	تَأَنَّسَ	ءنس	فتحة	0	0
5019	تَأَهَّلَ	ءهل	فتحة	0	0
5020	تَآكَلَ	ءكل	فتحة	0	0
5021	تَآزَرَ	ءزر	فتحة	0	0
5022	تَآمَرَ	ءمر	فتحة	0	0
5023	تَآلَفَ	ءلف	فتحة	0	0
5024	تَآنَسَ	ءنس	فتحة	0	0
5025	اِسْتَأْذَنَ	ءذن	فتحة	0	1
5026	اِسْتَأْنَسَ	ءنس	فتحة	0	0
5027	اِسْتَأْصَلَ	ءصل	فتحة	0	1
5028	اِسْتَأْسَدَ	ءسد	فتحة	0	0
5029	اِسْتَأْجَرَ	ءجر	فتحة	0	1
5030	اِسْتَأْنَفَ	ءنف	فتحة	0	1
5031	اِسْتَأْلَفَ	ءلف	فتحة	0	0
5032	اِسْتَأْهَلَ	ءهل	فتحة	0	1
5033	اِسْتَأْثَرَ	ءثر	فتحة	0	1
5034	اِئْتَكَلَ	ءكل	فتحة	0	0
5035	اِئْتَثَرَ	ءثر	فتحة	0	1
5036	اِئْتَزَرَ	ءزر	فتحة	0	0
5037	اِئْتَلَقَ	ءلق	فتحة	0	0
5038	اِئْتَمَنَ	ءمن	فتحة	0	1
5039	اِئْتَلَفَ	ءلف	فتحة	0	0
5040	اِئْتَمَرَ	ءمر	فتحة	0	1
5041	يَأَّسَ	يءس	فتحة	0	1
5042	رَأَّسَ	رءس	فتحة	0	1
5043	طَمْأَنَ	طمءن	فتحة	0	1
5044	شَاءَمَ	شءم	فتحة	0	0
5045	وَاءَمَ	وءم	فتحة	0	1
5046	ضَاءَلَ	ضءل	فتحة	0	1
5047	تَاءَمَ	تءم	فتحة	0	1
5048	لَاءَمَ	لءم	فتحة	0	1
5049	سَاءَلَ	سءل	فتحة	0	1
5050	أَلْأَمَ	لءم	فتحة	0	1
5051	أَذْأَبَ	ذءب	فتحة	0	1
5052	أَدْأَبَ	دءب	فتحة	0	1
5053	تَرَأَّفَ	رءف	فتحة	0	0
5054	تَرَأَّمَ	رءم	فتحة	0	1
5055	تَرَأَّسَ	رءس	فتحة	0	1
5056	تَسَاءَلَ	سءل	فتحة	0	0
5057	تَلَاءَمَ	لءم	فتحة	0	0
5058	تَفَاءَلَ	فءل	فتحة	0	0
5059	تَضَاءَلَ	ضءل	فتحة	0	0
5060	تَذَاءَبَ	ذءب	فتحة	0	1
5061	تَوَاءَمَ	وءم	فتحة	0	0
5062	تَثَاءَبَ	ثءب	فتحة	0	0
5063	تَشَاءَمَ	شءم	فتحة	0	0
5064	اِرْتَأَسَ	رءس	فتحة	0	1
5065	اِسْتَرْأَفَ	رءف	فتحة	0	1
5066	اِسْتَيْأَسَ	يءس	فتحة	0	0
5067	اِكْتَأَبَ	كءب	فتحة	0	0
5068	اِبْتَأَسَ	بءس	فتحة	0	0
5069	اِلْتَأَمَ	لءم	فتحة	0	0
5070	بَرَّأَ	برء	فتحة	0	1
5071	رَفَّأَ	رفء	فتحة	0	1
5072	وَطَّأَ	وطء	فتحة	0	1
5073	جَزَّأَ	جزء	فتحة	0	1
5074	بَوَّأَ	بوء	فتحة	0	1
5075	ظَمَّأَ	ظمء	فتحة	0	1
5076	خَبَّأَ	خبء	فتحة	0	1
5077	فَيَّأَ	فيء	فتحة	0	1
5078	هَرَّأَ	هرء	فتحة	0	1
5079	عَبَّأَ	عبء	فتحة	0	1
5080	نَبَّأَ	نبء	فتحة	0	1
5081	وَضَّأَ	وضء	فتحة	0	1
5082	ضَوَّأَ	ضوء	فتحة	0	1
5083	نَشَّأَ	نشء	فتحة	0	1
5084	قَيَّأَ	قيء	فتحة	0	1
5085	شَيَّأَ	شيء	فتحة	0	1
5086	هَيَّأَ	هيء	فتحة	0	1
5087	بَطَّأَ	بطء	فتحة	0	1
5088	هَنَّأَ	هنء	فتحة	0	1
5089	كَلَّأَ	كلء	فتحة	0	1
5090	مَرَّأَ	مرء	فتحة	0	1
5091	لَجَّأَ	لجء	فتحة	0	1
5092	جَشَّأَ	جشء	فتحة	0	0
5093	خَطَّأَ	خطء	فتحة	0	1
5094	جَرَّأَ	جرء	فتحة	0	1
5095	دَفَّأَ	دفء	فتحة	0	1
5096	هَدَّأَ	هدء	فتحة	0	1
5097	وَمَّأَ	ومء	فتحة	0	0
5098	دَارَأَ	درء	فتحة	0	1
5099	فَاجَأَ	فجء	فتحة	0	1
5100	كَافَأَ	كفء	فتحة	0	1
5101	بَادَأَ	بدء	فتحة	0	1
5102	قَارَأَ	قرء	فتحة	0	1
5103	مَالَأَ	ملء	فتحة	0	1
5104	وَاكَأَ	وكء	فتحة	0	0
5105	بَاطَأَ	بطء	فتحة	0	1
5106	وَاضَأَ	وضء	فتحة	0	1
5107	وَاطَأَ	وطء	فتحة	0	1
5108	أَدْفَأَ	دفء	فتحة	0	1
5109	أَطْفَأَ	طفء	فتحة	0	1
5110	أَخْطَأَ	خطء	فتحة	0	1
5111	أَهْدَأَ	هدء	فتحة	0	1
5112	أَبْرَأَ	برء	فتحة	0	1
5113	أَبْطَأَ	بطء	فتحة	0	0
5114	أَدْنَأَ	دنء	فتحة	0	0
5115	أَوْطَأَ	وطء	فتحة	0	1
5116	أَظْمَأَ	ظمء	فتحة	0	1
5117	أَقْرَأَ	قرء	فتحة	0	1
5118	أَصْدَأَ	صدء	فتحة	0	1
5119	أَهْرَأَ	هرء	فتحة	0	1
5120	أَهْمَأَ	همء	فتحة	0	1
5121	أَكْمَأَ	كمء	فتحة	0	1
5122	أَنْوَأَ	نوء	فتحة	0	0
5123	أَنْبَأَ	نبء	فتحة	0	1
5124	أَنْشَأَ	نشء	فتحة	0	1
5125	أَرْدَأَ	ردء	فتحة	0	1
5126	أَبْذَأَ	بذء	فتحة	0	0
5127	أَوْمَأَ	ومء	فتحة	0	0
5128	أَكْفَأَ	كفء	فتحة	0	1
5129	أَتْكَأَ	وكء	فتحة	0	1
5130	أَوْبَأَ	وبء	فتحة	0	0
5131	أَكْلَأَ	كلء	فتحة	0	1
5132	أَلْجَأَ	لجء	فتحة	0	1
5133	أَرْجَأَ	رجء	فتحة	0	1
5134	تَهَنَّأَ	هنء	فتحة	0	1
5135	تَضَوَّأَ	ضوء	فتحة	0	1
5136	تَفَيَّأَ	فيء	فتحة	0	1
5137	تَوَكَّأَ	وكء	فتحة	0	0
5138	تَجَشَّأَ	جشء	فتحة	0	0
5139	تَوَطَّأَ	وطء	فتحة	0	1
5140	تَفَقَّأَ	فقء	فتحة	0	0
5141	تَوَضَّأَ	وضء	فتحة	0	0
5142	تَبَطَّأَ	بطء	فتحة	0	0
5143	تَمَلَّأَ	ملء	فتحة	0	0
5144	تَدَنَّأَ	دنء	فتحة	0	1
5145	تَلَكَّأَ	لكء	فتحة	0	0
5146	تَخَطَّأَ	خطء	فتحة	0	1
5147	تَخَبَّأَ	خبء	فتحة	0	0
5148	تَدَفَّأَ	دفء	فتحة	0	0
5149	تَقَيَّأَ	قيء	فتحة	0	0
5150	تَهَرَّأَ	هرء	فتحة	0	0
5151	تَمَرَّأَ	مرء	فتحة	0	0
5152	تَبَرَّأَ	برء	فتحة	0	0
5153	تَنَشَّأَ	نشء	فتحة	0	0
5154	تَنَبَّأَ	نبء	فتحة	0	0
5155	تَكَمَّأَ	كمء	فتحة	0	1
5156	تَبَوَّأَ	بوء	فتحة	0	1
5157	تَجَرَّأَ	جرء	فتحة	0	0
5158	تَهَيَّأَ	هيء	فتحة	0	0
5159	تَهَزَّأَ	هزء	فتحة	0	0
5160	تَجَزَّأَ	جزء	فتحة	0	0
5161	تَبَاطَأَ	بطء	فتحة	0	0
5162	تَكَافَأَ	كفء	فتحة	0	0
5163	تَوَاطَأَ	وطء	فتحة	0	1
5164	تَخَاطَأَ	خطء	فتحة	0	1
5165	اِدَّارَأَ	درء	فتحة	0	0
5166	اِنْطَفَأَ	طفء	فتحة	0	0
5167	اِخْتَبَأَ	خبء	فتحة	0	1
5168	اِجْتَشَأَ	جشء	فتحة	0	1
5169	اِتَّكَأَ	وكء	فتحة	0	0
5170	اِسْتَبْطَأَ	بطء	فتحة	0	1
5171	اِجْتَرَأَ	جرء	فتحة	0	0
5172	اِسْتَمْرَأَ	مرء	فتحة	0	1
5173	اِسْتَقْرَأَ	قرء	فتحة	0	1
5174	اِسْتَدْفَأَ	دفء	فتحة	0	0
5175	اِنْفَقَأَ	فقء	فتحة	0	0
5176	اِسْتَهْزَأَ	هزء	فتحة	0	0
5177	اِبْتَدَأَ	بدء	فتحة	0	1
5178	اِمْتَلَأَ	ملء	فتحة	0	0
5179	اِلْتَجَأَ	لجء	فتحة	0	0
5180	اِنْكَفَأَ	كفء	فتحة	0	0
5181	اِيرَاقَّ	ورق	فتحة	0	0
5182	أَيْتَمَ	يتم	فتحة	0	1
5183	أَيْسَرَ	يسر	فتحة	0	0
5184	أَيْفَعَ	يفع	فتحة	0	0
5185	أَيْنَعَ	ينع	فتحة	0	0
5186	أَيْقَظَ	يقظ	فتحة	0	1
5187	أَيْبَسَ	يبس	فتحة	0	1
5188	أَيْقَنَ	يقن	فتحة	0	1
5189	أَيْمَنَ	يمن	فتحة	0	1
5190	أَضَاعَ	ضيع	فتحة	0	1
5191	أَعَالَ	عول	فتحة	0	1
5192	أَفَاضَ	فيض	فتحة	0	1
5193	أَخَافَ	خوف	فتحة	0	1
5194	أَرَاحَ	روح	فتحة	0	1
5195	أَرَاقَ	روق	فتحة	0	1
5196	أَبَانَ	بين	فتحة	0	1
5197	أَصَابَ	صوب	فتحة	0	1
5198	أَشَادَ	شيد	فتحة	0	1
5199	أَمَاطَ	ميط	فتحة	0	1
5200	أَذَابَ	ذوب	فتحة	0	1
5201	أَنَامَ	نوم	فتحة	0	1
5202	أَشَاحَ	شيح	فتحة	0	1
5203	أَفَادَ	فود;فيد	فتحة	0	1
5204	أَطَالَ	طول	فتحة	0	1
5205	أَجَاعَ	جوع	فتحة	0	1
5206	أَجَارَ	جير	فتحة	0	1
5207	أَحَارَ	حور	فتحة	0	1
5208	أَسَاغَ	سوغ	فتحة	0	1
5209	أَدَارَ	دور	فتحة	0	1
5210	أَلَامَ	لوم	فتحة	0	1
5211	أَزَالَ	زيل	فتحة	0	1
5212	أَبَاتَ	بيت	فتحة	0	1
5213	أَنَارَ	نور	فتحة	0	1
5214	أَلَاذَ	لوذ	فتحة	0	0
5215	أَطَاعَ	طوع	فتحة	0	1
5216	أَذَاقَ	ذوق	فتحة	0	1
5217	أَفَاخَ	فوخ	فتحة	0	0
5218	أَرَادَ	رود	فتحة	0	1
5219	أَجَازَ	جوز	فتحة	0	1
5220	أَلَانَ	لين	فتحة	0	1
5221	أَعَاشَ	عيش	فتحة	0	1
5222	أَشَاعَ	شيع	فتحة	0	1
5223	أَقَامَ	قوم	فتحة	0	1
5224	أَصَاتَ	صوت	فتحة	0	1
5225	أَتَاحَ	تيح	فتحة	0	1
5226	أَمَالَ	ميل	فتحة	0	1
5227	أَهَابَ	هيب	فتحة	0	0
5228	أَرَاثَ	ريث	فتحة	0	1
5229	أَعَارَ	عور	فتحة	0	1
5230	أَبَاحَ	بوح	فتحة	0	1
5231	أَزَاغَ	زيغ	فتحة	0	1
5232	أَجَالَ	جول	فتحة	0	1
5233	أَرَابَ	ريب	فتحة	0	1
5234	أَدَانَ	دين	فتحة	0	1
5235	أَدَامَ	دوم	فتحة	0	1
5236	أَثَارَ	ثور	فتحة	0	1
5237	أَشَارَ	شور	فتحة	0	1
5238	أَخَالَ	خيل	فتحة	0	1
5239	أَفَاحَ	فوح;فيح	فتحة	0	1
5240	أَغَاضَ	غيض	فتحة	0	1
5241	أَلَاعَ	لوع;ليع	فتحة	0	1
5242	أَسَالَ	سيل	فتحة	0	1
5243	أَطَافَ	طيف	فتحة	0	0
5244	أَصَاخَ	صوخ	فتحة	0	0
5245	أَطَارَ	طير	فتحة	0	1
5246	أَرَاعَ	روع	فتحة	0	1
5247	أَغَالَ	غيل	فتحة	0	1
5248	أَنَافَ	نوف	فتحة	0	0
5249	أَعَاقَ	عوق	فتحة	0	1
5250	أَنَاطَ	نوط	فتحة	0	1
5251	أَحَالَ	حول	فتحة	0	1
5252	أَغَاظَ	غيظ	فتحة	0	1
5253	أَهَاجَ	هيج	فتحة	0	1
5254	أَنَالَ	نول	فتحة	0	1
5255	أَنَابَ	نوب	فتحة	0	1
5256	أَعَادَ	عود	فتحة	0	1
5257	أَغَاثَ	غيث	فتحة	0	1
5258	أَطَاقَ	طوق	فتحة	0	1
5259	أَغَارَ	غير	فتحة	0	1
5260	أَزَاحَ	زوح;زيح	فتحة	0	1
5261	أَطَابَ	طيب	فتحة	0	1
5262	أَنَاخَ	نوخ	فتحة	0	1
5263	أَذَاعَ	ذيع	فتحة	0	1
5264	أَغَاثَ	غوث	فتحة	0	1
5265	أَجَابَ	جوب	فتحة	0	1
5266	أَعَاذَ	عوذ	فتحة	0	1
5267	أَعَانَ	عون	فتحة	0	1
5268	أَزَالَ	زول	فتحة	0	1
5269	أَطَاحَ	طيح	فتحة	0	1
5270	أَضَافَ	ضيف	فتحة	0	1
5271	أَحَاطَ	حوط	فتحة	0	1
5272	أَبَادَ	بيد	فتحة	0	1
5273	أَغَارَ	غور	فتحة	0	1
5274	أَحَاقَ	حيق	فتحة	0	1
5275	أَهَانَ	هون	فتحة	0	1
5276	أَزَاغَ	زوغ	فتحة	0	1
5277	أَقَالَ	قيل	فتحة	0	1
5278	أَغَامَ	غيم	فتحة	0	0
5279	أَمَاتَ	موت	فتحة	0	1
5280	أَفَاقَ	فوق	فتحة	0	1
5281	أَلَاحَ	لوح	فتحة	0	1
5282	أَثَابَ	ثوب	فتحة	0	1
5283	أَطَافَ	طوف	فتحة	0	1
5284	أَجَادَ	جود	فتحة	0	1
5285	اِنْسَابَ	سيب	فتحة	0	0
5286	اِحْتَاجَ	حوج	فتحة	0	0
5287	اِصْطَافَ	صيف	فتحة	0	0
5288	اِزْدَانَ	زين	فتحة	0	0
5289	اِنْطَارَ	طير	فتحة	0	0
5290	اِرْتَاحَ	روح	فتحة	0	0
5291	اِقْتَاتَ	قوت	فتحة	0	1
5292	اِزْدَادَ	زود;زيد	فتحة	0	1
5293	اِخْتَالَ	خيل	فتحة	0	0
5294	اِخْتَارَ	خير	فتحة	0	1
5295	اِنْجَالَ	جول	فتحة	0	0
5296	اِنْصَابَ	صوب	فتحة	0	0
5297	اِحْتَالَ	حول	فتحة	0	0
5298	اِنْصَاعَ	صوع;صيع	فتحة	0	0
5299	اِنْهَالَ	هيل	فتحة	0	0
5300	اِنْضَافَ	ضيف	فتحة	0	0
5301	اِرْتَاعَ	روع	فتحة	0	0
5302	اِنْحَازَ	حوز	فتحة	0	0
5303	اِهْتَاجَ	هيج	فتحة	0	0
5304	اِنْتَابَ	نوب	فتحة	0	1
5305	اِحْتَاطَ	حوط	فتحة	0	0
5306	اِغْتَالَ	غول	فتحة	0	1
5307	اِغْتَابَ	غيب	فتحة	0	1
5308	اِنْزَاحَ	زوح;زيح	فتحة	0	0
5309	اِصْطَادَ	صيد	فتحة	0	1
5310	اِنْصَاتَ	صوت	فتحة	0	0
5311	اِبْتَاعَ	بيع	فتحة	0	1
5312	اِكْتَالَ	كيل	فتحة	0	1
5313	اِنْضَاجَ	ضوج	فتحة	0	0
5314	اِنْثَالَ	نثل	فتحة	0	0
5315	اِرْتَابَ	ريب	فتحة	0	0
5316	اِنْغَاضَ	غيض	فتحة	0	0
5317	اِغْتَارَ	غير	فتحة	0	0
5318	اِنْطَادَ	طود	فتحة	0	0
5319	اِغْتَاظَ	غيظ	فتحة	0	0
5320	اِنْجَابَ	جوب	فتحة	0	0
5321	اِنْطَاعَ	طوع	فتحة	0	0
5322	اِجْتَاحَ	جوح	فتحة	0	1
5323	اِعْتَادَ	عود	فتحة	0	1
5324	اِمْتَاحَ	متح	فتحة	0	1
5325	اِقْتَادَ	قود	فتحة	0	1
5326	اِنْسَاقَ	سوق	فتحة	0	0
5327	اِغْتَالَ	غيل	فتحة	0	1
5328	اِلْتَاعَ	لوع	فتحة	0	0
5329	اِرْتَادَ	رود	فتحة	0	1
5330	اِنْقَادَ	قود	فتحة	0	0
5331	اِمْتَازَ	ميز	فتحة	0	0
5332	اِجْتَازَ	جوز	فتحة	0	1
5333	اِنْهَارَ	هور	فتحة	0	0
5334	اِنْقَاضَ	قوض	فتحة	0	0
5335	اِنْصَاحَ	صوح;صيح	فتحة	0	0
5336	اِنْسَابَ	نسب	فتحة	0	0
5337	اِشْتَاقَ	شوق	فتحة	0	1
5338	اِسْتَفَاقَ	فوق	فتحة	0	1
5339	اِسْتَضَافَ	ضيف	فتحة	0	1
5340	اِسْتَفَادَ	فود;فيد	فتحة	0	0
5341	اِسْتَطَابَ	طيب	فتحة	0	1
5342	اِسْتَدَانَ	دين	فتحة	0	1
5343	اِسْتَجَارَ	جور	فتحة	0	1
5344	اِسْتَحَالَ	حول	فتحة	0	1
5345	اِسْتَدَارَ	دور	فتحة	0	0
5346	اِسْتَفَاضَ	فيض	فتحة	0	1
5347	اِسْتَمَاتَ	موت	فتحة	0	0
5348	اِسْتَعَاذَ	عوذ	فتحة	0	0
5349	اِسْتَبَاحَ	بوح	فتحة	0	1
5350	اِسْتَزَادَ	زيد	فتحة	0	1
5351	اِسْتَنَارَ	نور	فتحة	0	1
5352	اِسْتَشَاطَ	شيط	فتحة	0	0
5353	اِسْتَبَانَ	بين	فتحة	0	1
5354	اِسْتَطَارَ	طير	فتحة	0	1
5355	اِسْتَسَاغَ	سوغ	فتحة	0	1
5356	اِسْتَدَامَ	دوم	فتحة	0	1
5357	اِسْتَعَادَ	عود	فتحة	0	1
5358	اِسْتَعَارَ	عور	فتحة	0	1
5359	اِسْتَطَالَ	طول	فتحة	0	1
5360	اِسْتَقَالَ	قيل	فتحة	0	1
5361	اِسْتَعَانَ	عون	فتحة	0	1
5362	اِسْتَجَابَ	جوب	فتحة	0	1
5363	اِسْتَشَارَ	شور	فتحة	0	1
5364	اِسْتَعَاضَ	عوض	فتحة	0	1
5365	اِسْتَقَامَ	قوم	فتحة	0	1
5366	اِسْتَغَاثَ	غوث	فتحة	0	1
5367	اِسْتَكَانَ	سكن;كون	فتحة	0	0
5368	اِسْتَرَاحَ	روح	فتحة	0	0
5369	اِسْتَهَانَ	هون	فتحة	0	0
5370	اِسْتَطَاعَ	طوع	فتحة	0	1
5371	اِسْتَمَالَ	ميل	فتحة	0	1
5372	ضَحَّى	ضحو	فتحة	0	1
5373	صَلَّى	صلو	فتحة	0	1
5374	دَمَّى	دمي	فتحة	0	1
5375	عَدَّى	عدو	فتحة	0	1
5376	سَقَّى	سقي	فتحة	0	1
5377	فَلَّى	فلي	فتحة	0	1
5378	رَخَّى	رخي	فتحة	0	1
5379	نَقَّى	نقو	فتحة	0	1
5380	مَشَّى	مشي	فتحة	0	1
5381	فَدَّى	فدي	فتحة	0	1
5382	جَبَّى	جبي	فتحة	0	0
5383	عَمَّى	عمي	فتحة	0	1
5384	قَفَّى	قفو	فتحة	0	1
5385	غَشَّى	غشي	فتحة	0	1
5386	صَوَّى	صوي	فتحة	0	1
5387	سَرَّى	سري	فتحة	0	1
5388	سَمَّى	سمو	فتحة	0	1
5389	شَوَّى	شوي	فتحة	0	1
5390	خَطَّى	خطي	فتحة	0	1
5391	ذَرَّى	ذري	فتحة	0	1
5392	عَلَّى	علي	فتحة	0	1
5393	دَهَّى	دهي	فتحة	0	1
5394	مَسَّى	مسو	فتحة	0	1
5395	وَرَّى	وري	فتحة	0	1
5396	عَفَّى	عفو	فتحة	0	1
5397	عَرَّى	عري	فتحة	0	1
5398	تَلَّى	تلي	فتحة	0	1
5399	حَوَّى	حوي	فتحة	0	1
5400	بَقَّى	بقي	فتحة	0	1
5401	زَجَّى	زجو	فتحة	0	1
5402	لَقَّى	لقي	فتحة	0	1
5403	جَلَّى	جلي	فتحة	0	1
5404	زَكَّى	زكو	فتحة	0	1
5405	مَنَّى	مني	فتحة	0	1
5406	غَطَّى	غطو	فتحة	0	1
5407	ذَكَّى	ذكو	فتحة	0	1
5408	غَرَّى	غرو	فتحة	0	1
5409	خَلَّى	خلي	فتحة	0	1
5410	رَعَّى	رعي	فتحة	0	1
5411	رَجَّى	رجو	فتحة	0	1
5412	صَدَّى	صدي	فتحة	0	1
5413	دَسَّى	دسو	فتحة	0	1
5414	حَسَّى	حسي	فتحة	0	1
5415	رَنَّى	رنو	فتحة	0	1
5416	خَفَّى	خفي	فتحة	0	1
5417	حَلَّى	حلو	فتحة	0	1
5418	رَضَّى	رضو	فتحة	0	1
5419	غَزَّى	غزو	فتحة	0	1
5420	سَدَّى	سدي	فتحة	0	1
5421	غَنَّى	غني	فتحة	0	1
5422	غَدَّى	غدو	فتحة	0	1
5423	زَنَّى	زني	فتحة	0	1
5424	شَرَّى	شري	فتحة	0	1
5425	خَوَّى	خوي	فتحة	0	1
5426	عَوَّى	عوي	فتحة	0	1
5427	زَهَّى	زهو	فتحة	0	1
5428	مَضَّى	مضي	فتحة	0	1
5429	وَعَّى	وعي	فتحة	0	1
5430	طَلَّى	طلي	فتحة	0	1
5431	عَزَّى	عزي	فتحة	0	1
5432	حَنَّى	حنو	فتحة	0	1
5433	نَسَّى	نسي	فتحة	0	1
5434	شَهَّى	شهو	فتحة	0	1
5435	نَوَّى	نوي	فتحة	0	1
5436	زَبَّى	زبي	فتحة	0	1
5437	عَنَّى	عني	فتحة	0	1
5438	فَصَّى	فصي	فتحة	0	1
5439	عَبَّى	عبي	فتحة	0	1
5440	وَقَّى	وقي	فتحة	0	1
5441	غَلَّى	غلي	فتحة	0	1
5442	جَرَّى	جري	فتحة	0	1
5443	سَوَّى	سوي	فتحة	0	1
5444	كَوَّى	كوي	فتحة	0	0
5445	نَجَّى	نجو	فتحة	0	1
5446	دَوَّى	دوي	فتحة	0	1
5447	قَسَّى	قسو	فتحة	0	1
5448	خَشَّى	خشي	فتحة	0	1
5449	حَشَّى	حشي	فتحة	0	1
5450	عَطَّى	عطو	فتحة	0	1
5451	وَشَّى	وشي	فتحة	0	1
5452	رَبَّى	ربو	فتحة	0	1
5453	هَدَّى	هدي	فتحة	0	1
5454	صَفَّى	صفو	فتحة	0	1
5455	فَرَّى	فرو;فري	فتحة	0	1
5456	وَخَّى	وخي	فتحة	0	1
5457	نَضَّى	نضي	فتحة	0	1
5458	نَمَّى	نمي	فتحة	0	1
5459	قَذَّى	قذي	فتحة	0	1
5460	شَتَّى	شتو	فتحة	0	1
5461	قَوَّى	قوي	فتحة	0	1
5462	وَلَّى	ولي	فتحة	0	1
5463	ثَنَّى	ثني	فتحة	0	1
5464	نَهَّى	نهي	فتحة	0	1
5465	هَجَّى	هجو	فتحة	0	1
5466	نَدَّى	ندو	فتحة	0	1
5467	سَلَّى	سلو	فتحة	0	1
5468	غَذَّى	غذو	فتحة	0	1
5469	شَظَّى	شظي	فتحة	0	1
5470	قَضَّى	قضي	فتحة	0	1
5471	كَنَّى	كني	فتحة	0	1
5472	وَصَّى	وصي	فتحة	0	1
5473	لَظَّى	لظي	فتحة	0	1
5474	رَقَّى	رقي	فتحة	0	1
5475	رَوَّى	روي	فتحة	0	1
5476	وَنَّى	وني	فتحة	0	0
5477	صَلَّى	صلي	فتحة	0	1
5478	دَلَّى	دلو	فتحة	0	1
5479	دَنَّى	دنو	فتحة	0	1
5480	سَجَّى	سجو	فتحة	0	1
5481	رَدَّى	ردي	فتحة	0	1
5482	لَوَّى	لوي	فتحة	0	1
5483	لَبَّى	لبي	فتحة	0	1
5484	وَفَّى	وفي	فتحة	0	1
5485	سَهَّى	سهو	فتحة	0	1
5486	لَهَّى	لهو	فتحة	0	1
5487	رَغَّى	رغو	فتحة	0	1
5488	كَبَّى	كبو	فتحة	0	1
5489	قَبَّى	قبو	فتحة	0	1
5490	عَشَّى	عشو	فتحة	0	1
5491	نَحَّى	نحي	فتحة	0	1
5492	شَارَى	شري	فتحة	0	1
5493	شَاكَى	شكو	فتحة	0	1
5494	رَاعَى	رعي	فتحة	0	1
5495	حَاذَى	حذي	فتحة	0	1
5496	سَارَى	سري	فتحة	0	1
5497	عَاصَى	عصي	فتحة	0	1
5498	دَاوَى	دوي	فتحة	0	1
5499	كَارَى	كري	فتحة	0	1
5500	قَاضَى	قضي	فتحة	0	1
5501	رَاضَى	رضو	فتحة	0	1
5502	حَاشَى	حشي	فتحة	0	1
5503	حَابَى	حبو	فتحة	0	1
5504	وَافَى	وفي	فتحة	0	1
5505	بَاهَى	بهي	فتحة	0	1
5506	حَاكَى	حكي	فتحة	0	1
5507	نَادَى	ندو	فتحة	0	1
5508	بَادَى	بدو	فتحة	0	1
5509	شَاقَى	شقو	فتحة	0	1
5510	ضَاهَى	ضهي	فتحة	0	1
5511	عَالَى	علو	فتحة	0	1
5512	نَافَى	نفي	فتحة	0	1
5513	نَاغَى	نغي	فتحة	0	1
5514	جَازَى	جزي	فتحة	0	1
5515	دَاجَى	دجي	فتحة	0	1
5516	عَاوَى	عوي	فتحة	0	1
5517	عَادَى	عدو	فتحة	0	1
5518	سَاقَى	سقي	فتحة	0	1
5519	صَادَى	صدي	فتحة	0	1
5520	وَازَى	وزي	فتحة	0	1
5521	قَانَى	قني	فتحة	0	1
5522	قَاسَى	قسو	فتحة	0	1
5523	عَانَى	عني	فتحة	0	1
5524	جَانَى	جني	فتحة	0	0
5525	لَاغَى	لغي	فتحة	0	1
5526	دَاعَى	دعي	فتحة	0	1
5527	دَارَى	دري	فتحة	0	1
5528	دَاهَى	دهي	فتحة	0	1
5529	حَافَى	حفو	فتحة	0	1
5530	جَاثَى	جثو	فتحة	0	1
5531	فَادَى	فدي	فتحة	0	1
5532	رَاشَى	رشي	فتحة	0	1
5533	سَاهَى	سهو	فتحة	0	1
5534	حَاجَى	حجو	فتحة	0	1
5535	سَاعَى	سعي	فتحة	0	1
5536	نَاجَى	نجو	فتحة	0	1
5537	رَاخَى	رخي	فتحة	0	1
5538	مَارَى	مري	فتحة	0	1
5539	مَاشَى	مشي	فتحة	0	1
5540	سَاوَى	سوي	فتحة	0	1
5541	وَالَى	ولي	فتحة	0	1
5542	لَاحَى	لحي	فتحة	0	1
5543	صَافَى	صفو	فتحة	0	1
5544	غَارَى	غرو	فتحة	0	1
5545	لَاشَى	لشو	فتحة	0	1
5546	رَابَى	ربو	فتحة	0	1
5547	سَامَى	سمو	فتحة	0	1
5548	حَامَى	حمي	فتحة	0	0
5549	عَافَى	عفو	فتحة	0	1
5550	وَارَى	وري	فتحة	0	1
5551	جَارَى	جري	فتحة	0	1
5552	رَامَى	رمي	فتحة	0	1
5553	وَاسَى	وسي	فتحة	0	1
5554	هَادَى	هدي	فتحة	0	1
5555	لَاقَى	لقي	فتحة	0	1
5556	هَاجَى	هجو	فتحة	0	1
5557	بَارَى	بري	فتحة	0	1
5558	بَالَى	بلي	فتحة	0	1
5559	جَافَى	جفو	فتحة	0	1
5560	دَانَى	دنو	فتحة	0	1
5561	أَحْصَى	حصي	فتحة	0	1
5562	أَصْحَى	صحو	فتحة	0	1
5563	أَخْلَى	خلي	فتحة	0	1
5564	أَسْقَى	سقي	فتحة	0	1
5565	أَعْطَى	عطي	فتحة	0	1
5566	أَقْوَى	قوي	فتحة	0	1
5567	أَوْنَى	وني	فتحة	0	1
5568	أَنْسَى	نسي	فتحة	0	1
5569	أَذْكَى	ذكو	فتحة	0	1
5570	أَدْرَى	دري	فتحة	0	1
5571	أَنْقَى	نقو	فتحة	0	1
5572	أَعْشَى	عشو	فتحة	0	1
5573	أَطْرَى	طري	فتحة	0	1
5574	أَضْفَى	ضفي	فتحة	0	1
5575	أَبْغَى	بغي	فتحة	0	1
5576	أَثْرَى	ثري	فتحة	0	0
5577	أَزْرَى	زري	فتحة	0	1
5578	أَحْظَى	حظي	فتحة	0	1
5579	أَخْزَى	خزي	فتحة	0	1
5580	أَشْجَى	شجي	فتحة	0	1
5581	أَخْبَى	خبو	فتحة	0	1
5582	أَفْشَى	فشي	فتحة	0	1
5583	أَحْنَى	حني	فتحة	0	1
5584	أَبْهَى	بهي	فتحة	0	1
5585	أَخْنَى	خنو	فتحة	0	0
5586	أَضْنَى	ضني	فتحة	0	1
5587	أَطْغَى	طغي	فتحة	0	1
5588	أَبْقَى	بقي	فتحة	0	1
5589	أَسْرَى	سري	فتحة	0	1
5590	أَعْلَى	علو	فتحة	0	1
5591	أَحْلَى	حلو	فتحة	0	1
5592	أَحْمَى	حمي	فتحة	0	1
5593	أَوْشَى	وشي	فتحة	0	1
5594	أَلْقَى	لقي	فتحة	0	1
5595	أَضْحَى	ضحو	فتحة	0	1
5596	أَزْكَى	زكو	فتحة	0	1
5597	أَجْزَى	جزي	فتحة	0	0
5598	أَصْغَى	صغو	فتحة	0	1
5599	أَخْفَى	خفي	فتحة	0	1
5600	أَغْلَى	غلي	فتحة	0	1
5601	أَرْضَى	رضي	فتحة	0	1
5602	أَوْلَى	ولي	فتحة	0	1
5603	أَفْتَى	فتو	فتحة	0	1
5604	أَشْفَى	شفي	فتحة	0	1
5605	أَدْلَى	دلو	فتحة	0	1
5606	أَمْهَى	مهو	فتحة	0	1
5607	أَغْلَى	غلو	فتحة	0	1
5608	أَلْهَى	لهو	فتحة	0	1
5609	أَنْجَى	نجو	فتحة	0	1
5610	أَدْجَى	دجو	فتحة	0	1
5611	أَكْرَى	كري	فتحة	0	1
5612	أَفْضَى	فضو	فتحة	0	1
5613	أَرْسَى	رسو	فتحة	0	1
5614	أَفْنَى	فني	فتحة	0	1
5615	أَرْدَى	ردي	فتحة	0	1
5616	أَرْشَى	رشو	فتحة	0	1
5617	أَرْمَى	رمي	فتحة	0	1
5618	أَشْهَى	شهي	فتحة	0	1
5619	أَشْقَى	شقي	فتحة	0	1
5620	أَقْعَى	قعي	فتحة	0	1
5621	أَزْهَى	زهو	فتحة	0	0
5622	أَلْوَى	لوي	فتحة	0	1
5623	أَزْنَى	زني	فتحة	0	1
5624	أَمْلَى	ملو	فتحة	0	1
5625	أَنْمَى	نمي	فتحة	0	1
5626	أَصْلَى	صلي	فتحة	0	1
5627	أَوْدَى	ودي	فتحة	0	0
5628	أَرْوَى	روي	فتحة	0	1
5629	أَرْبَى	ربو	فتحة	0	1
5630	أَبْدَى	بدو	فتحة	0	1
5631	أَوْهَى	وهي	فتحة	0	1
5632	أَغْضَى	غضي	فتحة	0	1
5633	أَنْضَى	نضو	فتحة	0	1
5634	أَغْوَى	غوي	فتحة	0	1
5635	أَجْلَى	جلي	فتحة	0	1
5636	أَغْشَى	غشي	فتحة	0	1
5637	أَدْنَى	دنو	فتحة	0	1
5638	أَقْذَى	قذي	فتحة	0	1
5639	أَغْرَى	غرو	فتحة	0	1
5640	أَنْهَى	نهي	فتحة	0	1
5641	أَهْوَى	هوي	فتحة	0	1
5642	أَوْعَى	وعي	فتحة	0	1
5643	أَسْجَى	سجو	فتحة	0	1
5644	أَلْحَى	لحي	فتحة	0	0
5645	أَرْعَى	رعي	فتحة	0	1
5646	أَسْدَى	سدي	فتحة	0	1
5647	أَوْفَى	وفي	فتحة	0	1
5648	أَوْرَى	وري	فتحة	0	1
5649	أَقْصَى	قصو	فتحة	0	1
5650	أَكْدَى	كدي	فتحة	0	1
5651	أَمْسَى	مسو	فتحة	0	1
5652	أَقْفَى	قفو	فتحة	0	1
5653	أَجْرَى	جري	فتحة	0	1
5654	أَمْضَى	مضي	فتحة	0	1
5655	أَفْدَى	فدي	فتحة	0	1
5656	أَكْسَى	كسي	فتحة	0	1
5657	أَدْمَى	دمي	فتحة	0	1
5658	أَعْمَى	عمي	فتحة	0	1
5659	أَسْخَى	سخو	فتحة	0	1
5660	أَقْسَى	قسو	فتحة	0	1
5661	أَمْشَى	مشي	فتحة	0	1
5662	أَسْمَى	سمو	فتحة	0	1
5663	أَبْلَى	بلي	فتحة	0	1
5664	أَمْطَى	مطي	فتحة	0	1
5665	أَغْفَى	غفي	فتحة	0	0
5666	أَبْكَى	بكي	فتحة	0	1
5667	أَوْصَى	وصي	فتحة	0	1
5668	أَهْدَى	هدي	فتحة	0	1
5669	أَغْنَى	غني	فتحة	0	1
5670	أَصْفَى	صفو	فتحة	0	1
5671	أَنْحَى	نحي	فتحة	0	1
5672	أَجْدَى	جدو	فتحة	0	1
5673	أَثْنَى	ثني	فتحة	0	1
5674	أَلْفَى	لفي	فتحة	0	1
5675	أَنْوَى	نوي	فتحة	0	1
5676	أَزْجَى	زجو	فتحة	0	1
5677	أَرْغَى	رغو	فتحة	0	1
5678	أَرْخَى	رخي	فتحة	0	1
5679	أَوْحَى	وحي	فتحة	0	1
5680	أَنْعَى	نعي	فتحة	0	1
5681	أَعْفَى	عفي	فتحة	0	1
5682	أَنْدَى	ندي	فتحة	0	1
5683	أَشْرَى	شري	فتحة	0	1
5684	أَلْغَى	لغو	فتحة	0	1
5685	تَحَرَّى	حري	فتحة	0	1
5686	تَفَشَّى	فشو	فتحة	0	1
5687	تَبَدَّى	بدي	فتحة	0	0
5688	تَخَطَّى	خطو	فتحة	0	1
5689	تَغَذَّى	غذو	فتحة	0	0
5690	تَحَدَّى	حدي	فتحة	0	1
5691	تَنَصَّى	نصو	فتحة	0	1
5692	تَرَجَّى	رجو	فتحة	0	1
5693	تَرَضَّى	رضو	فتحة	0	1
5694	تَثَنَّى	ثني	فتحة	0	0
5695	تَعَدَّى	عدو	فتحة	0	1
5696	تَوَلَّى	ولي	فتحة	0	1
5697	تَشَهَّى	شهو	فتحة	0	1
5698	تَسَنَّى	سني	فتحة	0	1
5699	تَقَوَّى	قوي	فتحة	0	0
5700	تَوَفَّى	وفي	فتحة	0	1
5701	تَشَظَّى	شظي	فتحة	0	0
5702	تَكَنَّى	كني	فتحة	0	0
5703	تَرَوَّى	روي	فتحة	0	1
5704	تَنَقَّى	نقو	فتحة	0	1
5705	تَشَكَّى	شكو	فتحة	0	0
5706	تَمَنَّى	مني	فتحة	0	1
5707	تَجَنَّى	جني	فتحة	0	1
5708	تَعَنَّى	عني	فتحة	0	1
5709	تَمَلَّى	ملو	فتحة	0	1
5710	تَقَلَّى	قلو	فتحة	0	0
5711	تَرَدَّى	ردي	فتحة	0	0
5712	تَمَشَّى	مشي	فتحة	0	0
5713	تَغَنَّى	غني	فتحة	0	0
5714	تَهَجَّى	هجو	فتحة	0	1
5715	تَخَفَّى	خفي	فتحة	0	0
5716	تَنَحَّى	نحو	فتحة	0	0
5717	تَنَدَّى	ندي	فتحة	0	0
5718	تَرَقَّى	رقي	فتحة	0	1
5719	تَمَضَّى	مضي	فتحة	0	0
5720	تَعَصَّى	عصي	فتحة	0	0
5721	تَصَدَّى	صدي	فتحة	0	0
5722	تَحَلَّى	حلي	فتحة	0	1
5723	تَفَلَّى	فلي	فتحة	0	1
5724	تَعَرَّى	عري	فتحة	0	0
5725	تَدَنَّى	دنو	فتحة	0	0
5726	تَلَوَّى	لوي	فتحة	0	0
5727	تَخَلَّى	خلي	فتحة	0	0
5728	تَمَطَّى	مطي	فتحة	0	0
5729	تَقَضَّى	قضي	فتحة	0	0
5730	تَقَفَّى	قفو	فتحة	0	1
5731	تَرَبَّى	ربو	فتحة	0	1
5732	تَعَلَّى	علو	فتحة	0	0
5733	تَلَظَّى	لظي	فتحة	0	0
5734	تَلَهَّى	لهو	فتحة	0	0
5735	تَجَلَّى	جلو	فتحة	0	1
5736	تَحَنَّى	حني	فتحة	0	0
5737	تَزَكَّى	زكي	فتحة	0	0
5738	تَشَفَّى	شفي	فتحة	0	0
5739	تَقَصَّى	قصو	فتحة	0	1
5740	تَكَسَّى	كسو	فتحة	0	0
5741	تَغَشَّى	غشي	فتحة	0	1
5742	تَوَشَّى	وشي	فتحة	0	0
5743	تَوَقَّى	وقي	فتحة	0	1
5744	تَدَلَّى	دلو	فتحة	0	0
5745	تَغَدَّى	غدو	فتحة	0	0
5746	تَنَوَّى	نوي	فتحة	0	1
5747	تَفَضَّى	فضي	فتحة	0	0
5748	تَسَوَّى	سوي	فتحة	0	0
5749	تَسَلَّى	سلو	فتحة	0	0
5750	تَسَمَّى	سمو	فتحة	0	0
5751	تَبَقَّى	بقي	فتحة	0	1
5752	تَعَشَّى	عشو	فتحة	0	0
5753	تَغَطَّى	غطو	فتحة	0	0
5754	تَبَنَّى	بني	فتحة	0	1
5755	تَحَسَّى	حسي	فتحة	0	1
5756	تَلَقَّى	لقي	فتحة	0	1
5757	تَوَخَّى	وخي	فتحة	0	1
5758	تَغَابَى	غبي	فتحة	0	1
5759	تَوَاصَى	وصي	فتحة	0	0
5760	تَقَاضَى	قضي	فتحة	0	1
5761	تَجَافَى	جفو	فتحة	0	0
5762	تَبَارَى	بري	فتحة	0	0
5763	تَعَادَى	عدي	فتحة	0	0
5764	تَرَاقَى	رقي	فتحة	0	0
5765	تَنَادَى	ندو	فتحة	0	0
5766	تَنَاصَى	نصو	فتحة	0	0
5767	تَدَاعَى	دعي	فتحة	0	1
5768	تَسَاقَى	سقي	فتحة	0	0
5769	تَعَازَى	عزي	فتحة	0	0
5770	تَسَاوَى	سوي	فتحة	0	0
5771	تَلَافَى	لفو	فتحة	0	1
5772	تَهَاجَى	هجو	فتحة	0	0
5773	تَلَاقَى	لقي	فتحة	0	0
5774	تَعَامَى	عمي	فتحة	0	0
5775	تَبَاكَى	بكي	فتحة	0	0
5776	تَقَاوَى	قوي	فتحة	0	1
5777	تَشَاكَى	شكو	فتحة	0	0
5778	تَغَاوَى	غوي	فتحة	0	0
5779	تَدَاوَى	دوي	فتحة	0	0
5780	تَحَاجَى	حجو	فتحة	0	0
5781	تَحَاشَى	حشي	فتحة	0	1
5782	تَبَاهَى	بهي	فتحة	0	0
5783	تَتَالَى	تلو	فتحة	0	0
5784	تَفَادَى	فدي	فتحة	0	1
5785	تَرَاضَى	رضي	فتحة	0	1
5786	تَحَامَى	حمي	فتحة	0	1
5787	تَعَالَى	علو	فتحة	0	0
5788	تَوَازَى	وزي	فتحة	0	0
5789	تَعَاطَى	عطي	فتحة	0	1
5790	تَوَالَى	ولي	فتحة	0	0
5791	تَنَاجَى	نجو	فتحة	0	0
5792	تَنَاهَى	نهي	فتحة	0	0
5793	تَمَادَى	مدي	فتحة	0	0
5794	تَوَارَى	وري	فتحة	0	0
5795	تَنَاعَى	نعي	فتحة	0	0
5796	تَفَانَى	فني	فتحة	0	0
5797	تَنَافَى	نفي	فتحة	0	0
5798	تَسَامَى	سمو	فتحة	0	0
5799	تَغَانَى	غني	فتحة	0	0
5800	تَوَانَى	وني	فتحة	0	0
5801	تَهَادَى	هدي	فتحة	0	0
5802	تَصَافَى	صفو	فتحة	0	0
5803	تَلَاحَى	لحي	فتحة	0	0
5804	تَمَاشَى	مشي	فتحة	0	0
5805	تَلَاشَى	لشو	فتحة	0	0
5806	تَهَاوَى	هوي	فتحة	0	0
5807	تَغَاضَى	غضي	فتحة	0	0
5808	تَعَافَى	عفو	فتحة	0	1
5809	تَصَابَى	صبو;صبي	فتحة	0	1
5810	تَرَامَى	رمي	فتحة	0	0
5811	تَنَامَى	نمي	فتحة	0	0
5812	تَلَاوَى	لوي	فتحة	0	0
5813	تَمَارَى	مري	فتحة	0	0
5814	تَلَاهَى	لهو	فتحة	0	0
5815	تَرَاخَى	رخو	فتحة	0	0
5816	تَنَاسَى	نسي	فتحة	0	1
5817	تَحَاذَى	حذو	فتحة	0	0
5818	تَمَاسَى	مسي	فتحة	0	0
5819	تَنَاغَى	نغو	فتحة	0	0
5820	اِلْتَحَى	لحي	فتحة	0	1
5821	اِعْتَنَى	عني	فتحة	0	0
5822	اِسْتَحْلَى	حلو	فتحة	0	1
5823	اِمَّحَى	محي	فتحة	0	0
5824	اِلْتَقَى	لقي	فتحة	0	1
5825	اِنْتَفَى	نفي	فتحة	0	0
5826	اِحْتَسَى	حسي	فتحة	0	1
5827	اِسْتَلْقَى	لقي	فتحة	0	0
5828	اِرْعَوَى	رعو	فتحة	0	0
5829	اِرْتَقَى	رقي	فتحة	0	1
5830	اِرْتَمَى	رمي	فتحة	0	0
5831	اِبْتَنَى	بني	فتحة	0	1
5832	اِسْتَخْفَى	خفي	فتحة	0	0
5833	اِنْطَوَى	طوي	فتحة	0	0
5834	اِصْطَفَى	صفو	فتحة	0	1
5835	اِسْتَقَى	سقي	فتحة	0	1
5836	اِسْتَرْضَى	رضي	فتحة	0	1
5837	اِسْتَوْلَى	ولي	فتحة	0	0
5838	اِسْتَوْحَى	وحي	فتحة	0	1
5839	اِعْتَرَى	عري	فتحة	0	1
5840	اِزْدَهَى	زهو	فتحة	0	0
5841	اِنْزَوَى	زوي	فتحة	0	0
5842	اِنْحَنَى	حنو	فتحة	0	0
5843	اِرْتَوَى	روي	فتحة	0	0
5844	اِدَّعَى	دعو	فتحة	0	1
5845	اِسْتَثْنَى	ثني	فتحة	0	1
5846	اِنْتَهَى	نهي	فتحة	0	0
5847	اِحْتَوَى	حوي	فتحة	0	1
5848	اِحْتَفَى	حفو	فتحة	0	0
5849	اِحْلَوْلَى	حلو	فتحة	0	0
5850	اِسْتَرْخَى	رخو	فتحة	0	0
5851	اِسْتَشْفَى	شفي	فتحة	0	0
5852	اِشْتَهَى	شهي	فتحة	0	1
5853	اِنْشَوَى	شوي	فتحة	0	0
5854	اِزْدَرَى	زري	فتحة	0	1
5855	اِحْتَمَى	حمي	فتحة	0	0
5856	اِنْقَضَى	قضي	فتحة	0	0
5857	اِجْلَوْلَى	جلو	فتحة	0	0
5858	اِنْجَلَى	جلي	فتحة	0	0
5859	اِنْتَدَى	ندو	فتحة	0	1
5860	اِلْتَهَى	لهو	فتحة	0	0
5861	اِلْتَوَى	لوي	فتحة	0	0
5862	اِجْتَنَى	جني	فتحة	0	1
5863	اِسْتَوَى	سوي	فتحة	0	0
5864	اِسْتَعْدَى	عدي	فتحة	0	1
5865	اِكْتَفَى	كفي	فتحة	0	0
5866	اِسْتَهْوَى	هوي	فتحة	0	1
5867	اِنْتَحَى	نحي	فتحة	0	1
5868	اِسْتَنْجَى	نجو	فتحة	0	0
5869	اِمْتَطَى	مطي	فتحة	0	1
5870	اِنْمَحَى	محي	فتحة	0	0
5871	اِنْثَنَى	ثني	فتحة	0	0
5872	اِكْتَوَى	كوي	فتحة	0	0
5873	اِسْتَرْعَى	رعي	فتحة	0	1
5874	اِنْسَلَى	سلو	فتحة	0	0
5875	اِخْتَلَى	خلو;خلي	فتحة	0	1
5876	اِشْتَكَى	شكو	فتحة	0	0
5877	اِسْتَسْقَى	سقي	فتحة	0	1
5878	اِرْتَضَى	رضي	فتحة	0	1
5879	اِبْتَغَى	بغي	فتحة	0	1
5880	اِسْتَقْصَى	قصي	فتحة	0	1
5881	اِعْتَدَى	عدو	فتحة	0	1
5882	اِرْتَشَى	رشو	فتحة	0	0
5883	اِرْتَخَى	رخي	فتحة	0	0
5884	اِحْتَذَى	حذو	فتحة	0	1
5885	اِعْتَلَى	علي	فتحة	0	1
5886	اِسْتَبْقَى	بقي	فتحة	0	1
5887	اِسْتَعْلَى	علو	فتحة	0	1
5888	اِسْتَعْطَى	عطو	فتحة	0	1
5889	اِجْتَبَى	جبي	فتحة	0	1
5890	اِنْبَرَى	بري	فتحة	0	0
5891	اِكْتَسَى	كسي	فتحة	0	1
5892	اِسْتَغْلَى	غلو	فتحة	0	1
5893	اِسْتَقْرَى	قرو;قري	فتحة	0	1
5894	اِصْطَلَى	صلي	فتحة	0	1
5895	اِسْتَجْدَى	جدو	فتحة	0	1
5896	اِسْتَوْفَى	وفي	فتحة	0	1
5897	اِخْتَفَى	خفي	فتحة	0	1
5898	اِحْتَبَى	حبي	فتحة	0	0
5899	اِسْتَوْصَى	وصي	فتحة	0	1
5900	اِسْتَعْصَى	عصي	فتحة	0	0
5901	اِنْتَشَى	نشو	فتحة	0	1
5902	اِنْتَجَى	نجو	فتحة	0	1
5903	اِغْتَنَى	غني	فتحة	0	0
5904	اِقْتَضَى	قضي	فتحة	0	1
5905	اِسْتَغْنَى	غني	فتحة	0	0
5906	اِقْتَدَى	قدي	فتحة	0	1
5907	اِكْتَرَى	كري	فتحة	0	1
5908	اِلْتَظَى	لظي	فتحة	0	0
5909	اِفْتَدَى	فدي	فتحة	0	1
5910	اِتَّقَى	وقي	فتحة	0	1
5911	اِنْضَوَى	ضوي	فتحة	0	0
5912	اِنْتَمَى	نمي	فتحة	0	0
5913	اِسْتَشْرَى	شري	فتحة	0	0
5914	اِكْتَلَى	كلي	فتحة	0	1
5915	اِهْتَدَى	هدي	فتحة	0	1
5916	اِنْهَوَى	هوي	فتحة	0	0
5917	اِشْتَرَى	شري	فتحة	0	1
5918	اِقْتَنَى	قني	فتحة	0	1
5919	اِسْتَجْلَى	جلو	فتحة	0	1
5920	اِرْتَدَى	ردي	فتحة	0	1
5921	اِسْتَدْعَى	دعو	فتحة	0	1
5922	اِفْتَرَى	فري	فتحة	0	1
5923	اِسْتَفْتَى	فتو	فتحة	0	1
5924	اِنْتَقَى	نقي	فتحة	0	1
5925	اِقْتَفَى	قفو	فتحة	0	1
5926	اِنْطَلَى	طلي	فتحة	0	0
5927	اِبْتَلَى	بلي	فتحة	0	1
5928	آضَّ	ءضض	فتحة	0	0
5929	اِئْتَضَّ	ءضض	فتحة	0	1
5930	اِسْتَأَبَّ	ءبب	فتحة	0	1
5931	اِطْمَأَنَّ	طمءن	فتحة	0	0
5932	اِشْمَأَزَّ	شمز	فتحة	0	1
5933	اِشْرَأَبَّ	شرءب	فتحة	0	0
5934	اِنْآدَ	ءود	فتحة	0	0
5935	اِئْتَامَ	ءيم	فتحة	0	0
5936	اِسْتَآسَ	ءوس	فتحة	0	1
5937	أَدَّى	ءدي	فتحة	0	1
5938	أَوَّى	ءوي	فتحة	0	1
5939	أَسَّى	ءسو	فتحة	0	1
5940	آسَى	ءسي;ءسو	فتحة	0	1
5941	آذَى	ءذي	فتحة	0	1
5942	آتَى	ءتي	فتحة	0	1
5943	آخَى	ءخو	فتحة	0	1
5944	آتَى	ءتي	فتحة	0	1
5945	آذَى	ءذي	فتحة	0	1
5946	آلَى	ءلي	فتحة	0	0
5947	تَأَسَّى	ءسو	فتحة	0	0
5948	تَأَخَّى	ءخو	فتحة	0	1
5949	تَأَتَّى	ءتي	فتحة	0	0
5950	تَأَنَّى	ءني	فتحة	0	0
5951	تَآخَى	ءخو	فتحة	0	0
5952	اِئْتَلَى	ءلو	فتحة	0	0
5953	اِسْتَأْوَى	ءوي	فتحة	0	1
5954	أَيْأَسَ	يءس	فتحة	0	1
5955	نَاءَى	نءي	فتحة	0	1
5956	شَاءَى	شءو	فتحة	0	1
5957	رَاءَى	رءي	فتحة	0	1
5958	تَرَاءَى	رءي	فتحة	0	1
5959	تَنَاءَى	نءي	فتحة	0	0
5960	تَشَاءَى	شءو	فتحة	0	1
5961	اِلْتَأَى	لءي	فتحة	0	0
5962	اِرْتَأَى	رءي	فتحة	0	1
5963	اِسْتَوْأَى	وءي	فتحة	0	1
5964	رَأَّى	رءي	فتحة	0	1
5965	أَنْأَى	نءي	فتحة	0	1
5966	تَرَأَّى	رءي	فتحة	0	1
5967	أَسَاءَ	سوء	فتحة	0	1
5968	أَفَاءَ	فيء	فتحة	0	1
5969	أَنَاءَ	نوء	فتحة	0	1
5970	أَضَاءَ	ضوء	فتحة	0	1
5971	اِسْتَاءَ	سوء	فتحة	0	0
5972	اِسْتَضَاءَ	ضوء	فتحة	0	0
5973	اِسْتَنَاءَ	نوء	فتحة	0	1
5974	زَأْبَقَ	زءبق	فتحة	0	1
5975	تَطَأْمَنَ	طءمن	فتحة	0	0
5976	طَأْمَنَ	طءمن	فتحة	0	1
5977	كَأْكَأَ	كءكء	فتحة	0	0
5978	طَأْطَأَ	طءطء	فتحة	0	1
5979	ضَأْضَأَ	ضءضء	فتحة	0	0
5980	تَأْتَأَ	تءتء	فتحة	0	0
5981	بَأْبَأَ	بءبء	فتحة	0	1
5982	مَأْمَأَ	مءمء	فتحة	0	0
5983	وَأْوَأَ	وءوء	فتحة	0	0
5984	لَأْلَأَ	لءلء	فتحة	0	1
5985	تَطَأْطَأَ	طءطء	فتحة	0	0
5986	تَكَأْكَأَ	كءكء	فتحة	0	0
5987	تَلَأْلَأَ	لءلء	فتحة	0	0
5988	تَبَرْطَلَ	برطل	فتحة	0	1
5989	تَحَازَنَ	حزن	فتحة	0	1
5990	تَثَعْلَبَ	ثعلب	فتحة	0	1
5991	تَثَاقَفَ	ثقف	فتحة	0	1
5992	غَامَرَ	غمر	فتحة	0	1
5993	تَجَوَّفَ	جوف	فتحة	0	1
5994	فَرْمَلَ	فرمل	فتحة	0	1
5995	تَأَمَّمَ	ءمم	فتحة	0	1
5996	تَحَاقَرَ	حقر	فتحة	0	1
5997	قَرْطَسَ	قرطس	فتحة	0	1
5998	عَتْرَسَ	عترس	فتحة	0	1
5999	تَأَطَّرَ	ءطر	فتحة	0	1
6000	تَأَثَّمَ	ءثم	فتحة	0	1
6001	تَأَذَّنَ	ءذن	فتحة	0	1
6002	تَجَنَّسَ	جنس	فتحة	0	1
6003	تَأَصَّلَ	ءصل	فتحة	0	1
6004	تَحَارَضَ	حرض	فتحة	0	1
6005	تَثَقَّبَ	ثقب	فتحة	0	1
6006	تَبَغْدَدَ	بغدد	فتحة	0	1
6007	اِشْتَفَّ	شفف	فتحة	0	1
6008	كَبْكَبَ	كبكب	فتحة	0	1
6009	تَبَّرَ	تبر	فتحة	0	1
6010	سَجَّرَ	سجر	فتحة	0	1
6011	أَخْبَتَ	خبت	فتحة	0	1
6012	أَذْهَبَ	ذهب	فتحة	0	1
6013	أَرْكَسَ	ركس	فتحة	0	1
6014	تَخَافَتَ	خفت	فتحة	0	1
6015	تَعَاسَرَ	عسر	فتحة	0	1
6016	اِثَّاقَلَ	ثقل	فتحة	0	1
6017	اِسْتَحْسَرَ	حسر	فتحة	0	1
6018	اِسْتَغْلَظَ	غلظ	فتحة	0	1
6019	اِصْطَرَخَ	صرح	فتحة	0	1
6020	اِنْتَبَذَ	نبذ	فتحة	0	1
6021	اِسْتَحْفَظَ	حفظ	فتحة	0	1
6022	اِسْتَرْضَعَ	رضع	فتحة	0	1
6023	اِسْتَرْهَبَ	رهب	فتحة	0	1
6024	اِسْتَعْتَبَ	عتب	فتحة	0	1
6025	اِسْتَقْسَمَ	قسم	فتحة	0	1
6026	اِسْتَنْقَذَ	نقذ	فتحة	0	1
6027	اِسْتَيْسَرَ	يسر	فتحة	0	1
6028	اِسْتَزَلَّ	زلل	فتحة	0	1
6029	اِسْتَعَفَّ	عفف	فتحة	0	1
6030	حَادَّ	حدد	فتحة	0	1
6031	حَاضَّ	حضض	فتحة	0	1
6032	اِسْتَأْخَرَ	ءخر	فتحة	0	1
6033	أَبْدَأَ	بدء	فتحة	0	1
6034	اِخْتَانَ	ختن	فتحة	0	1
6035	اِسْتَنْبَأَ	نبء	فتحة	0	1
6036	أَسَامَ	سوم	فتحة	0	1
6037	اِسْتَغْشَى	غشي	فتحة	0	1
6038	اِسْتَلْهَمَ	لهم	فتحة	0	1
6039	تَلَخَّصَ	لخص	فتحة	0	1
6040	صَهْيَنَ	صهين	فتحة	0	1
6041	عَلْمَنَ	علمن	فتحة	0	1
6042	قَوْلَبَ	قولب	فتحة	0	1
6043	كَرْتَنَ	كرتن	فتحة	0	1
6044	كَشْكَشَ	كشكش	فتحة	0	1
6045	لَخْبَطَ	لخبط	فتحة	0	1
6046	مَحْوَرَ	حور	فتحة	0	1
6047	مَغْرَبَ	غرب	فتحة	0	1
6048	مَنْطَقَ	نطق	فتحة	0	1
6049	جَالَدَ	جلد	فتحة	0	1
6050	غَالَبَ	غلب	فتحة	0	1
6051	فَاقَمَ	فقم	فتحة	0	1
6052	كَاثَرَ	كثر	فتحة	0	1
6053	نَاكَحَ	نكح	فتحة	0	1
6054	أَبْدَلَ	بدل	فتحة	0	1
6055	أَدْغَمَ	دغم	فتحة	0	1
6056	تَحَجَّجَ	حجج	فتحة	0	1
6057	تَحَدَّدَ	حدد	فتحة	0	1
6058	تَدَعَّمَ	دعم	فتحة	0	1
6059	تَرَكَّزَ	ركز	فتحة	0	1
6060	تَسَعَّرَ	سعر	فتحة	0	1
6061	تَشَرْذَمَ	شرذم	فتحة	0	1
6062	تَضَجَّرَ	ضجر	فتحة	0	1
6063	تَقَذَّرَ	قذر	فتحة	0	1
6064	تَقَرَّحَ	فرح	فتحة	0	1
6065	تَقَوْقَعَ	قوقع	فتحة	0	1
6066	تَمَفْصَلَ	مفصل	فتحة	0	1
6067	تَهَلْوَسَ	هلوس	فتحة	0	1
6068	تَطَاحَنَ	طحن	فتحة	0	1
6069	تَجَالَدَ	جلد	فتحة	0	1
6070	تَعَاكَسَ	عكس	فتحة	0	1
6071	تَغَالَبَ	غلب	فتحة	0	1
6072	تَقَاصَرَ	قصر	فتحة	0	1
6073	تَمَاوَجَ	موج	فتحة	0	1
6074	تَنَاقَشَ	نقش	فتحة	0	1
6075	تَوَاكَبَ	وكب	فتحة	0	1
6076	اِبْتَعَثَ	بعث	فتحة	0	1
6077	اِجْتَرَحَ	جرح	فتحة	0	1
6078	اِخْشَوْشَنَ	خشن	فتحة	0	1
6079	اِخْلَوْلَقَ	خلق	فتحة	0	1
6080	اِسْتَحْقَرَ	حقر	فتحة	0	1
6081	اِسْتَدْفَعَ	دفع	فتحة	0	1
6082	اِسْتَقْطَبَ	قطب	فتحة	0	1
6083	اِسْتَنْزَلَ	نزل	فتحة	0	1
6084	اِسْتَنْشَدَ	نشد	فتحة	0	1
6085	اِسْتَنْفَذَ	نفذ	فتحة	0	1
6086	اِسْتَهْوَلَ	هول	فتحة	0	1
6087	اِسْتَوْثَقَ	وثق	فتحة	0	1
6088	اِسْتَوْحَشَ	وحش	فتحة	0	1
6089	اِسْتَوْقَفَ	وقف	فتحة	0	1
6090	اِشْتَرَعَ	شرع	فتحة	0	1
6091	اِقْتَدَرَ	قدر	فتحة	0	1
6092	اِنْبَعَجَ	بعج	فتحة	0	1
6093	اِنْبَهَتَ	بهت	فتحة	0	1
6094	اِنْحَجَبَ	حجب	فتحة	0	1
6095	اِنْحَدَّ	حدد	فتحة	0	1
6096	اِنْحَذَفَ	حذف	فتحة	0	1
6097	اِنْحَقَرَ	حقر	فتحة	0	1
6098	اِنْخَدَشَ	خدش	فتحة	0	1
6099	اِنْخَذَلَ	خذل	فتحة	0	1
6100	اِنْخَرَبَ	خرب	فتحة	0	1
6101	اِنْدَهَشَ	دهش	فتحة	0	1
6102	اِنْذَعَرَ	ذعر	فتحة	0	1
6103	اِنْذَهَلَ	ذهل	فتحة	0	1
6104	اِنْزَرَعَ	زرع	فتحة	0	1
6105	اِنْزَلَجَ	زلج	فتحة	0	1
6106	اِنْشَطَرَ	شطر	فتحة	0	1
6107	اِنْصَعَقَ	صعق	فتحة	0	1
6108	اِنْصَقَلَ	صقل	فتحة	0	1
6109	اِنْصَلَحَ	صلح	فتحة	0	1
6110	اِنْطَرَحَ	طرح	فتحة	0	1
6111	اِنْعَتَقَ	عتق	فتحة	0	1
6112	آسَفَ	ءسف	فتحة	0	1
6113	تَأَوَّلَ	ءول	فتحة	0	1
6114	اِسْتَأْمَرَ	ءمر	فتحة	0	1
6115	اِسْتَثَارَ	ثور	فتحة	0	1
6116	نَاوَءَ	نوء	فتحة	0	1
6117	اِسْتَبْرَأَ	برء	فتحة	0	1
6118	اِهْتَرَأَ	هرء	فتحة	0	1
6119	اِحْتَارَ	حور	فتحة	0	1
6120	اِعْتَاضَ	عوض	فتحة	0	1
6121	اِنْبَاعَ	بيع	فتحة	0	1
6122	اِنْقَاسَ	قيس	فتحة	0	1
6123	غَالَى	غلي	فتحة	0	1
6124	اِرْتَجَى	رجو	فتحة	0	1
6125	اِسْتَهْدَى	هدي	فتحة	0	1
6126	اِغْتَذَى	غذي	فتحة	0	1
6127	اِنْبَنَى	بني	فتحة	0	1
6128	أَزَّمَ	ءزم	فتحة	0	1
6129	تَمَظْهَرَ	ظهر	فتحة	0	1
6130	تَنَاغَمَ	نغم	فتحة	0	1
6131	تَبَرْجَزَ	برجز	فتحة	0	1
6132	تَبَوَّلَ	بول	فتحة	0	1
6133	تَجَلَّطَ	جلط	فتحة	0	1
6134	تَمَحْوَرَ	حور	فتحة	0	1
6135	تَنَاصَحَ	نصح	فتحة	0	1
6136	وَضَّبَ	وضب	فتحة	0	1
6137	تَأَذَّى	ءذي	فتحة	0	1
6138	أَبَأَ	ءبء	فتحة	1	1
6139	أَبَّ	ءبب	ضمة	1	1
6140	أَبَّ	ءبب	كسرة	1	1
6141	أَبَتَ	ءبت	ضمة	1	0
6142	أَبَتَ	ءبت	كسرة	1	0
6143	أَبِتَ	ءبت	فتحة	1	0
6144	أَبَثَ	ءبث	كسرة	1	1
6145	أَبِثَ	ءبث	فتحة	1	0
6146	أَبَدَ	ءبد	ضمة	1	0
6147	أَبَدَ	ءبد	كسرة	1	0
6148	أَبِدَ	ءبد	فتحة	1	0
6149	أَبَرَ	ءبر	ضمة	1	1
6150	أَبَرَ	ءبر	كسرة	1	1
6151	أَبِرَ	ءبر	فتحة	1	0
6152	أَبَزَ	ءبز	كسرة	1	0
6153	أَبَسَ	ءبس	كسرة	1	1
6154	أَبَشَ	ءبش	كسرة	1	1
6155	أَبَصَ	ءبص	كسرة	1	0
6156	أَبِصَ	ءبص	فتحة	1	0
6157	أَبَضَ	ءبض	ضمة	1	1
6158	أَبَضَ	ءبض	كسرة	1	1
6159	أَبِضَ	ءبض	فتحة	1	0
6160	أَبَطَ	ءبط	كسرة	1	1
6161	أَبَقَ	ءبق	ضمة	1	0
6162	أَبَقَ	ءبق	كسرة	1	0
6163	أَبِقَ	ءبق	فتحة	1	0
6164	أَبِكَ	ءبك	فتحة	1	0
6165	أَبَلَ	ءبل	ضمة	1	1
6166	أَبَلَ	ءبل	كسرة	1	1
6167	أَبِلَ	ءبل	فتحة	1	0
6168	أَبُلَ	ءبل	ضمة	1	0
6169	أَبَنَ	ءبن	ضمة	1	1
6170	أَبَنَ	ءبن	كسرة	1	1
6171	أَبَهَ	ءبه	فتحة	1	1
6172	أَبِهَ	ءبه	فتحة	1	1
6173	أَبَا	ءبو	ضمة	1	1
6174	أَبَى	ءبي	فتحة	1	1
6175	أَتَّ	ءتت	ضمة	1	1
6176	أَتَلَ	ءتل	كسرة	1	0
6177	أَتَمَ	ءتم	كسرة	1	1
6178	أَتِمَ	ءتم	فتحة	1	0
6179	أَتَنَ	ءتن	كسرة	1	0
6180	أَتَا	ءتو	ضمة	1	1
6181	أَتَى	ءتي	كسرة	1	1
6182	أَثَأَ	ءثء	فتحة	1	1
6183	أَثَّ	ءثث	ضمة	1	0
6184	أَثَّ	ءثث	كسرة	1	0
6185	أَثَّ	ءثث	فتحة	1	0
6186	أَثَرَ	ءثر	ضمة	1	1
6187	أَثَرَ	ءثر	ضمة	1	1
6188	أَثَرَ	ءثر	كسرة	1	1
6189	أَثَرَ	ءثر	كسرة	1	1
6190	أَثِرَ	ءثر	فتحة	1	0
6191	أَثَفَ	ءثف	كسرة	1	1
6192	أَثَلَ	ءثل	كسرة	1	0
6193	أَثُلَ	ءثل	ضمة	1	0
6194	أَثَمَ	ءثم	ضمة	1	1
6195	أَثَمَ	ءثم	كسرة	1	1
6196	أَثِمَ	ءثم	فتحة	1	0
6197	أَثَا	ءثو	ضمة	1	1
6198	أَثَى	ءثي	كسرة	1	0
6199	أَجَأَ	ءجء	فتحة	1	0
6200	أَجَّ	ءجج	ضمة	1	0
6201	أَجَّ	ءجج	ضمة	1	0
6202	أَجَّ	ءجج	كسرة	1	0
6203	أَجَّ	ءجج	كسرة	1	0
6204	أَجَدَ	ءجد	ضمة	1	1
6205	أَجَرَ	ءجر	ضمة	1	1
6206	أَجَرَ	ءجر	ضمة	1	1
6207	أَجَرَ	ءجر	كسرة	1	1
6208	أَجَرَ	ءجر	كسرة	1	1
6209	أَجَلَ	ءجل	ضمة	1	1
6210	أَجَلَ	ءجل	كسرة	1	1
6211	أَجِلَ	ءجل	فتحة	1	0
6212	أَجَمَ	ءجم	كسرة	1	1
6213	أَجِمَ	ءجم	فتحة	1	1
6214	أَجَنَ	ءجن	ضمة	1	1
6215	أَجَنَ	ءجن	كسرة	1	1
6216	أَجِنَ	ءجن	فتحة	1	0
6217	أَجُنَ	ءجن	ضمة	1	0
6218	أَحَّ	ءحح	ضمة	1	0
6219	أَحِدَ	ءحد	فتحة	1	0
6220	أَحَنَ	ءحن	فتحة	1	0
6221	أَحِنَ	ءحن	فتحة	1	0
6222	أَخَذَ	ءخذ	ضمة	1	1
6223	أَخَذَ	ءخذ	ضمة	1	1
6224	أَخَذَ	ءخذ	ضمة	1	1
6225	أَخِذَ	ءخذ	فتحة	1	0
6226	أَخُذَ	ءخذ	ضمة	1	0
6227	أَخَا	ءخو	ضمة	1	1
6228	أَدَبَ	ءدب	كسرة	1	1
6229	أَدُبَ	ءدب	ضمة	1	0
6230	أَدَّ	ءدد	ضمة	1	1
6231	أَدَّ	ءدد	كسرة	1	1
6232	أَدِرَ	ءدر	فتحة	1	0
6233	أَدَلَ	ءدل	كسرة	1	1
6234	أَدَمَ	ءدم	ضمة	1	1
6235	أَدَمَ	ءدم	كسرة	1	1
6236	أَدِمَ	ءدم	فتحة	1	0
6237	أَدُمَ	ءدم	ضمة	1	0
6238	أَدَا	ءدو	ضمة	1	1
6239	أَدَى	ءدي	كسرة	1	1
6240	أَذَجَ	ءذج	ضمة	1	0
6241	أَذَّ	ءذذ	ضمة	1	1
6242	أَذَنَ	ءذن	ضمة	1	1
6243	أَذِنَ	ءذن	فتحة	1	0
6244	أَذِيَ	ءذي	فتحة	1	0
6245	أَرَبَ	ءرب	كسرة	1	1
6246	أَرِبَ	ءرب	فتحة	1	0
6247	أَرُبَ	ءرب	ضمة	1	0
6248	أَرَجَ	ءرج	كسرة	1	1
6249	أَرِجَ	ءرج	فتحة	1	0
6250	أَرَخَ	ءرخ	ضمة	1	1
6251	أَرَخَ	ءرخ	فتحة	1	0
6252	أَرَّ	ءرر	ضمة	1	1
6253	أَرَّ	ءرر	ضمة	1	1
6254	أَرَزَ	ءرز	كسرة	1	0
6255	أَرَسَ	ءرس	كسرة	1	0
6256	أَرَشَ	ءرش	ضمة	1	1
6257	أَرَضَ	ءرض	ضمة	1	1
6258	أَرِضَ	ءرض	فتحة	1	0
6259	أَرُضَ	ءرض	ضمة	1	0
6260	أَرَطَ	ءرط	ضمة	1	1
6261	أَرِطَ	ءرط	فتحة	1	0
6262	أَرِقَ	ءرق	فتحة	1	0
6263	أَرَكَ	ءرك	ضمة	1	1
6264	أَرَكَ	ءرك	كسرة	1	1
6265	أَرِكَ	ءرك	فتحة	1	0
6266	أَرَمَ	ءرم	كسرة	1	1
6267	أَرِمَ	ءرم	فتحة	1	0
6268	أَرَنَ	ءرن	ضمة	1	1
6269	أَرِنَ	ءرن	فتحة	1	0
6270	أَرَا	ءرو	ضمة	1	1
6271	أَرِيَ	ءري	فتحة	1	0
6272	أَزَأَ	ءزء	فتحة	1	1
6273	أَزَبَ	ءزب	كسرة	1	0
6274	أَزِبَ	ءزب	فتحة	1	0
6275	أَزَجَ	ءزج	ضمة	1	0
6276	أَزَجَ	ءزج	كسرة	1	0
6277	أَزِجَ	ءزج	فتحة	1	0
6278	أَزَحَ	ءزح	كسرة	1	0
6279	أَزَرَ	ءزر	كسرة	1	1
6280	أَزَرَ	ءزر	كسرة	1	1
6281	أَزِرَ	ءزر	فتحة	1	0
6282	أَزَّ	ءزز	ضمة	1	1
6283	أَزَّ	ءزز	كسرة	1	1
6284	أَزَفَ	ءزف	كسرة	1	0
6285	أَزِفَ	ءزف	فتحة	1	0
6286	أَزَقَ	ءزق	كسرة	1	1
6287	أَزِقَ	ءزق	فتحة	1	1
6288	أَزَلَ	ءزل	كسرة	1	1
6289	أَزَمَ	ءزم	كسرة	1	1
6290	أَزِمَ	ءزم	فتحة	1	0
6291	أَزَا	ءزو	ضمة	1	1
6292	أَزَى	ءزي	كسرة	1	1
6293	أَزِيَ	ءزي	فتحة	1	0
6294	أَسَدَ	ءسد	كسرة	1	1
6295	أَسِدَ	ءسد	فتحة	1	0
6296	أَسَرَ	ءسر	كسرة	1	1
6297	أَسِرَ	ءسر	فتحة	1	0
6298	أَسَّ	ءسس	ضمة	1	1
6299	أَسِفَ	ءسف	فتحة	1	0
6300	أَسُلَ	ءسل	ضمة	1	0
6301	أَسَنَ	ءسن	ضمة	1	1
6302	أَسَنَ	ءسن	كسرة	1	0
6303	أَسِنَ	ءسن	فتحة	1	0
6304	أَسَا	ءسو	ضمة	1	1
6305	أَسَى	ءسي	كسرة	1	1
6306	أَشَبَ	ءشب	ضمة	1	1
6307	أَشَبَ	ءشب	كسرة	1	1
6308	أَشِبَ	ءشب	فتحة	1	0
6309	أَشِحَ	ءشح	فتحة	1	0
6310	أَشَرَ	ءشر	ضمة	1	1
6311	أَشَرَ	ءشر	كسرة	1	1
6312	أَشِرَ	ءشر	فتحة	1	0
6313	أَشَّ	ءشش	ضمة	1	1
6314	أَشَى	ءشي	كسرة	1	1
6315	أَشِيَ	ءشي	فتحة	1	0
6316	أَصَتَ	ءصت	كسرة	1	0
6317	أَصَدَ	ءصد	ضمة	1	1
6318	أَصَرَ	ءصر	كسرة	1	1
6319	أَصَّ	ءصص	ضمة	1	1
6320	أَصَّ	ءصص	كسرة	1	1
6321	أَصَلَ	ءصل	ضمة	1	1
6322	أَصِلَ	ءصل	فتحة	1	0
6323	أَصُلَ	ءصل	ضمة	1	0
6324	أَصَا	ءصو	ضمة	1	0
6325	أَصِيَ	ءصي	فتحة	1	0
6326	أَضَّ	ءضض	ضمة	1	1
6327	أَضَّ	ءضض	كسرة	1	1
6328	أَضِمَ	ءضم	فتحة	1	0
6329	أَطَرَ	ءطر	ضمة	1	1
6330	أَطَرَ	ءطر	ضمة	1	1
6331	أَطَرَ	ءطر	كسرة	1	1
6332	أَطَرَ	ءطر	كسرة	1	1
6333	أَطَّ	ءطط	كسرة	1	0
6334	أَطَمَ	ءطم	كسرة	1	1
6335	أَطِمَ	ءطم	فتحة	1	0
6336	أَفَتَ	ءفت	كسرة	1	1
6337	أَفَخَ	ءفخ	كسرة	1	1
6338	أَفِدَ	ءفد	فتحة	1	0
6339	أَفَرَ	ءفر	كسرة	1	0
6340	أَفِرَ	ءفر	فتحة	1	0
6341	أَفَزَ	ءفز	كسرة	1	0
6342	أَفَّ	ءفف	ضمة	1	0
6343	أَفَّ	ءفف	كسرة	1	0
6344	أَفَقَ	ءفق	كسرة	1	1
6345	أَفِقَ	ءفق	فتحة	1	0
6346	أَفَكَ	ءفك	كسرة	1	1
6347	أَفِكَ	ءفك	فتحة	1	0
6348	أَفَلَ	ءفل	ضمة	1	0
6349	أَفَلَ	ءفل	كسرة	1	0
6350	أَفِلَ	ءفل	فتحة	1	0
6351	أَفَنَ	ءفن	كسرة	1	1
6352	أَفِنَ	ءفن	فتحة	1	0
6353	أَقَطَ	ءقط	كسرة	1	1
6354	أَقَى	ءقي	كسرة	1	1
6355	أَكَأَ	ءكء	فتحة	1	0
6356	أَكَدَ	ءكد	ضمة	1	1
6357	أَكَرَ	ءكر	ضمة	1	1
6358	أَكَّ	ءكك	ضمة	1	1
6359	أَكَلَ	ءكل	ضمة	1	1
6360	أَكَلَ	ءكل	ضمة	1	1
6361	أَكِلَ	ءكل	فتحة	1	0
6362	أَكَى	ءكي	كسرة	1	0
6363	أَلَبَ	ءلب	ضمة	1	1
6364	أَلَبَ	ءلب	ضمة	1	1
6365	أَلَبَ	ءلب	كسرة	1	1
6366	أَلَبَ	ءلب	كسرة	1	1
6367	أَلِبَ	ءلب	فتحة	1	0
6368	أَلَتَ	ءلت	كسرة	1	1
6369	أَلَزَ	ءلز	كسرة	1	1
6370	أَلِزَ	ءلز	فتحة	1	0
6371	أَلَسَ	ءلس	كسرة	1	1
6372	أَلَفَ	ءلف	كسرة	1	1
6373	أَلِفَ	ءلف	فتحة	1	1
6374	أَلِقَ	ءلق	فتحة	1	0
6375	أَلَكَ	ءلك	ضمة	1	1
6376	أَلَكَ	ءلك	كسرة	1	1
6377	أَلَّ	ءلل	ضمة	1	1
6378	أَلَّ	ءلل	كسرة	1	1
6379	أَلَّ	ءلل	فتحة	1	0
6380	أَلِمَ	ءلم	فتحة	1	0
6381	أَلَهَ	ءله	فتحة	1	1
6382	أَلِهَ	ءله	فتحة	1	0
6383	أَلَا	ءلو	ضمة	1	1
6384	أَلِيَ	ءلي	فتحة	1	0
6385	أَمَتَ	ءمت	كسرة	1	1
6386	أَمَجَ	ءمج	كسرة	1	0
6387	أَمِجَ	ءمج	فتحة	1	0
6388	أَمَحَ	ءمح	كسرة	1	0
6389	أَمِدَ	ءمد	فتحة	1	0
6390	أَمَرَ	ءمر	ضمة	1	1
6391	أَمَرَ	ءمر	ضمة	1	1
6392	أَمِرَ	ءمر	فتحة	1	0
6393	أَمُرَ	ءمر	ضمة	1	0
6394	أَمِضَ	ءمض	فتحة	1	0
6395	أَمَلَ	ءمل	ضمة	1	1
6396	أَمَّ	ءمم	ضمة	1	1
6397	أَمَّ	ءمم	فتحة	1	1
6398	أَمِنَ	ءمن	فتحة	1	1
6399	أَمُنَ	ءمن	ضمة	1	0
6400	أَمَهَ	ءمه	ضمة	1	0
6401	أَمِهَ	ءمه	فتحة	1	1
6402	أَمَا	ءمو	ضمة	1	0
6403	أَمُوَ	ءمو	ضمة	1	0
6404	أَنَتَ	ءنت	كسرة	1	1
6405	أَنُثَ	ءنث	ضمة	1	0
6406	أَنَحَ	ءنح	كسرة	1	0
6407	أَنَسَ	ءنس	كسرة	1	0
6408	أَنِسَ	ءنس	فتحة	1	0
6409	أَنُسَ	ءنس	ضمة	1	0
6410	أَنَضَ	ءنض	كسرة	1	0
6411	أَنُضَ	ءنض	ضمة	1	0
6412	أَنَفَ	ءنف	ضمة	1	1
6413	أَنَفَ	ءنف	كسرة	1	1
6414	أَنِفَ	ءنف	فتحة	1	1
6415	أَنِقَ	ءنق	فتحة	1	1
6416	أَنَكَ	ءنك	ضمة	1	0
6417	أَنَهَ	ءنه	كسرة	1	0
6418	أَنَى	ءني	كسرة	1	0
6419	أَنِيَ	ءني	فتحة	1	0
6420	أَهَلَ	ءهل	ضمة	1	1
6421	أَهَلَ	ءهل	كسرة	1	1
6422	أَهِلَ	ءهل	فتحة	1	0
6423	أَهَّ	ءهه	ضمة	1	0
6424	أَهَى	ءهي	كسرة	1	0
6425	آبَ	ءوب	ضمة	1	1
6426	أَوِبَ	ءوب	فتحة	1	0
6427	آدَ	ءود	ضمة	1	1
6428	أَوِدَ	ءود	فتحة	1	0
6429	آرَ	ءور	ضمة	1	1
6430	آقَ	ءوق	ضمة	1	0
6431	آلَ	ءول	ضمة	1	1
6432	أَوِلَ	ءول	فتحة	1	0
6433	آمَ	ءوم	ضمة	1	1
6434	آنَ	ءون	ضمة	1	0
6435	آهَ	ءوه	ضمة	1	0
6436	أَوَى	ءوي	كسرة	1	1
6437	آرَ	ءير	كسرة	1	1
6438	آسَ	ءيس	كسرة	1	1
6439	أَيِسَ	ءيس	فتحة	1	0
6440	آضَ	ءيض	كسرة	1	1
6441	أَيِكَ	ءيك	فتحة	1	0
6442	آمَ	ءيم	كسرة	1	1
6443	آنَ	ءين	كسرة	1	0
6444	بَأَجَ	بءج	فتحة	1	1
6445	بَأَرَ	بءر	فتحة	1	1
6446	بَئِسَ	بءس	فتحة	1	0
6447	بَؤُسَ	بءس	ضمة	1	0
6448	بَأَشَ	بءش	فتحة	1	1
6449	بَؤُلَ	بءل	ضمة	1	0
6450	بَأَهَ	بءه	فتحة	1	0
6451	بَآ	بءو	ضمة	1	1
6452	بَأَى	بءي	فتحة	1	1
6453	بَتَأَ	بتء	فتحة	1	0
6454	بَتَّ	بتت	ضمة	1	1
6455	بَتَّ	بتت	كسرة	1	1
6456	بَتَرَ	بتر	ضمة	1	1
6457	بَتِرَ	بتر	فتحة	1	0
6458	بَتَعَ	بتع	كسرة	1	1
6459	بَتَعَ	بتع	فتحة	1	0
6460	بَتِعَ	بتع	فتحة	1	0
6461	بَتَكَ	بتك	ضمة	1	1
6462	بَتَكَ	بتك	كسرة	1	1
6463	بَتَلَ	بتل	ضمة	1	1
6464	بَتَلَ	بتل	كسرة	1	1
6465	بَتِلَ	بتل	فتحة	1	0
6466	بَتَا	بتو	ضمة	1	0
6467	بَثَّ	بثث	ضمة	1	1
6468	بَثَّ	بثث	كسرة	1	1
6469	بَثَرَ	بثر	ضمة	1	0
6470	بَثِرَ	بثر	فتحة	1	0
6471	بَثُرَ	بثر	ضمة	1	0
6472	بَثِطَ	بثط	فتحة	1	0
6473	بَثِعَ	بثع	فتحة	1	0
6474	بَثَقَ	بثق	ضمة	1	1
6475	بَثَا	بثو	ضمة	1	0
6476	بَجَّ	بجج	ضمة	1	1
6477	بَجَّ	بجج	فتحة	1	0
6478	بَجَحَ	بجح	فتحة	1	1
6479	بَجِحَ	بجح	فتحة	1	1
6480	بَجَدَ	بجد	ضمة	1	0
6481	بَجَرَ	بجر	ضمة	1	0
6482	بَجِرَ	بجر	فتحة	1	0
6483	بَجَسَ	بجس	ضمة	1	1
6484	بَجَسَ	بجس	كسرة	1	1
6485	بَجَعَ	بجع	فتحة	1	1
6486	بَجَلَ	بجل	ضمة	1	0
6487	بَجِلَ	بجل	فتحة	1	0
6488	بَجُلَ	بجل	ضمة	1	0
6489	بَجَمَ	بجم	كسرة	1	0
6490	بَحُتَ	بحت	ضمة	1	0
6491	بَحَثَ	بحث	فتحة	1	1
6492	بَحَّ	بحح	فتحة	1	0
6493	بَحَّ	بحح	فتحة	1	0
6494	بَحَرَ	بحر	فتحة	1	1
6495	بَحِرَ	بحر	فتحة	1	0
6496	بَحَزَ	بحز	فتحة	1	1
6497	بَحَشَ	بحش	فتحة	1	0
6498	بَخَتَ	بخت	فتحة	1	1
6499	بَخَّ	بخخ	كسرة	1	0
6500	بَخَرَ	بخر	فتحة	1	0
6501	بَخِرَ	بخر	فتحة	1	0
6502	بَخَزَ	بخز	فتحة	1	1
6503	بَخَسَ	بخس	فتحة	1	1
6504	بَخَصَ	بخص	فتحة	1	1
6505	بَخِصَ	بخص	فتحة	1	0
6506	بَخَعَ	بخع	فتحة	1	1
6507	بَخِعَ	بخع	فتحة	1	0
6508	بَخَقَ	بخق	فتحة	1	1
6509	بَخِقَ	بخق	فتحة	1	0
6510	بَخِلَ	بخل	فتحة	1	0
6511	بَخُلَ	بخل	ضمة	1	0
6512	بَخَنَ	بخن	فتحة	1	0
6513	بَخَا	بخو	ضمة	1	0
6514	بَدَأَ	بدء	فتحة	1	1
6515	بَدَحَ	بدح	فتحة	1	1
6516	بَدَخَ	بدخ	فتحة	1	0
6517	بَدَّ	بدد	ضمة	1	1
6518	بَدَّ	بدد	فتحة	1	0
6519	بَدَرَ	بدر	ضمة	1	1
6520	بَدَسَ	بدس	ضمة	1	1
6521	بَدَعَ	بدع	فتحة	1	1
6522	بَدِعَ	بدع	فتحة	1	0
6523	بَدُعَ	بدع	ضمة	1	0
6524	بَدِغَ	بدغ	فتحة	1	0
6525	بَدُغَ	بدغ	ضمة	1	0
6526	بَدَلَ	بدل	ضمة	1	1
6527	بَدِلَ	بدل	فتحة	1	0
6528	بَدَنَ	بدن	ضمة	1	0
6529	بَدُنَ	بدن	ضمة	1	0
6530	بَدَهَ	بده	فتحة	1	1
6531	بَدَا	بدو	ضمة	1	0
6532	بَدِيَ	بدي	فتحة	1	0
6533	بَذَأَ	بذء	فتحة	1	1
6534	بَذِئَ	بذء	فتحة	1	0
6535	بَذُؤَ	بذء	ضمة	1	0
6536	بَذَحَ	بذح	فتحة	1	1
6537	بَذِحَ	بذح	فتحة	1	0
6538	بَذَخَ	بذخ	ضمة	1	0
6539	بَذِخَ	بذخ	فتحة	1	0
6540	بَذَّ	بذذ	ضمة	1	1
6541	بَذَّ	بذذ	فتحة	1	0
6542	بَذَرَ	بذر	ضمة	1	1
6543	بَذُرَ	بذر	ضمة	1	0
6544	بَذَعَ	بذع	فتحة	1	1
6545	بَذَلَ	بذل	ضمة	1	1
6546	بَذَلَ	بذل	كسرة	1	1
6547	بَذُمَ	بذم	ضمة	1	0
6548	بَذَا	بذو	ضمة	1	0
6549	بَذُوَ	بذو	ضمة	1	0
6550	بَرَأَ	برء	فتحة	1	1
6551	بَرِئَ	برء	فتحة	1	0
6552	بَرِئَ	برء	فتحة	1	0
6553	بَرُؤَ	برء	ضمة	1	0
6554	بَرِتَ	برت	فتحة	1	0
6555	بَرِثَ	برث	فتحة	1	0
6556	بَرَجَ	برج	ضمة	1	0
6557	بَرِجَ	برج	فتحة	1	0
6558	بَرَحَ	برح	ضمة	1	0
6559	بَرِحَ	برح	فتحة	1	1
6560	بَرَدَ	برد	ضمة	1	1
6561	بَرُدَ	برد	ضمة	1	0
6562	بَرَّ	برر	كسرة	1	1
6563	بَرَّ	برر	فتحة	1	1
6564	بَرَزَ	برز	ضمة	1	0
6565	بَرِزَ	برز	فتحة	1	0
6566	بَرُزَ	برز	ضمة	1	0
6567	بَرِسَ	برس	فتحة	1	0
6568	بَرِشَ	برش	فتحة	1	0
6569	بَرِصَ	برص	فتحة	1	0
6570	بَرِصَ	برص	فتحة	1	0
6571	بَرَضَ	برض	ضمة	1	0
6572	بَرَضَ	برض	كسرة	1	0
6573	بَرَعَ	برع	ضمة	1	1
6574	بَرِعَ	برع	فتحة	1	0
6575	بَرُعَ	برع	ضمة	1	0
6576	بَرِغَ	برغ	فتحة	1	0
6577	بَرِقَ	برق	فتحة	1	0
6578	بَرَكَ	برك	ضمة	1	0
6579	بَرَمَ	برم	ضمة	1	1
6580	بَرِمَ	برم	فتحة	1	0
6581	بَرِهَ	بره	فتحة	1	0
6582	بَرَا	برو	ضمة	1	1
6583	بَرَى	بري	كسرة	1	1
6584	بَزَجَ	بزج	ضمة	1	1
6585	بَزَخَ	بزخ	فتحة	1	1
6586	بَزِخَ	بزخ	فتحة	1	0
6587	بَزَرَ	بزر	ضمة	1	1
6588	بَزَّ	بزز	ضمة	1	1
6589	بَزُعَ	بزع	ضمة	1	0
6590	بَزَلَ	بزل	ضمة	1	1
6591	بَزَمَ	بزم	ضمة	1	1
6592	بَزَمَ	بزم	كسرة	1	1
6593	بَزَا	بزو	ضمة	1	1
6594	بَزِيَ	بزو	فتحة	1	0
6595	بَسَأَ	بسء	فتحة	1	0
6596	بَسِئَ	بسء	فتحة	1	0
6597	بَسَرَ	بسر	ضمة	1	1
6598	بَسَّ	بسس	ضمة	1	1
6599	بَسَطَ	بسط	ضمة	1	1
6600	بَسُطَ	بسط	ضمة	1	0
6601	بَسَقَ	بسق	ضمة	1	1
6602	بَسُلَ	بسل	ضمة	1	0
6603	بَسَمَ	بسم	كسرة	1	0
6604	بَشَرَ	بشر	ضمة	1	1
6605	بَشِرَ	بشر	فتحة	1	0
6606	بَشُرَ	بشر	ضمة	1	0
6607	بَشَّ	بشش	فتحة	1	0
6608	بَشِعَ	بشع	فتحة	1	0
6609	بَشَقَ	بشق	كسرة	1	1
6610	بَشَكَ	بشك	ضمة	1	1
6611	بَشَكَ	بشك	كسرة	1	1
6612	بَشِمَ	بشم	فتحة	1	0
6613	بَشَا	بشو	ضمة	1	0
6614	بَصَرَ	بصر	ضمة	1	1
6615	بَصِرَ	بصر	فتحة	1	0
6616	بَصُرَ	بصر	ضمة	1	0
6617	بَصَّ	بصص	كسرة	1	0
6618	بَصَعَ	بصع	فتحة	1	1
6619	بَصَقَ	بصق	ضمة	1	1
6620	بَصَمَ	بصم	كسرة	1	0
6621	بَصَا	بصو	ضمة	1	1
6622	بَضَّ	بضض	فتحة	1	0
6623	بَضَّ	بضض	فتحة	1	0
6624	بَضَعَ	بضع	فتحة	1	1
6625	بَضَكَ	بضك	كسرة	1	1
6626	بَضَمَ	بضم	ضمة	1	0
6627	بَطُؤَ	بطء	ضمة	1	0
6628	بَطَحَ	بطح	فتحة	1	1
6629	بَطَرَ	بطر	ضمة	1	1
6630	بَطَرَ	بطر	كسرة	1	1
6631	بَطِرَ	بطر	فتحة	1	1
6632	بَطَشَ	بطش	ضمة	1	0
6633	بَطَشَ	بطش	كسرة	1	0
6634	بَطَّ	بطط	ضمة	1	1
6635	بَطِغَ	بطغ	فتحة	1	0
6636	بَطَلَ	بطل	ضمة	1	0
6637	بَطِلَ	بطل	فتحة	1	0
6638	بَطُلَ	بطل	ضمة	1	0
6639	بَطَنَ	بطن	ضمة	1	1
6640	بَطِنَ	بطن	فتحة	1	0
6641	بَطُنَ	بطن	ضمة	1	0
6642	بَظِرَ	بظر	فتحة	1	0
6643	بَظَّ	بظظ	ضمة	1	1
6644	بَظَا	بظو	ضمة	1	0
6645	بَعَثَ	بعث	فتحة	1	1
6646	بَعِثَ	بعث	فتحة	1	0
6647	بَعَجَ	بعج	فتحة	1	1
6648	بَعِدَ	بعد	فتحة	1	0
6649	بَعُدَ	بعد	ضمة	1	0
6650	بَعِرَ	بعر	فتحة	1	0
6651	بَعَصَ	بعص	فتحة	1	0
6652	بَعَضَ	بعض	فتحة	1	1
6653	بَعَطَ	بعط	فتحة	1	1
6654	بَعَّ	بعع	ضمة	1	1
6655	بَعَّ	بعع	كسرة	1	0
6656	بَعَقَ	بعق	فتحة	1	1
6657	بَعَكَ	بعك	فتحة	1	1
6658	بَعِكَ	بعك	فتحة	1	0
6659	بَعَلَ	بعل	فتحة	1	0
6660	بَعِلَ	بعل	فتحة	1	0
6661	بَعَا	بعو	ضمة	1	1
6662	بَعَا	بعو	فتحة	1	1
6663	بَعَى	بعي	كسرة	1	1
6664	بَغَتَ	بغت	فتحة	1	1
6665	بَغِثَ	بغث	فتحة	1	0
6666	بَغَرَ	بغر	ضمة	1	1
6667	بَغَرَ	بغر	فتحة	1	0
6668	بَغِرَ	بغر	فتحة	1	0
6669	بَغَزَ	بغز	فتحة	1	1
6670	بَغَشَ	بغش	فتحة	1	1
6671	بَغَضَ	بغض	ضمة	1	1
6672	بَغِضَ	بغض	فتحة	1	0
6673	بَغُضَ	بغض	ضمة	1	0
6674	بَغَّ	بغغ	ضمة	1	0
6675	بَغُلَ	بغل	ضمة	1	0
6676	بَغَمَ	بغم	ضمة	1	1
6677	بَغَمَ	بغم	كسرة	1	1
6678	بَغَمَ	بغم	فتحة	1	1
6679	بَغَى	بغي	كسرة	1	1
6680	بَقَتَ	بقت	ضمة	1	1
6681	بَقَثَ	بقث	ضمة	1	1
6682	بَقَرَ	بقر	ضمة	1	1
6683	بَقِرَ	بقر	فتحة	1	0
6684	بَقَطَ	بقط	ضمة	1	1
6685	بَقَعَ	بقع	فتحة	1	1
6686	بَقِعَ	بقع	فتحة	1	0
6687	بَقَّ	بقق	ضمة	1	1
6688	بَقَّ	بقق	كسرة	1	0
6689	بَقَلَ	بقل	ضمة	1	1
6690	بَقِمَ	بقم	فتحة	1	0
6691	بَقَا	بقو	ضمة	1	1
6692	بَقَى	بقي	كسرة	1	1
6693	بَقِيَ	بقي	فتحة	1	0
6694	بَكَأَ	بكء	فتحة	1	0
6695	بَكِئَ	بكء	فتحة	1	0
6696	بَكُؤَ	بكء	ضمة	1	0
6697	بَكَتَ	بكت	ضمة	1	1
6698	بَكَرَ	بكر	ضمة	1	0
6699	بَكِرَ	بكر	فتحة	1	0
6700	بَكَسَ	بكس	ضمة	1	1
6701	بَكَشَ	بكش	ضمة	1	1
6702	بَكَعَ	بكع	فتحة	1	1
6703	بَكَّ	بكك	ضمة	1	1
6704	بَكَلَ	بكل	ضمة	1	1
6705	بَكِمَ	بكم	فتحة	1	0
6706	بَكُمَ	بكم	ضمة	1	0
6707	بَكَى	بكي	كسرة	1	1
6708	بَلَتَ	بلت	ضمة	1	0
6709	بَلَتَ	بلت	كسرة	1	1
6710	بَلِتَ	بلت	فتحة	1	0
6711	بَلُتَ	بلت	ضمة	1	0
6712	بَلَجَ	بلج	ضمة	1	0
6713	بَلِجَ	بلج	فتحة	1	0
6714	بَلَحَ	بلح	فتحة	1	0
6715	بَلِخَ	بلخ	فتحة	1	0
6716	بَلِدَ	بلد	فتحة	1	0
6717	بَلُدَ	بلد	ضمة	1	0
6718	بَلَطَ	بلط	ضمة	1	1
6719	بَلَعَ	بلع	فتحة	1	1
6720	بَلِعَ	بلع	فتحة	1	1
6721	بَلَغَ	بلغ	ضمة	1	1
6722	بَلُغَ	بلغ	ضمة	1	0
6723	بَلَقَ	بلق	ضمة	1	1
6724	بَلِقَ	بلق	فتحة	1	0
6725	بَلُقَ	بلق	ضمة	1	0
6726	بَلَكَ	بلك	ضمة	1	1
6727	بَلَّ	بلل	ضمة	1	1
6728	بَلِمَ	بلم	فتحة	1	0
6729	بَلِهَ	بله	فتحة	1	0
6730	بَلَا	بلو	ضمة	1	1
6731	بَلِيَ	بلي	فتحة	1	0
6732	بَنَجَ	بنج	ضمة	1	0
6733	بَنَحَ	بنح	فتحة	1	1
6734	بَنَشَ	بنش	ضمة	1	0
6735	بَنَقَ	بنق	ضمة	1	1
6736	بَنَّ	بنن	كسرة	1	0
6737	بَنَى	بني	كسرة	1	1
6738	بَهَأَ	بهء	فتحة	1	1
6739	بَهِئَ	بهء	فتحة	1	0
6740	بَهُؤَ	بهء	ضمة	1	0
6741	بَهَتَ	بهت	فتحة	1	1
6742	بَهِتَ	بهت	فتحة	1	0
6743	بَهَثَ	بهث	فتحة	1	0
6744	بَهَجَ	بهج	فتحة	1	1
6745	بَهِجَ	بهج	فتحة	1	0
6746	بَهُجَ	بهج	ضمة	1	0
6747	بَهَرَ	بهر	فتحة	1	1
6748	بَهَزَ	بهز	فتحة	1	1
6749	بَهَسَ	بهس	فتحة	1	0
6750	بَهَشَ	بهش	فتحة	1	1
6751	بَهِصَ	بهص	فتحة	1	0
6752	بَهَضَ	بهض	فتحة	1	1
6753	بَهَظَ	بهظ	فتحة	1	1
6754	بَهِقَ	بهق	فتحة	1	0
6755	بَهَلَ	بهل	فتحة	1	1
6756	بَهِلَ	بهل	فتحة	1	0
6757	بَهَّ	بهه	فتحة	1	0
6758	بَهَا	بهو	ضمة	1	1
6759	بَهَا	بهو	فتحة	1	1
6760	بَهِيَ	بهو	فتحة	1	0
6761	بَهُوَ	بهو	ضمة	1	0
6762	بَابَ	بوب	ضمة	1	0
6763	بَاثَ	بوث	ضمة	1	1
6764	بَاجَ	بوج	ضمة	1	1
6765	بَاحَ	بوح	ضمة	1	1
6766	بَاخَ	بوخ	ضمة	1	0
6767	بَاذَ	بوذ	ضمة	1	0
6768	بَازَ	بوز	ضمة	1	0
6769	بَاسَ	بوس	ضمة	1	1
6770	بَاشَ	بوش	ضمة	1	1
6771	بَاصَ	بوص	ضمة	1	1
6772	بَاطَ	بوط	ضمة	1	0
6773	بَاظَ	بوظ	ضمة	1	0
6774	بَاقَ	بوق	ضمة	1	1
6775	بَاكَ	بوك	ضمة	1	1
6776	بَالَ	بول	ضمة	1	0
6777	بَاهَ	بوه	ضمة	1	1
6778	بَوِهَ	بوه	فتحة	1	0
6779	بَوَى	بوي	كسرة	1	0
6780	بَابَ	بيب	كسرة	1	0
6781	بَاتَ	بيت	كسرة	1	1
6782	بَاتَ	بيت	كسرة	1	1
6783	بَيِتَ	بيت	فتحة	1	1
6784	بَاثَ	بيث	كسرة	1	1
6785	بَادَ	بيد	كسرة	1	0
6786	بَازَ	بيز	كسرة	1	0
6787	بَاظَ	بيظ	كسرة	1	0
6788	بَاعَ	بيع	كسرة	1	1
6789	بَاغَ	بيغ	كسرة	1	0
6790	بَاهَ	بيه	كسرة	1	0
6791	تَأَرَ	تءر	فتحة	1	1
6792	تَأَزَ	تءز	فتحة	1	0
6793	تَئِقَ	تءق	فتحة	1	0
6794	تَأَى	تءي	فتحة	1	1
6795	تَبَّ	تبب	ضمة	1	1
6796	تَبَرَ	تبر	ضمة	1	1
6797	تَبَرَ	تبر	كسرة	1	1
6798	تَبِرَ	تبر	فتحة	1	0
6799	تَبِعَ	تبع	فتحة	1	1
6800	تَبَلَ	تبل	ضمة	1	1
6801	تَبَنَ	تبن	كسرة	1	1
6802	تَبِنَ	تبن	فتحة	1	0
6803	تَبَا	تبو	ضمة	1	0
6804	تَجَرَ	تجر	ضمة	1	0
6805	تَحَمَ	تحم	ضمة	1	1
6806	تَخَّ	تخخ	كسرة	1	0
6807	تَخِذَ	تخذ	فتحة	1	1
6808	تَخَمَ	تخم	كسرة	1	1
6809	تَرَبَ	ترب	ضمة	1	1
6810	تَرِبَ	ترب	فتحة	1	0
6811	تَرَجَ	ترج	ضمة	1	0
6812	تَرِجَ	ترج	فتحة	1	0
6813	تَرِحَ	ترح	فتحة	1	0
6814	تَرَخَ	ترخ	فتحة	1	1
6815	تَرَّ	ترر	ضمة	1	1
6816	تَرَّ	ترر	كسرة	1	1
6817	تَرَّ	ترر	فتحة	1	0
6818	تَرَزَ	ترز	كسرة	1	1
6819	تَرِزَ	ترز	فتحة	1	1
6820	تَرَسَ	ترس	ضمة	1	1
6821	تَرِشَ	ترش	فتحة	1	0
6822	تَرُصَ	ترص	ضمة	1	0
6823	تَرَعَ	ترع	فتحة	1	1
6824	تَرِعَ	ترع	فتحة	1	0
6825	تَرِفَ	ترف	فتحة	1	0
6826	تَرَكَ	ترك	ضمة	1	1
6827	تَرِكَ	ترك	فتحة	1	0
6828	تَرِهَ	تره	فتحة	1	0
6829	تَرَى	تري	كسرة	1	0
6830	تَسَعَ	تسع	كسرة	1	1
6831	تَسَعَ	تسع	فتحة	1	1
6832	تَطَا	تطو	ضمة	1	0
6833	تَعِبَ	تعب	فتحة	1	0
6834	تَعَرَ	تعر	فتحة	1	0
6835	تَعَسَ	تعس	فتحة	1	1
6836	تَعِسَ	تعس	فتحة	1	0
6837	تَعِصَ	تعص	فتحة	1	0
6838	تَعَّ	تعع	ضمة	1	0
6839	تَعَّ	تعع	كسرة	1	0
6840	تَعِلَ	تعل	فتحة	1	0
6841	تَعَى	تعي	فتحة	1	0
6842	تَغَبَ	تغب	فتحة	1	0
6843	تَغِبَ	تغب	فتحة	1	0
6844	تَغَرَ	تغر	فتحة	1	0
6845	تَغِرَ	تغر	فتحة	1	0
6846	تَغَا	تغو	ضمة	1	1
6847	تَغَى	تغي	كسرة	1	1
6848	تَفِئَ	تفء	فتحة	1	0
6849	تَفِثَ	تفث	فتحة	1	0
6850	تَفَلَ	تفل	ضمة	1	1
6851	تَفَلَ	تفل	كسرة	1	1
6852	تَفِلَ	تفل	فتحة	1	0
6853	تَفَنَ	تفن	كسرة	1	1
6854	تَفَهَ	تفه	ضمة	1	0
6855	تَفِهَ	تفه	فتحة	1	0
6856	تَقِعَ	تقع	فتحة	1	0
6857	تَكَّ	تكك	ضمة	1	1
6858	تَكَّ	تكك	كسرة	1	1
6859	تَلَدَ	تلد	ضمة	1	0
6860	تَلَدَ	تلد	كسرة	1	0
6861	تَلِدَ	تلد	فتحة	1	0
6862	تَلَعَ	تلع	فتحة	1	1
6863	تَلِعَ	تلع	فتحة	1	0
6864	تَلُعَ	تلع	ضمة	1	0
6865	تَلِفَ	تلف	فتحة	1	0
6866	تَلَّ	تلل	ضمة	1	1
6867	تَلِهَ	تله	فتحة	1	1
6868	تَلَا	تلو	ضمة	1	1
6869	تَلَا	تلو	ضمة	1	1
6870	تَلِيَ	تلو	فتحة	1	0
6871	تَلَى	تلي	كسرة	1	1
6872	تَمَرَ	تمر	ضمة	1	1
6873	تَمَشَ	تمش	ضمة	1	1
6874	تَمَكَ	تمك	ضمة	1	0
6875	تَمَكَ	تمك	كسرة	1	0
6876	تَمَّ	تمم	كسرة	1	1
6877	تَمِهَ	تمه	فتحة	1	0
6878	تَنَأَ	تنء	فتحة	1	0
6879	تَنَخَ	تنخ	فتحة	1	0
6880	تَنِخَ	تنخ	فتحة	1	0
6881	تَنَمَ	تنم	ضمة	1	0
6882	تَنَّ	تنن	كسرة	1	0
6883	تَهِمَ	تهم	فتحة	1	0
6884	تَهِنَ	تهن	فتحة	1	0
6885	تَهَا	تهو	ضمة	1	0
6886	تَابَ	توب	ضمة	1	0
6887	تَاجَ	توج	ضمة	1	0
6888	تَاحَ	توح	ضمة	1	0
6889	تَارَ	تور	ضمة	1	0
6890	تَازَ	توز	ضمة	1	0
6891	تَاعَ	توع	ضمة	1	1
6892	تَافَ	توف	ضمة	1	0
6893	تَالَ	تول	ضمة	1	0
6894	تَوَى	توي	كسرة	1	1
6895	تَوِيَ	توي	فتحة	1	0
6896	تَاحَ	تيح	كسرة	1	0
6897	تَاخَ	تيخ	كسرة	1	1
6898	تَازَ	تيز	كسرة	1	1
6899	تَاسَ	تيس	كسرة	1	0
6900	تَيِسَ	تيس	كسرة	1	0
6901	تَاعَ	تيع	كسرة	1	1
6902	تَاكَ	تيك	كسرة	1	0
6903	تَامَ	تيم	كسرة	1	1
6904	تَاهَ	تيه	كسرة	1	0
6905	ثَئِبَ	ثءب	فتحة	1	0
6906	ثَأَجَ	ثءج	فتحة	1	0
6907	ثَئِدَ	ثءد	فتحة	1	0
6908	ثَأَرَ	ثءر	فتحة	1	1
6909	ثَئِطَ	ثءط	فتحة	1	0
6910	ثَأَى	ثءي	فتحة	1	1
6911	ثَئِيَ	ثءي	فتحة	1	0
6912	ثَبَّ	ثبب	كسرة	1	0
6913	ثَبَتَ	ثبت	ضمة	1	0
6914	ثَبُتَ	ثبت	ضمة	1	0
6915	ثَبَجَ	ثبج	ضمة	1	1
6916	ثَبَجَ	ثبج	كسرة	1	1
6917	ثَبِجَ	ثبج	فتحة	1	0
6918	ثَبَرَ	ثبر	ضمة	1	1
6919	ثَبِرَ	ثبر	فتحة	1	0
6920	ثَبَطَ	ثبط	ضمة	1	1
6921	ثَبِطَ	ثبط	فتحة	1	0
6922	ثَبَقَ	ثبق	كسرة	1	0
6923	ثَبَنَ	ثبن	كسرة	1	1
6924	ثَبَى	ثبي	كسرة	1	1
6925	ثَتَمَ	ثتم	ضمة	1	1
6926	ثَتِنَ	ثتن	فتحة	1	0
6927	ثَجَّ	ثجج	ضمة	1	1
6928	ثَجَّ	ثجج	كسرة	1	0
6929	ثَجَرَ	ثجر	ضمة	1	1
6930	ثَجِرَ	ثجر	فتحة	1	0
6931	ثَجِلَ	ثجل	فتحة	1	0
6932	ثَجَمَ	ثجم	ضمة	1	1
6933	ثَجِمَ	ثجم	فتحة	1	0
6934	ثَجَا	ثجو	ضمة	1	1
6935	ثَحَجَ	ثحج	فتحة	1	1
6936	ثَخَّ	ثخخ	ضمة	1	0
6937	ثَخُنَ	ثخن	ضمة	1	0
6938	ثَدَغَ	ثدغ	فتحة	1	1
6939	ثَدَقَ	ثدق	ضمة	1	1
6940	ثَدِنَ	ثدن	فتحة	1	0
6941	ثَدَا	ثدو	ضمة	1	1
6942	ثَدَى	ثدي	كسرة	1	1
6943	ثَدِيَ	ثدي	فتحة	1	0
6944	ثَرَبَ	ثرب	كسرة	1	1
6945	ثَرَدَ	ثرد	ضمة	1	1
6946	ثَرِدَ	ثرد	فتحة	1	0
6947	ثَرَّ	ثرر	ضمة	1	1
6948	ثَرَّ	ثرر	كسرة	1	1
6949	ثَرَطَ	ثرط	كسرة	1	1
6950	ثَرِعَ	ثرع	فتحة	1	0
6951	ثَرِغَ	ثرغ	فتحة	1	0
6952	ثَرَمَ	ثرم	كسرة	1	1
6953	ثَرِمَ	ثرم	فتحة	1	0
6954	ثَرِنَ	ثرن	فتحة	1	0
6955	ثَرَا	ثرو	ضمة	1	1
6956	ثَرِيَ	ثرو	فتحة	1	0
6957	ثَرَى	ثري	كسرة	1	1
6958	ثَطَأَ	ثطء	فتحة	1	1
6959	ثَطِئَ	ثطء	فتحة	1	1
6960	ثَطَّ	ثطط	ضمة	1	0
6961	ثَطَّ	ثطط	كسرة	1	0
6962	ثَطَعَ	ثطع	فتحة	1	0
6963	ثَطَا	ثطو	ضمة	1	0
6964	ثَطِيَ	ثطو	فتحة	1	0
6965	ثَعَبَ	ثعب	فتحة	1	1
6966	ثَعِرَ	ثعر	فتحة	1	0
6967	ثَعِطَ	ثعط	فتحة	1	0
6968	ثَعَّ	ثعع	كسرة	1	0
6969	ثَعِلَ	ثعل	فتحة	1	0
6970	ثَعَمَ	ثعم	فتحة	1	1
6971	ثَغَبَ	ثغب	فتحة	1	1
6972	ثَغَرَ	ثغر	فتحة	1	1
6973	ثَغِمَ	ثغم	فتحة	1	0
6974	ثَغَا	ثغو	ضمة	1	0
6975	ثَفَأَ	ثفء	فتحة	1	1
6976	ثَفَجَ	ثفج	ضمة	1	0
6977	ثَفَرَ	ثفر	كسرة	1	1
6978	ثَفَلَ	ثفل	ضمة	1	1
6979	ثَفَنَ	ثفن	كسرة	1	1
6980	ثَفِنَ	ثفن	فتحة	1	0
6981	ثَفَا	ثفو	ضمة	1	1
6982	ثَفَى	ثفي	كسرة	1	1
6983	ثَقَبَ	ثقب	ضمة	1	1
6984	ثَقُبَ	ثقب	ضمة	1	0
6985	ثَقَفَ	ثقف	ضمة	1	1
6986	ثَقِفَ	ثقف	فتحة	1	1
6987	ثَقُفَ	ثقف	ضمة	1	0
6988	ثَقَلَ	ثقل	ضمة	1	1
6989	ثَقِلَ	ثقل	فتحة	1	0
6990	ثَقُلَ	ثقل	ضمة	1	0
6991	ثَكَّ	ثكك	كسرة	1	0
6992	ثَكِلَ	ثكل	فتحة	1	1
6993	ثَكَمَ	ثكم	ضمة	1	1
6994	ثَكِمَ	ثكم	فتحة	1	1
6995	ثَلَبَ	ثلب	كسرة	1	1
6996	ثَلِبَ	ثلب	فتحة	1	0
6997	ثَلَثَ	ثلث	ضمة	1	1
6998	ثَلَثَ	ثلث	كسرة	1	1
6999	ثَلَجَ	ثلج	ضمة	1	1
7000	ثَلَجَ	ثلج	كسرة	1	1
7001	ثَلِجَ	ثلج	فتحة	1	0
7002	ثَلَخَ	ثلخ	فتحة	1	0
7003	ثَلِخَ	ثلخ	فتحة	1	0
7004	ثَلَدَ	ثلد	كسرة	1	0
7005	ثَلَطَ	ثلط	كسرة	1	1
7006	ثَلَعَ	ثلع	فتحة	1	1
7007	ثَلَغَ	ثلغ	فتحة	1	1
7008	ثَلَّ	ثلل	ضمة	1	1
7009	ثَلَّ	ثلل	فتحة	1	0
7010	ثَلَمَ	ثلم	كسرة	1	1
7011	ثَمَأَ	ثمء	فتحة	1	1
7012	ثَمَجَ	ثمج	كسرة	1	1
7013	ثَمَدَ	ثمد	ضمة	1	1
7014	ثَمَدَ	ثمد	كسرة	1	1
7015	ثَمِدَ	ثمد	فتحة	1	0
7016	ثَمَرَ	ثمر	ضمة	1	1
7017	ثَمَغَ	ثمغ	فتحة	1	1
7018	ثَمِلَ	ثمل	فتحة	1	0
7019	ثَمَّ	ثمم	ضمة	1	1
7020	ثَمَنَ	ثمن	ضمة	1	1
7021	ثَمَنَ	ثمن	كسرة	1	1
7022	ثَمُنَ	ثمن	ضمة	1	0
7023	ثَنِتَ	ثنت	فتحة	1	0
7024	ثَنَطَ	ثنط	ضمة	1	1
7025	ثَنَى	ثني	كسرة	1	1
7026	ثَهِتَ	ثهت	فتحة	1	0
7027	ثَهَا	ثهو	ضمة	1	0
7028	ثَابَ	ثوب	ضمة	1	0
7029	ثَارَ	ثور	ضمة	1	0
7030	ثَاعَ	ثوع	ضمة	1	0
7031	ثَالَ	ثول	ضمة	1	1
7032	ثَوِلَ	ثول	فتحة	1	0
7033	ثَاخَ	ثيخ	كسرة	1	0
7034	ثَاعَ	ثيع	كسرة	1	0
7035	جَأَبَ	جءب	فتحة	1	1
7036	جَأَثَ	جءث	فتحة	1	0
7037	جَئِثَ	جءث	فتحة	1	0
7038	جَأَجَ	جءج	فتحة	1	0
7039	جَأَذَ	جءذ	فتحة	1	0
7040	جَأَرَ	جءر	فتحة	1	0
7041	جَئِرَ	جءر	فتحة	1	0
7042	جَئِزَ	جءز	فتحة	1	0
7043	جَأَشَ	جءش	فتحة	1	0
7044	جَأَصَ	جءص	فتحة	1	1
7045	جَأَفَ	جءف	فتحة	1	1
7046	جَأَلَ	جءل	فتحة	1	1
7047	جَئِلَ	جءل	فتحة	1	0
7048	جَآ	جءو	فتحة	1	1
7049	جَأَى	جءي	فتحة	1	1
7050	جَئِيَ	جءي	فتحة	1	0
7051	جَبَأَ	جبء	فتحة	1	1
7052	جَبِئَ	جبء	فتحة	1	1
7053	جَبَّ	جبب	ضمة	1	1
7054	جَبَجَ	جبج	ضمة	1	0
7055	جَبَحَ	جبح	فتحة	1	0
7056	جَبَخَ	جبخ	فتحة	1	1
7057	جَبَذَ	جبذ	كسرة	1	1
7058	جَبَرَ	جبر	ضمة	1	1
7059	جَبَزَ	جبز	ضمة	1	1
7060	جَبُزَ	جبز	ضمة	1	0
7061	جَبَشَ	جبش	كسرة	1	1
7062	جَبَلَ	جبل	ضمة	1	1
7063	جَبَلَ	جبل	كسرة	1	1
7064	جَبِلَ	جبل	فتحة	1	0
7065	جَبَنَ	جبن	ضمة	1	0
7066	جَبُنَ	جبن	ضمة	1	0
7067	جَبَهَ	جبه	فتحة	1	1
7068	جَبِهَ	جبه	فتحة	1	0
7069	جَبَا	جبو	ضمة	1	1
7070	جَبَى	جبي	كسرة	1	1
7071	جَتَّ	جتت	ضمة	1	1
7072	جَثَّ	جثث	ضمة	1	1
7073	جَثَّ	جثث	ضمة	1	1
7074	جَثَطَ	جثط	كسرة	1	0
7075	جَثَلَ	جثل	ضمة	1	1
7076	جَثِلَ	جثل	فتحة	1	0
7077	جَثُلَ	جثل	ضمة	1	0
7078	جَثَا	جثو	ضمة	1	1
7079	جَثَى	جثي	كسرة	1	1
7080	جَحَّ	جحح	ضمة	1	1
7081	جَحَدَ	جحد	فتحة	1	1
7082	جَحِدَ	جحد	فتحة	1	0
7083	جَحَرَ	جحر	فتحة	1	1
7084	جَحَسَ	جحس	فتحة	1	1
7085	جَحَشَ	جحش	فتحة	1	1
7086	جَحَظَ	جحظ	فتحة	1	1
7087	جَحَفَ	جحف	فتحة	1	1
7088	جَحَلَ	جحل	فتحة	1	1
7089	جَحَمَ	جحم	فتحة	1	1
7090	جَحِمَ	جحم	فتحة	1	0
7091	جَحُمَ	جحم	ضمة	1	0
7092	جَحَنَ	جحن	فتحة	1	0
7093	جَحِنَ	جحن	فتحة	1	0
7094	جَحَا	جحو	ضمة	1	1
7095	جَخَّ	جخخ	ضمة	1	1
7096	جَخَرَ	جخر	فتحة	1	1
7097	جَخِرَ	جخر	فتحة	1	0
7098	جَخَفَ	جخف	ضمة	1	0
7099	جَخَفَ	جخف	كسرة	1	0
7100	جَخِفَ	جخف	فتحة	1	0
7101	جَخَا	جخو	ضمة	1	1
7102	جَدَبَ	جدب	ضمة	1	1
7103	جَدَبَ	جدب	كسرة	1	1
7104	جَدِبَ	جدب	فتحة	1	0
7105	جَدُبَ	جدب	ضمة	1	0
7106	جَدَحَ	جدح	فتحة	1	1
7107	جَدَّ	جدد	فتحة	1	0
7108	جَدَرَ	جدر	ضمة	1	1
7109	جَدِرَ	جدر	فتحة	1	0
7110	جَدُرَ	جدر	ضمة	1	0
7111	جَدَسَ	جدس	ضمة	1	0
7112	جَدَشَ	جدش	كسرة	1	1
7113	جَدَعَ	جدع	فتحة	1	1
7114	جَدِعَ	جدع	فتحة	1	0
7115	جَدَفَ	جدف	كسرة	1	1
7116	جَدَلَ	جدل	ضمة	1	1
7117	جَدَلَ	جدل	كسرة	1	1
7118	جَدِلَ	جدل	فتحة	1	0
7119	جَدَمَ	جدم	ضمة	1	1
7120	جَدَا	جدو	ضمة	1	1
7121	جَدَى	جدي	كسرة	1	1
7122	جَذَبَ	جذب	ضمة	1	1
7123	جَذَبَ	جذب	كسرة	1	1
7124	جَذَّ	جذذ	ضمة	1	1
7125	جَذَرَ	جذر	ضمة	1	1
7126	جَذَعَ	جذع	فتحة	1	1
7127	جَذَفَ	جذف	كسرة	1	1
7128	جَذَلَ	جذل	ضمة	1	0
7129	جَذِلَ	جذل	فتحة	1	0
7130	جَذَمَ	جذم	ضمة	1	1
7131	جَذَمَ	جذم	كسرة	1	1
7132	جَذِمَ	جذم	فتحة	1	0
7133	جَذَا	جذو	ضمة	1	0
7134	جَذَى	جذي	كسرة	1	1
7135	جَرُؤَ	جرء	ضمة	1	0
7136	جَرِبَ	جرب	فتحة	1	0
7137	جَرَجَ	جرج	ضمة	1	1
7138	جَرِجَ	جرج	فتحة	1	0
7139	جَرَحَ	جرح	فتحة	1	1
7140	جَرِحَ	جرح	فتحة	1	0
7141	جَرَدَ	جرد	ضمة	1	1
7142	جَرِدَ	جرد	فتحة	1	0
7143	جَرَذَ	جرذ	ضمة	1	0
7144	جَرِذَ	جرذ	فتحة	1	0
7145	جَرَّ	جرر	ضمة	1	1
7146	جَرَزَ	جرز	ضمة	1	1
7147	جَرِزَ	جرز	فتحة	1	0
7148	جَرُزَ	جرز	ضمة	1	0
7149	جَرَسَ	جرس	ضمة	1	1
7150	جَرَسَ	جرس	كسرة	1	1
7151	جَرَشَ	جرش	ضمة	1	1
7152	جَرَشَ	جرش	كسرة	1	1
7153	جَرَضَ	جرض	ضمة	1	1
7154	جَرَضَ	جرض	كسرة	1	0
7155	جَرِضَ	جرض	فتحة	1	0
7156	جَرِطَ	جرط	فتحة	1	0
7157	جَرَعَ	جرع	فتحة	1	1
7158	جَرِعَ	جرع	فتحة	1	1
7159	جَرَفَ	جرف	ضمة	1	1
7160	جَرِلَ	جرل	فتحة	1	0
7161	جَرَمَ	جرم	كسرة	1	1
7162	جَرَمَ	جرم	كسرة	1	1
7163	جَرِمَ	جرم	فتحة	1	0
7164	جَرُمَ	جرم	ضمة	1	0
7165	جَرَنَ	جرن	ضمة	1	1
7166	جَرَى	جري	كسرة	1	0
7167	جَزَأَ	جزء	فتحة	1	1
7168	جَزِئَ	جزء	فتحة	1	0
7169	جَزَحَ	جزح	فتحة	1	1
7170	جَزَرَ	جزر	ضمة	1	1
7171	جَزَرَ	جزر	كسرة	1	1
7172	جَزَّ	جزز	ضمة	1	1
7173	جَزَّ	جزز	كسرة	1	0
7174	جَزَعَ	جزع	فتحة	1	1
7175	جَزِعَ	جزع	فتحة	1	0
7176	جَزَفَ	جزف	ضمة	1	1
7177	جَزَلَ	جزل	كسرة	1	1
7178	جَزِلَ	جزل	فتحة	1	0
7179	جَزُلَ	جزل	ضمة	1	0
7180	جَزَمَ	جزم	كسرة	1	1
7181	جَزَى	جزي	كسرة	1	1
7182	جَسَأَ	جسء	فتحة	1	0
7183	جَسِدَ	جسد	فتحة	1	0
7184	جَسَّ	جسس	ضمة	1	1
7185	جَسَعَ	جسع	فتحة	1	0
7186	جَسُمَ	جسم	ضمة	1	0
7187	جَسَا	جسو	ضمة	1	0
7188	جَسِيَ	جسو	فتحة	1	0
7189	جَشَأَ	جشء	فتحة	1	0
7190	جَشَبَ	جشب	ضمة	1	1
7191	جَشِبَ	جشب	فتحة	1	1
7192	جَشُبَ	جشب	ضمة	1	0
7193	جَشَرَ	جشر	ضمة	1	1
7194	جَشِرَ	جشر	فتحة	1	0
7195	جَشَّ	جشش	ضمة	1	1
7196	جَشَّ	جشش	فتحة	1	0
7197	جَشِعَ	جشع	فتحة	1	0
7198	جَشِمَ	جشم	فتحة	1	1
7199	جَشِنَ	جشن	فتحة	1	0
7200	جَصَّ	جصص	كسرة	1	0
7201	جَضَّ	جضض	ضمة	1	0
7202	جَظَّ	جظظ	ضمة	1	1
7203	جَعَبَ	جعب	فتحة	1	1
7204	جَعُدَ	جعد	ضمة	1	0
7205	جَعَرَ	جعر	فتحة	1	0
7206	جَعَسَ	جعس	فتحة	1	0
7207	جَعَظَ	جعظ	فتحة	1	1
7208	جَعِظَ	جعظ	فتحة	1	0
7209	جَعَّ	جعع	ضمة	1	1
7210	جَعَفَ	جعف	فتحة	1	1
7211	جَعَلَ	جعل	فتحة	1	1
7212	جَعِلَ	جعل	فتحة	1	0
7213	جَعَمَ	جعم	فتحة	1	1
7214	جَعِمَ	جعم	فتحة	1	0
7215	جَعَا	جعو	ضمة	1	1
7216	جَفَأَ	جفء	فتحة	1	1
7217	جَفَخَ	جفخ	كسرة	1	0
7218	جَفَخَ	جفخ	فتحة	1	0
7219	جَفَرَ	جفر	ضمة	1	1
7220	جَفَرَ	جفر	كسرة	1	1
7221	جَفِسَ	جفس	فتحة	1	0
7222	جَفَشَ	جفش	كسرة	1	1
7223	جَفَظَ	جفظ	ضمة	1	1
7224	جَفَعَ	جفع	فتحة	1	1
7225	جَفَّ	جفف	ضمة	1	1
7226	جَفَّ	جفف	كسرة	1	0
7227	جَفَّ	جفف	فتحة	1	0
7228	جَفَلَ	جفل	ضمة	1	1
7229	جَفَلَ	جفل	كسرة	1	1
7230	جَفَنَ	جفن	ضمة	1	1
7231	جَفَا	جفو	ضمة	1	1
7232	جَفَى	جفي	كسرة	1	1
7233	جَقَّ	جقق	كسرة	1	0
7234	جَلَأَ	جلء	فتحة	1	1
7235	جَلَبَ	جلب	ضمة	1	1
7236	جَلَبَ	جلب	كسرة	1	1
7237	جَلِبَ	جلب	فتحة	1	0
7238	جَلَتَ	جلت	كسرة	1	1
7239	جَلَحَ	جلح	فتحة	1	1
7240	جَلِحَ	جلح	فتحة	1	0
7241	جَلَخَ	جلخ	فتحة	1	1
7242	جَلَدَ	جلد	كسرة	1	1
7243	جَلِدَ	جلد	فتحة	1	0
7244	جَلُدَ	جلد	ضمة	1	0
7245	جَلَزَ	جلز	كسرة	1	1
7246	جَلَسَ	جلس	كسرة	1	0
7247	جَلَطَ	جلط	كسرة	1	1
7248	جَلَعَ	جلع	فتحة	1	1
7249	جَلِعَ	جلع	فتحة	1	1
7250	جَلَغَ	جلغ	فتحة	1	1
7251	جَلَفَ	جلف	ضمة	1	1
7252	جَلِفَ	جلف	فتحة	1	0
7253	جَلَقَ	جلق	كسرة	1	1
7254	جَلَمَ	جلم	كسرة	1	1
7255	جَلَهَ	جله	فتحة	1	1
7256	جَلِهَ	جله	فتحة	1	0
7257	جَلَا	جلو	ضمة	1	1
7258	جَلَى	جلي	كسرة	1	1
7259	جَلِيَ	جلي	فتحة	1	0
7260	جَمِئَ	جمء	فتحة	1	0
7261	جَمَخَ	جمخ	فتحة	1	1
7262	جَمَدَ	جمد	ضمة	1	1
7263	جَمُدَ	جمد	ضمة	1	0
7264	جَمَرَ	جمر	ضمة	1	1
7265	جَمَرَ	جمر	كسرة	1	1
7266	جَمَسَ	جمس	ضمة	1	0
7267	جَمُسَ	جمس	ضمة	1	0
7268	جَمَشَ	جمش	ضمة	1	1
7269	جَمَشَ	جمش	كسرة	1	1
7270	جَمَعَ	جمع	فتحة	1	1
7271	جَمَلَ	جمل	ضمة	1	1
7272	جَمُلَ	جمل	ضمة	1	0
7273	جَمَّ	جمم	فتحة	1	0
7274	جَمَى	جمي	كسرة	1	0
7275	جَنَأَ	جنء	فتحة	1	0
7276	جَنِئَ	جنء	فتحة	1	0
7277	جَنَبَ	جنب	ضمة	1	1
7278	جَنَبَ	جنب	كسرة	1	0
7279	جَنِبَ	جنب	فتحة	1	0
7280	جَنُبَ	جنب	ضمة	1	0
7281	جَنَحَ	جنح	ضمة	1	1
7282	جَنَحَ	جنح	كسرة	1	1
7283	جَنَحَ	جنح	فتحة	1	1
7284	جَنَزَ	جنز	كسرة	1	1
7285	جَنَسَ	جنس	ضمة	1	0
7286	جَنَشَ	جنش	كسرة	1	0
7287	جَنَفَ	جنف	كسرة	1	0
7288	جَنِفَ	جنف	فتحة	1	0
7289	جَنَقَ	جنق	كسرة	1	1
7290	جَنَّ	جنن	ضمة	1	1
7291	جَنَى	جني	كسرة	1	1
7292	جَهَثَ	جهث	فتحة	1	0
7293	جَهَدَ	جهد	فتحة	1	1
7294	جَهِدَ	جهد	فتحة	1	0
7295	جَهَرَ	جهر	فتحة	1	1
7296	جَهِرَ	جهر	فتحة	1	0
7297	جَهُرَ	جهر	ضمة	1	0
7298	جَهَزَ	جهز	فتحة	1	0
7299	جَهَشَ	جهش	فتحة	1	0
7300	جَهِشَ	جهش	فتحة	1	0
7301	جَهَضَ	جهض	فتحة	1	1
7302	جَهِلَ	جهل	فتحة	1	1
7303	جَهَمَ	جهم	فتحة	1	1
7304	جَهِمَ	جهم	فتحة	1	1
7305	جَهُمَ	جهم	ضمة	1	0
7306	جَهَنَ	جهن	ضمة	1	0
7307	جَهَّ	جهه	ضمة	1	1
7308	جَهِيَ	جهي	فتحة	1	0
7309	جَابَ	جوب	ضمة	1	1
7310	جَوِثَ	جوث	فتحة	1	0
7311	جَاجَ	جوج	ضمة	1	0
7312	جَاحَ	جوح	ضمة	1	1
7313	جَاخَ	جوخ	ضمة	1	1
7314	جَادَ	جود	ضمة	1	1
7315	جَادَ	جود	ضمة	1	1
7316	جَارَ	جور	ضمة	1	0
7317	جَازَ	جوز	ضمة	1	1
7318	جَاسَ	جوس	ضمة	1	1
7319	جَاشَ	جوش	ضمة	1	0
7320	جَاظَ	جوظ	ضمة	1	1
7321	جَاعَ	جوع	ضمة	1	0
7322	جَافَ	جوف	ضمة	1	1
7323	جَوِفَ	جوف	فتحة	1	0
7324	جَوِقَ	جوق	فتحة	1	0
7325	جَامَ	جوم	ضمة	1	0
7326	جَانَ	جون	ضمة	1	0
7327	جَوِنَ	جون	فتحة	1	0
7328	جَاهَ	جوه	ضمة	1	1
7329	جَوِيَ	جوي	فتحة	1	1
7330	جَاءَ	جيء	كسرة	1	1
7331	جَابَ	جيب	كسرة	1	1
7332	جَاخَ	جيخ	كسرة	1	1
7333	جَيِدَ	جيد	فتحة	1	0
7334	جَيِرَ	جير	فتحة	1	0
7335	جَاشَ	جيش	كسرة	1	0
7336	جَاضَ	جيض	كسرة	1	0
7337	جَاظَ	جيظ	كسرة	1	1
7338	جَافَ	جيف	كسرة	1	0
7339	حَبَّ	حبب	كسرة	1	1
7340	حَبَّ	حبب	فتحة	1	0
7341	حَبَّ	حبب	ضمة	1	0
7342	حَبَجَ	حبج	كسرة	1	1
7343	حَبِجَ	حبج	فتحة	1	0
7344	حَبَرَ	حبر	ضمة	1	1
7345	حَبَرَ	حبر	ضمة	1	1
7346	حَبِرَ	حبر	فتحة	1	0
7347	حَبَسَ	حبس	كسرة	1	1
7348	حَبَشَ	حبش	ضمة	1	1
7349	حَبِضَ	حبض	فتحة	1	0
7350	حَبَطَ	حبط	كسرة	1	0
7351	حَبِطَ	حبط	فتحة	1	0
7352	حَبَقَ	حبق	كسرة	1	1
7353	حَبَكَ	حبك	ضمة	1	1
7354	حَبَكَ	حبك	كسرة	1	1
7355	حَبَلَ	حبل	ضمة	1	1
7356	حَبِلَ	حبل	فتحة	1	0
7357	حَبِنَ	حبن	فتحة	1	0
7358	حَبَا	حبو	ضمة	1	1
7359	حَبَا	حبو	ضمة	1	1
7360	حَبَى	حبي	كسرة	1	0
7361	حَتَأَ	حتء	فتحة	1	1
7362	حَتَّ	حتت	ضمة	1	1
7363	حَتَدَ	حتد	كسرة	1	0
7364	حَتِدَ	حتد	فتحة	1	0
7365	حَتَرَ	حتر	ضمة	1	1
7366	حَتَرَ	حتر	كسرة	1	1
7367	حَتَشَ	حتش	ضمة	1	1
7368	حَتَفَ	حتف	كسرة	1	1
7369	حَتَكَ	حتك	كسرة	1	1
7370	حَتَلَ	حتل	ضمة	1	1
7371	حَتِلَ	حتل	فتحة	1	0
7372	حَتَمَ	حتم	كسرة	1	1
7373	حَتِنَ	حتن	فتحة	1	0
7374	حَتَا	حتو	ضمة	1	1
7375	حَتَى	حتي	كسرة	1	1
7376	حَثَّ	حثث	ضمة	1	1
7377	حَثِرَ	حثر	فتحة	1	0
7378	حَثِلَ	حثل	فتحة	1	0
7379	حَثَمَ	حثم	كسرة	1	1
7380	حَثَا	حثو	ضمة	1	1
7381	حَثَى	حثي	كسرة	1	1
7382	حَجَأَ	حجء	فتحة	1	1
7383	حَجِئَ	حجء	فتحة	1	0
7384	حَجَبَ	حجب	ضمة	1	1
7385	حَجَّ	حجج	ضمة	1	1
7386	حَجَرَ	حجر	ضمة	1	1
7387	حَجَزَ	حجز	ضمة	1	1
7388	حَجَزَ	حجز	كسرة	1	1
7389	حَجِزَ	حجز	فتحة	1	0
7390	حَجَلَ	حجل	ضمة	1	0
7391	حَجَلَ	حجل	كسرة	1	0
7392	حَجِلَ	حجل	فتحة	1	0
7393	حَجَمَ	حجم	ضمة	1	1
7394	حَجَمَ	حجم	كسرة	1	1
7395	حَجَنَ	حجن	كسرة	1	1
7396	حَجِنَ	حجن	فتحة	1	0
7397	حَجَا	حجو	ضمة	1	1
7398	حَجِيَ	حجو	فتحة	1	0
7399	حَدَأَ	حدء	فتحة	1	1
7400	حَدِئَ	حدء	فتحة	1	0
7401	حَدَبَ	حدب	كسرة	1	1
7402	حَدِبَ	حدب	فتحة	1	0
7403	حَدَثَ	حدث	ضمة	1	0
7404	حَدَثَ	حدث	ضمة	1	0
7405	حَدَجَ	حدج	كسرة	1	1
7406	حَدَّ	حدد	ضمة	1	1
7407	حَدَّ	حدد	ضمة	1	1
7408	حَدَّ	حدد	كسرة	1	0
7409	حَدَّ	حدد	كسرة	1	0
7410	حَدَرَ	حدر	ضمة	1	1
7411	حَدَرَ	حدر	كسرة	1	1
7412	حَدِرَ	حدر	فتحة	1	0
7413	حَدُرَ	حدر	ضمة	1	0
7414	حَدَسَ	حدس	ضمة	1	1
7415	حَدَسَ	حدس	كسرة	1	1
7416	حَدَقَ	حدق	كسرة	1	1
7417	حَدَلَ	حدل	كسرة	1	0
7418	حَدِلَ	حدل	فتحة	1	0
7419	حَدَمَ	حدم	كسرة	1	1
7420	حَدِمَ	حدم	فتحة	1	0
7421	حَدَا	حدو	ضمة	1	1
7422	حَدَا	حدو	ضمة	1	1
7423	حَدَى	حدي	كسرة	1	1
7424	حَدِيَ	حدي	فتحة	1	0
7425	حَذَّ	حذذ	ضمة	1	1
7426	حَذِرَ	حذر	فتحة	1	1
7427	حَذَفَ	حذف	كسرة	1	1
7428	حَذَقَ	حذق	كسرة	1	1
7429	حَذَقَ	حذق	كسرة	1	1
7430	حَذِقَ	حذق	فتحة	1	1
7431	حَذِلَ	حذل	فتحة	1	0
7432	حَذَمَ	حذم	كسرة	1	1
7433	حَذَا	حذو	ضمة	1	1
7434	حَذَا	حذو	ضمة	1	1
7435	حَذَى	حذي	كسرة	1	1
7436	حَذِيَ	حذي	فتحة	1	0
7437	حَرَبَ	حرب	ضمة	1	1
7438	حَرِبَ	حرب	فتحة	1	0
7439	حَرَتَ	حرت	ضمة	1	1
7440	حَرِتَ	حرت	فتحة	1	0
7441	حَرَثَ	حرث	ضمة	1	1
7442	حَرَثَ	حرث	كسرة	1	1
7443	حَرَجَ	حرج	ضمة	1	1
7444	حَرِجَ	حرج	فتحة	1	1
7445	حَرَحَ	حرح	فتحة	1	1
7446	حَرِحَ	حرح	فتحة	1	0
7447	حَرَدَ	حرد	كسرة	1	1
7448	حَرِدَ	حرد	فتحة	1	0
7449	حَرَّ	حرر	ضمة	1	1
7450	حَرَّ	حرر	كسرة	1	1
7451	حَرَّ	حرر	فتحة	1	1
7452	حَرَزَ	حرز	ضمة	1	1
7453	حَرِزَ	حرز	فتحة	1	0
7454	حَرُزَ	حرز	ضمة	1	0
7455	حَرَسَ	حرس	ضمة	1	1
7456	حَرَسَ	حرس	كسرة	1	1
7457	حَرِسَ	حرس	فتحة	1	0
7458	حَرَشَ	حرش	كسرة	1	1
7459	حَرِشَ	حرش	فتحة	1	0
7460	حَرَصَ	حرص	ضمة	1	1
7461	حَرَصَ	حرص	كسرة	1	1
7462	حَرِصَ	حرص	فتحة	1	0
7463	حَرَضَ	حرض	ضمة	1	1
7464	حَرَضَ	حرض	كسرة	1	1
7465	حَرِضَ	حرض	فتحة	1	0
7466	حَرُضَ	حرض	ضمة	1	0
7467	حَرَفَ	حرف	ضمة	1	1
7468	حَرَفَ	حرف	كسرة	1	1
7469	حَرُفَ	حرف	ضمة	1	0
7470	حَرَقَ	حرق	ضمة	1	1
7471	حَرَقَ	حرق	كسرة	1	1
7472	حَرِقَ	حرق	فتحة	1	0
7473	حَرَكَ	حرك	ضمة	1	1
7474	حَرِكَ	حرك	فتحة	1	0
7475	حَرُكَ	حرك	ضمة	1	0
7476	حَرَمَ	حرم	كسرة	1	1
7477	حَرُمَ	حرم	ضمة	1	0
7478	حَرَنَ	حرن	ضمة	1	1
7479	حَرُنَ	حرن	ضمة	1	0
7480	حَرَى	حري	كسرة	1	1
7481	حَزَأَ	حزء	فتحة	1	1
7482	حَزَبَ	حزب	ضمة	1	1
7483	حَزَرَ	حزر	ضمة	1	1
7484	حَزَرَ	حزر	كسرة	1	1
7485	حَزُرَ	حزر	ضمة	1	0
7486	حَزَّ	حزز	ضمة	1	1
7487	حَزَقَ	حزق	كسرة	1	1
7488	حَزَكَ	حزك	كسرة	1	1
7489	حَزَمَ	حزم	كسرة	1	1
7490	حَزِمَ	حزم	فتحة	1	0
7491	حَزُمَ	حزم	ضمة	1	0
7492	حَزَنَ	حزن	ضمة	1	1
7493	حَزِنَ	حزن	فتحة	1	0
7494	حَزُنَ	حزن	ضمة	1	0
7495	حَزَا	حزو	ضمة	1	1
7496	حَزَى	حزي	كسرة	1	1
7497	حَسَبَ	حسب	ضمة	1	1
7498	حَسِبَ	حسب	فتحة	1	1
7499	حَسُبَ	حسب	ضمة	1	0
7500	حَسِبَ	حسب	كسرة	1	1
7501	حَسَدَ	حسد	ضمة	1	1
7502	حَسَدَ	حسد	كسرة	1	1
7503	حَسَرَ	حسر	ضمة	1	1
7504	حَسَرَ	حسر	ضمة	1	1
7505	حَسَرَ	حسر	كسرة	1	1
7506	حَسَرَ	حسر	كسرة	1	1
7507	حَسِرَ	حسر	فتحة	1	0
7508	حَسُرَ	حسر	ضمة	1	0
7509	حَسَّ	حسس	ضمة	1	1
7510	حَسَّ	حسس	كسرة	1	1
7511	حَسَّ	حسس	فتحة	1	1
7512	حَسَفَ	حسف	كسرة	1	1
7513	حَسِفَ	حسف	فتحة	1	0
7514	حَسِكَ	حسك	فتحة	1	0
7515	حَسَلَ	حسل	ضمة	1	1
7516	حَسَمَ	حسم	كسرة	1	1
7517	حَسَنَ	حسن	ضمة	1	0
7518	حَسُنَ	حسن	ضمة	1	0
7519	حَسَا	حسو	ضمة	1	1
7520	حَسَى	حسي	كسرة	1	1
7521	حَسِيَ	حسي	فتحة	1	1
7522	حَشَأَ	حشء	فتحة	1	1
7523	حَشَدَ	حشد	ضمة	1	1
7524	حَشَدَ	حشد	كسرة	1	1
7525	حَشَرَ	حشر	ضمة	1	1
7526	حَشَرَ	حشر	كسرة	1	1
7527	حَشَّ	حشش	ضمة	1	1
7528	حَشَّ	حشش	كسرة	1	0
7529	حَشَطَ	حشط	ضمة	1	1
7530	حَشَفَ	حشف	كسرة	1	0
7531	حَشَكَ	حشك	كسرة	1	1
7532	حَشِكَ	حشك	فتحة	1	0
7533	حَشَلَ	حشل	ضمة	1	1
7534	حَشَمَ	حشم	ضمة	1	1
7535	حَشَمَ	حشم	كسرة	1	1
7536	حَشِنَ	حشن	فتحة	1	0
7537	حَشَا	حشو	ضمة	1	1
7538	حَشِيَ	حشي	فتحة	1	0
7539	حَصَأَ	حصء	فتحة	1	0
7540	حَصِئَ	حصء	فتحة	1	0
7541	حَصَبَ	حصب	ضمة	1	1
7542	حَصَبَ	حصب	كسرة	1	1
7543	حَصِبَ	حصب	فتحة	1	0
7544	حَصَدَ	حصد	ضمة	1	1
7545	حَصَدَ	حصد	كسرة	1	1
7546	حَصِدَ	حصد	فتحة	1	0
7547	حَصَرَ	حصر	ضمة	1	1
7548	حَصَرَ	حصر	كسرة	1	1
7549	حَصِرَ	حصر	فتحة	1	0
7550	حَصُرَ	حصر	ضمة	1	0
7551	حَصَّ	حصص	ضمة	1	1
7552	حَصَّ	حصص	فتحة	1	0
7553	حَصَّ	حصص	فتحة	1	0
7554	حَصَفَ	حصف	ضمة	1	1
7555	حَصِفَ	حصف	فتحة	1	0
7556	حَصُفَ	حصف	ضمة	1	0
7557	حَصِلَ	حصل	فتحة	1	0
7558	حَصَمَ	حصم	كسرة	1	1
7559	حَصَنَ	حصن	ضمة	1	1
7560	حَصُنَ	حصن	ضمة	1	0
7561	حَصُنَ	حصن	ضمة	1	0
7562	حَصَا	حصو	ضمة	1	1
7563	حَصَى	حصي	كسرة	1	1
7564	حَصِيَ	حصي	فتحة	1	1
7565	حَضَأَ	حضء	فتحة	1	1
7566	حَضَبَ	حضب	كسرة	1	1
7567	حَضِبَ	حضب	فتحة	1	0
7568	حَضَجَ	حضج	ضمة	1	1
7569	حَضَرَ	حضر	ضمة	1	1
7570	حَضَّ	حضض	ضمة	1	1
7571	حَضِلَ	حضل	فتحة	1	0
7572	حَضَنَ	حضن	ضمة	1	1
7573	حَضُنَ	حضن	ضمة	1	0
7574	حَضَا	حضو	ضمة	1	1
7575	حَطَأَ	حطء	فتحة	1	1
7576	حَطَبَ	حطب	كسرة	1	1
7577	حَطِبَ	حطب	فتحة	1	0
7578	حَطَرَ	حطر	ضمة	1	1
7579	حَطَّ	حطط	ضمة	1	1
7580	حَطَمَ	حطم	كسرة	1	1
7581	حَطِمَ	حطم	فتحة	1	0
7582	حَطَا	حطو	ضمة	1	1
7583	حَظَبَ	حظب	ضمة	1	0
7584	حَظَبَ	حظب	كسرة	1	0
7585	حَظِبَ	حظب	فتحة	1	0
7586	حَظَرَ	حظر	ضمة	1	1
7587	حَظَّ	حظظ	فتحة	1	0
7588	حَظَلَ	حظل	ضمة	1	1
7589	حَظَلَ	حظل	كسرة	1	1
7590	حَظِلَ	حظل	فتحة	1	0
7591	حَظَا	حظو	ضمة	1	0
7592	حَظِيَ	حظو	فتحة	1	0
7593	حَفَأَ	حفء	فتحة	1	1
7594	حَفَتَ	حفت	ضمة	1	1
7595	حَفَدَ	حفد	كسرة	1	1
7596	حَفَرَ	حفر	كسرة	1	1
7597	حَفِرَ	حفر	فتحة	1	0
7598	حَفَزَ	حفز	كسرة	1	1
7599	حَفَسَ	حفس	كسرة	1	0
7600	حَفَشَ	حفش	كسرة	1	1
7601	حَفِشَ	حفش	فتحة	1	0
7602	حَفَصَ	حفص	كسرة	1	1
7603	حَفَضَ	حفض	ضمة	1	1
7604	حَفِظَ	حفظ	فتحة	1	1
7605	حَفَّ	حفف	ضمة	1	1
7606	حَفَّ	حفف	كسرة	1	1
7607	حَفَنَ	حفن	ضمة	1	1
7608	حَفِنَ	حفن	فتحة	1	0
7609	حَفَا	حفو	ضمة	1	1
7610	حَفِيَ	حفو	فتحة	1	0
7611	حَقِبَ	حقب	فتحة	1	0
7612	حَقَدَ	حقد	كسرة	1	0
7613	حَقِدَ	حقد	فتحة	1	0
7614	حَقَرَ	حقر	كسرة	1	1
7615	حَقِرَ	حقر	فتحة	1	0
7616	حَقُرَ	حقر	ضمة	1	0
7617	حَقَصَ	حقص	ضمة	1	0
7618	حَقِطَ	حقط	فتحة	1	0
7619	حَقَفَ	حقف	ضمة	1	0
7620	حَقَلَ	حقل	كسرة	1	0
7621	حَقِلَ	حقل	فتحة	1	0
7622	حَقَنَ	حقن	ضمة	1	1
7623	حَقَنَ	حقن	كسرة	1	1
7624	حَقَا	حقو	ضمة	1	1
7625	حَقِيَ	حقو	فتحة	1	0
7626	حَكَأَ	حكء	فتحة	1	1
7627	حَكَدَ	حكد	كسرة	1	0
7628	حَكَرَ	حكر	كسرة	1	1
7629	حَكِرَ	حكر	فتحة	1	1
7630	حَكَشَ	حكش	ضمة	1	1
7631	حَكَّ	حكك	ضمة	1	1
7632	حَكَلَ	حكل	ضمة	1	1
7633	حَكَمَ	حكم	ضمة	1	1
7634	حَكُمَ	حكم	ضمة	1	0
7635	حَكَى	حكي	كسرة	1	1
7636	حَلَأَ	حلء	فتحة	1	1
7637	حَلِئَ	حلء	فتحة	1	0
7638	حَلَبَ	حلب	ضمة	1	1
7639	حَلَبَ	حلب	كسرة	1	1
7640	حَلِبَ	حلب	فتحة	1	0
7641	حَلَتَ	حلت	كسرة	1	1
7642	حَلَجَ	حلج	ضمة	1	1
7643	حَلَجَ	حلج	ضمة	1	1
7644	حَلَجَ	حلج	كسرة	1	1
7645	حَلَجَ	حلج	كسرة	1	1
7646	حَلَزَ	حلز	ضمة	1	1
7647	حَلَسَ	حلس	ضمة	1	1
7648	حَلَسَ	حلس	كسرة	1	1
7649	حَلِسَ	حلس	فتحة	1	0
7650	حَلَطَ	حلط	ضمة	1	0
7651	حَلِطَ	حلط	فتحة	1	0
7652	حَلُفَ	حلف	ضمة	1	0
7653	حَلَقَ	حلق	ضمة	1	1
7654	حَلَقَ	حلق	ضمة	1	1
7655	حَلَقَ	حلق	كسرة	1	1
7656	حَلَقَ	حلق	كسرة	1	1
7657	حَلِقَ	حلق	فتحة	1	0
7658	حَلَكَ	حلك	ضمة	1	0
7659	حَلِكَ	حلك	فتحة	1	0
7660	حَلَّ	حلل	ضمة	1	1
7661	حَلَّ	حلل	ضمة	1	1
7662	حَلَّ	حلل	كسرة	1	1
7663	حَلَّ	حلل	كسرة	1	1
7664	حَلَّ	حلل	فتحة	1	0
7665	حَلَّ	حلل	فتحة	1	0
7666	حَلَمَ	حلم	ضمة	1	1
7667	حَلِمَ	حلم	فتحة	1	0
7668	حَلُمَ	حلم	ضمة	1	0
7669	حَلُوَ	حلو	ضمة	1	0
7670	حَلَى	حلي	كسرة	1	1
7671	حَلِيَ	حلي	فتحة	1	0
7672	حَلِيَ	حلي	فتحة	1	0
7673	حَلِيَ	حلي	فتحة	1	0
7674	حَمَأَ	حمء	فتحة	1	1
7675	حَمِئَ	حمء	فتحة	1	0
7676	حَمَتَ	حمت	كسرة	1	1
7677	حَمِتَ	حمت	فتحة	1	0
7678	حَمُتَ	حمت	ضمة	1	0
7679	حَمِدَ	حمد	فتحة	1	1
7680	حَمَرَ	حمر	ضمة	1	1
7681	حَمِرَ	حمر	فتحة	1	0
7682	حَمَزَ	حمز	كسرة	1	1
7683	حَمُزَ	حمز	ضمة	1	0
7684	حَمَسَ	حمس	كسرة	1	1
7685	حَمُسَ	حمس	ضمة	1	0
7686	حَمَشَ	حمش	ضمة	1	1
7687	حَمَشَ	حمش	كسرة	1	0
7688	حَمِشَ	حمش	فتحة	1	0
7689	حَمُشَ	حمش	ضمة	1	0
7690	حَمَصَ	حمص	ضمة	1	1
7691	حَمَضَ	حمض	ضمة	1	0
7692	حَمِضَ	حمض	فتحة	1	0
7693	حَمُضَ	حمض	ضمة	1	0
7694	حَمَطَ	حمط	كسرة	1	1
7695	حَمِقَ	حمق	فتحة	1	0
7696	حَمُقَ	حمق	ضمة	1	0
7697	حَمَكَ	حمك	كسرة	1	0
7698	حَمِكَ	حمك	فتحة	1	0
7699	حَمَلَ	حمل	كسرة	1	1
7700	حَمَّ	حمم	ضمة	1	1
7701	حَمَّ	حمم	فتحة	1	0
7702	حَمَا	حمو	ضمة	1	1
7703	حَمَى	حمي	كسرة	1	1
7704	حَمَى	حمي	كسرة	1	1
7705	حَمَى	حمي	كسرة	1	1
7706	حَمِيَ	حمي	فتحة	1	0
7707	حَنَأَ	حنء	فتحة	1	1
7708	حَنِبَ	حنب	فتحة	1	0
7709	حَنِثَ	حنث	فتحة	1	0
7710	حَنَجَ	حنج	كسرة	1	1
7711	حَنَذَ	حنذ	كسرة	1	1
7712	حَنَرَ	حنر	ضمة	1	1
7713	حَنِسَ	حنس	فتحة	1	0
7714	حَنَشَ	حنش	كسرة	1	1
7715	حَنَطَ	حنط	ضمة	1	0
7716	حَنَطَ	حنط	ضمة	1	0
7717	حَنَطَ	حنط	كسرة	1	0
7718	حَنَطَ	حنط	كسرة	1	0
7719	حَنِطَ	حنط	فتحة	1	0
7720	حَنِفَ	حنف	فتحة	1	0
7721	حَنُفَ	حنف	ضمة	1	0
7722	حَنِقَ	حنق	فتحة	1	0
7723	حَنَكَ	حنك	ضمة	1	1
7724	حَنَكَ	حنك	ضمة	1	1
7725	حَنَكَ	حنك	كسرة	1	1
7726	حَنَكَ	حنك	كسرة	1	1
7727	حَنَّ	حنن	ضمة	1	1
7728	حَنَّ	حنن	كسرة	1	1
7729	حَنَا	حنو	ضمة	1	1
7730	حَنَى	حني	كسرة	1	1
7731	حَابَ	حوب	ضمة	1	0
7732	حَاتَ	حوت	ضمة	1	0
7733	حَاجَ	حوج	ضمة	1	0
7734	حَادَ	حود	ضمة	1	0
7735	حَاذَ	حوذ	ضمة	1	1
7736	حَارَ	حور	ضمة	1	1
7737	حَوِرَ	حور	فتحة	1	0
7738	حَازَ	حوز	ضمة	1	1
7739	حَاسَ	حوس	ضمة	1	1
7740	حَوِسَ	حوس	فتحة	1	0
7741	حَاشَ	حوش	ضمة	1	1
7742	حَاصَ	حوص	ضمة	1	1
7743	حَوِصَ	حوص	فتحة	1	0
7744	حَاضَ	حوض	ضمة	1	1
7745	حَاطَ	حوط	ضمة	1	1
7746	حَافَ	حوف	ضمة	1	1
7747	حَاقَ	حوق	ضمة	1	1
7748	حَاكَ	حوك	ضمة	1	1
7749	حَالَ	حول	ضمة	1	0
7750	حَوِلَ	حول	فتحة	1	0
7751	حَامَ	حوم	ضمة	1	0
7752	حَوَى	حوي	كسرة	1	1
7753	حَادَ	حيد	كسرة	1	0
7754	حَيِرَ	حير	فتحة	1	0
7755	حَازَ	حيز	كسرة	1	1
7756	حَاسَ	حيس	كسرة	1	1
7757	حَاصَ	حيص	كسرة	1	0
7758	حَاضَ	حيض	كسرة	1	0
7759	حَافَ	حيف	كسرة	1	0
7760	حَيِفَ	حيف	فتحة	1	0
7761	حَاقَ	حيق	كسرة	1	1
7762	حَاكَ	حيك	كسرة	1	1
7763	حَالَ	حيل	كسرة	1	0
7764	حَانَ	حين	كسرة	1	0
7765	شَأَزَ	شءز	فتحة	1	1
7766	شَئِزَ	شءز	فتحة	1	0
7767	شَئِسَ	شءس	فتحة	1	0
7768	شَئِفَ	شءف	فتحة	1	1
7769	شَأَمَ	شءم	فتحة	1	1
7770	شَؤُمَ	شءم	ضمة	1	0
7771	شَأَنَ	شءن	فتحة	1	1
7772	شَآ	شءو	ضمة	1	1
7773	شَبَّ	شبب	ضمة	1	1
7774	شَبَّ	شبب	كسرة	1	0
7775	شَبَّ	شبب	كسرة	1	0
7776	شَبِثَ	شبث	فتحة	1	1
7777	شَبَحَ	شبح	فتحة	1	1
7778	شَبُحَ	شبح	ضمة	1	0
7779	شَبَرَ	شبر	ضمة	1	1
7780	شَبَرَ	شبر	كسرة	1	1
7781	شَبِرَ	شبر	فتحة	1	0
7782	شَبُعَ	شبع	ضمة	1	0
7783	شَبِقَ	شبق	فتحة	1	0
7784	شَبَكَ	شبك	كسرة	1	1
7785	شَبَلَ	شبل	ضمة	1	0
7786	شَبَمَ	شبم	ضمة	1	1
7787	شَبِمَ	شبم	فتحة	1	0
7788	شَبَنَ	شبن	ضمة	1	0
7789	شَبَا	شبو	ضمة	1	1
7790	شَتَّ	شتت	كسرة	1	1
7791	شَتَرَ	شتر	كسرة	1	1
7792	شَتِرَ	شتر	فتحة	1	0
7793	شَتِعَ	شتع	فتحة	1	0
7794	شَتَغَ	شتغ	فتحة	1	1
7795	شَتَلَ	شتل	كسرة	1	1
7796	شَتَمَ	شتم	ضمة	1	1
7797	شَتَمَ	شتم	كسرة	1	1
7798	شَتُمَ	شتم	ضمة	1	0
7799	شَتَنَ	شتن	ضمة	1	1
7800	شَتَا	شتو	ضمة	1	0
7801	شَثِرَ	شثر	فتحة	1	0
7802	شَثِلَ	شثل	فتحة	1	0
7803	شَثُلَ	شثل	ضمة	1	0
7804	شَثِنَ	شثن	فتحة	1	0
7805	شَثُنَ	شثن	ضمة	1	0
7806	شَجَبَ	شجب	ضمة	1	1
7807	شَجِبَ	شجب	فتحة	1	0
7808	شَجَّ	شجج	ضمة	1	1
7809	شَجَرَ	شجر	ضمة	1	1
7810	شَجِرَ	شجر	فتحة	1	0
7811	شَجُعَ	شجع	ضمة	1	0
7812	شَجَنَ	شجن	ضمة	1	1
7813	شَجِنَ	شجن	فتحة	1	0
7814	شَجُنَ	شجن	ضمة	1	0
7815	شَجَا	شجو	ضمة	1	1
7816	شَجِيَ	شجو	فتحة	1	0
7817	شَحَبَ	شحب	ضمة	1	0
7818	شَحُبَ	شحب	ضمة	1	0
7819	شَحَجَ	شحج	كسرة	1	0
7820	شَحَجَ	شحج	فتحة	1	0
7821	شَحَّ	شحح	ضمة	1	0
7822	شَحَّ	شحح	كسرة	1	0
7823	شَحَّ	شحح	فتحة	1	0
7824	شَحَذَ	شحذ	فتحة	1	1
7825	شَحَرَ	شحر	فتحة	1	0
7826	شَحَطَ	شحط	فتحة	1	1
7827	شَحِطَ	شحط	فتحة	1	1
7828	شَحَفَ	شحف	فتحة	1	1
7829	شَحَكَ	شحك	فتحة	1	1
7830	شَحَمَ	شحم	فتحة	1	1
7831	شَحِمَ	شحم	فتحة	1	0
7832	شَحُمَ	شحم	ضمة	1	0
7833	شَحَنَ	شحن	فتحة	1	1
7834	شَحِنَ	شحن	فتحة	1	0
7835	شَحَا	شحو	ضمة	1	1
7836	شَحَى	شحي	فتحة	1	1
7837	شَخَبَ	شخب	ضمة	1	1
7838	شَخَبَ	شخب	فتحة	1	1
7839	شَخُتَ	شخت	ضمة	1	0
7840	شَخَّ	شخخ	ضمة	1	0
7841	شَخَزَ	شخز	فتحة	1	1
7842	شَخَسَ	شخس	فتحة	1	0
7843	شَخُصَ	شخص	ضمة	1	0
7844	شَخَلَ	شخل	فتحة	1	1
7845	شَخَمَ	شخم	ضمة	1	0
7846	شَخِمَ	شخم	فتحة	1	0
7847	شَدَحَ	شدح	فتحة	1	0
7848	شَدَخَ	شدخ	فتحة	1	1
7849	خَبَأَ	خبء	فتحة	1	1
7850	شَدَّ	شدد	ضمة	1	1
7851	شَدَّ	شدد	كسرة	1	1
7852	شَدَفَ	شدف	كسرة	1	1
7853	شَدِفَ	شدف	فتحة	1	0
7854	شَدِقَ	شدق	فتحة	1	0
7855	شَدَنَ	شدن	ضمة	1	0
7856	شَدَهَ	شده	فتحة	1	1
7857	شَدَا	شدو	ضمة	1	1
7858	شَذَبَ	شذب	ضمة	1	1
7859	شَذَبَ	شذب	كسرة	1	1
7860	شَذَّ	شذذ	كسرة	1	0
7861	شَذَا	شذو	ضمة	1	1
7862	شَرَبَ	شرب	ضمة	1	1
7863	شَرِبَ	شرب	فتحة	1	1
7864	شَرِثَ	شرث	فتحة	1	0
7865	شَرَجَ	شرج	ضمة	1	1
7866	شَرِجَ	شرج	فتحة	1	0
7867	شَرَحَ	شرح	فتحة	1	1
7868	شَرَخَ	شرخ	ضمة	1	0
7869	شَرَدَ	شرد	ضمة	1	0
7870	شَرَّ	شرر	ضمة	1	1
7871	شَرَّ	شرر	كسرة	1	0
7872	شَرَّ	شرر	فتحة	1	0
7873	شَرَّ	شرر	ضمة	1	0
7874	شَرَزَ	شرز	كسرة	1	1
7875	شَرَسَ	شرس	ضمة	1	1
7876	شَرِسَ	شرس	فتحة	1	0
7877	شَرُسَ	شرس	ضمة	1	0
7878	شَرَطَ	شرط	ضمة	1	1
7879	شَرَطَ	شرط	كسرة	1	1
7880	شَرِطَ	شرط	فتحة	1	0
7881	شَرَعَ	شرع	فتحة	1	1
7882	شَرَعَ	شرع	فتحة	1	1
7883	شَرِفَ	شرف	فتحة	1	0
7884	شَرُفَ	شرف	ضمة	1	0
7885	شَرِقَ	شرق	فتحة	1	0
7886	شَرِكَ	شرك	فتحة	1	1
7887	شَرَمَ	شرم	كسرة	1	1
7888	شَرِمَ	شرم	فتحة	1	0
7889	شَرِنَ	شرن	فتحة	1	0
7890	شَرِهَ	شره	فتحة	1	0
7891	خَبِئَ	خبء	فتحة	1	1
7892	شَرَى	شري	كسرة	1	1
7893	شَرِيَ	شري	فتحة	1	0
7894	شَزَبَ	شزب	ضمة	1	0
7895	شَزُبَ	شزب	ضمة	1	0
7896	شَزَرَ	شزر	ضمة	1	1
7897	شَزَرَ	شزر	كسرة	1	1
7898	شَزَّ	شزز	كسرة	1	0
7899	شَزِنَ	شزن	فتحة	1	0
7900	شَزُنَ	شزن	ضمة	1	0
7901	شَزَا	شزو	ضمة	1	0
7902	شَسِبَ	شسب	فتحة	1	0
7903	شَسُبَ	شسب	ضمة	1	0
7904	شَسَّ	شسس	كسرة	1	0
7905	شَسَعَ	شسع	فتحة	1	1
7906	شَسِعَ	شسع	فتحة	1	0
7907	شَسَفَ	شسف	ضمة	1	1
7908	شَسُفَ	شسف	ضمة	1	0
7909	شَصَبَ	شصب	ضمة	1	1
7910	شَصِبَ	شصب	فتحة	1	0
7911	شَصَرَ	شصر	ضمة	1	1
7912	شَصَرَ	شصر	كسرة	1	1
7913	شَصَّ	شصص	كسرة	1	1
7914	شَصَّ	شصص	فتحة	1	0
7915	شَصَا	شصو	ضمة	1	0
7916	شَصِيَ	شصي	فتحة	1	0
7917	شَطَأَ	شطء	فتحة	1	1
7918	شَطَبَ	شطب	ضمة	1	1
7919	شَطَحَ	شطح	فتحة	1	0
7920	شَطَرَ	شطر	ضمة	1	1
7921	شَطَرَ	شطر	كسرة	1	0
7922	شَطَسَ	شطس	ضمة	1	0
7923	شَطَّ	شطط	ضمة	1	1
7924	شَطَّ	شطط	كسرة	1	1
7925	شَطِعَ	شطع	فتحة	1	0
7926	شَطَفَ	شطف	ضمة	1	1
7927	شَطَمَ	شطم	ضمة	1	1
7928	شَطَنَ	شطن	ضمة	1	1
7929	شَطِيَ	شطي	فتحة	1	0
7930	شَظَّ	شظظ	ضمة	1	1
7931	شَظَفَ	شظف	ضمة	1	1
7932	شَظِفَ	شظف	فتحة	1	0
7933	شَظُفَ	شظف	ضمة	1	0
7934	شَظَى	شظي	كسرة	1	0
7935	شَظِيَ	شظي	فتحة	1	0
7936	شَعَبَ	شعب	فتحة	1	1
7937	شَعِبَ	شعب	فتحة	1	0
7938	شَعَرَ	شعر	ضمة	1	1
7939	شَعَرَ	شعر	ضمة	1	1
7940	شَعِرَ	شعر	فتحة	1	0
7941	شَعُرَ	شعر	ضمة	1	0
7942	شَعَّ	شعع	ضمة	1	1
7943	شَعَفَ	شعف	فتحة	1	1
7944	شَعِفَ	شعف	فتحة	1	0
7945	شَعَلَ	شعل	فتحة	1	1
7946	شَعِلَ	شعل	فتحة	1	0
7947	شَعِنَ	شعن	فتحة	1	0
7948	شَعَا	شعو	ضمة	1	0
7949	شَعِيَ	شعو	فتحة	1	0
7950	شَغَبَ	شغب	فتحة	1	1
7951	شَغَرَ	شغر	ضمة	1	1
7952	شَغَرَ	شغر	فتحة	1	1
7953	شَغَزَ	شغز	فتحة	1	0
7954	شَغَّ	شغغ	ضمة	1	0
7955	شَغَفَ	شغف	فتحة	1	1
7956	شَغِفَ	شغف	فتحة	1	0
7957	شَغَلَ	شغل	فتحة	1	1
7958	شَغَا	شغو	ضمة	1	0
7959	شَغِيَ	شغو	فتحة	1	0
7960	شَفَرَ	شفر	ضمة	1	1
7961	شَفِرَ	شفر	فتحة	1	0
7962	شَفَزَ	شفز	كسرة	1	1
7963	شَفَعَ	شفع	فتحة	1	1
7964	شَفَّ	شفف	ضمة	1	1
7965	شَفَّ	شفف	كسرة	1	0
7966	شَفِقَ	شفق	فتحة	1	0
7967	شَفَنَ	شفن	كسرة	1	1
7968	شَفِنَ	شفن	فتحة	1	1
7969	شَفَهَ	شفه	فتحة	1	1
7970	شَفَا	شفو	ضمة	1	0
7971	شَفَى	شفي	كسرة	1	1
7972	شَقَأَ	شقء	فتحة	1	1
7973	شَقَحَ	شقح	فتحة	1	1
7974	شَقِحَ	شقح	فتحة	1	0
7975	شَقُحَ	شقح	ضمة	1	0
7976	خَبَّ	خبب	فتحة	1	0
7977	خَبَّ	خبب	فتحة	1	0
7978	خَبَّ	خبب	فتحة	1	0
7979	شَقَذَ	شقذ	كسرة	1	0
7980	شَقِذَ	شقذ	فتحة	1	0
7981	شَقِرَ	شقر	فتحة	1	0
7982	شَقُرَ	شقر	ضمة	1	0
7983	شَقَعَ	شقع	فتحة	1	1
7984	شَقَّ	شقق	ضمة	1	1
7985	شَقَّ	شقق	فتحة	1	0
7986	شَقَلَ	شقل	ضمة	1	1
7987	شَقَنَ	شقن	ضمة	1	1
7988	شَقُنَ	شقن	ضمة	1	0
7989	شَقَا	شقو	ضمة	1	1
7990	شَكَأَ	شكء	فتحة	1	0
7991	شَكِئَ	شكء	فتحة	1	0
7992	شَكَدَ	شكد	ضمة	1	1
7993	شَكَدَ	شكد	كسرة	1	1
7994	شَكَرَ	شكر	ضمة	1	1
7995	شَكِرَ	شكر	فتحة	1	0
7996	شَكَزَ	شكز	ضمة	1	1
7997	شَكِسَ	شكس	فتحة	1	0
7998	شَكُسَ	شكس	ضمة	1	0
7999	شَكَعَ	شكع	فتحة	1	1
8000	شَكِعَ	شكع	فتحة	1	0
8001	شَكَّ	شكك	ضمة	1	1
8002	شَكَلَ	شكل	ضمة	1	1
8003	شَكِلَ	شكل	فتحة	1	0
8004	شَكَمَ	شكم	ضمة	1	1
8005	شَكِمَ	شكم	فتحة	1	0
8006	شَكَا	شكو	ضمة	1	1
8007	شَلَخَ	شلخ	فتحة	1	1
8008	شَلَغَ	شلغ	فتحة	1	1
8009	شَلَقَ	شلق	ضمة	1	1
8010	شَلَّ	شلل	ضمة	1	1
8011	شَلَّ	شلل	فتحة	1	0
8012	شَلَا	شلو	ضمة	1	1
8013	شَمِتَ	شمت	فتحة	1	0
8014	شَمَجَ	شمج	ضمة	1	1
8015	شَمَذَ	شمذ	كسرة	1	1
8016	شَمَرَ	شمر	ضمة	1	1
8017	شَمَرَ	شمر	كسرة	1	1
8018	شَمَزَ	شمز	ضمة	1	0
8019	شَمَسَ	شمس	ضمة	1	0
8020	خَبَتَ	خبت	ضمة	1	0
8021	شَمَسَ	شمس	كسرة	1	0
8022	شَمِسَ	شمس	فتحة	1	0
8023	شَمَصَ	شمص	ضمة	1	1
8024	شَمَطَ	شمط	كسرة	1	1
8025	شَمِطَ	شمط	فتحة	1	0
8026	شَمَظَ	شمظ	كسرة	1	1
8027	شَمَعَ	شمع	فتحة	1	0
8028	شَمِقَ	شمق	فتحة	1	0
8029	شَمَلَ	شمل	ضمة	1	1
8030	شَمَلَ	شمل	كسرة	1	1
8031	شَمِلَ	شمل	فتحة	1	1
8032	شَمَّ	شمم	ضمة	1	1
8033	شَمَّ	شمم	فتحة	1	1
8034	شَنَأَ	شنء	فتحة	1	1
8035	شَنِئَ	شنء	فتحة	1	1
8036	شَنِبَ	شنب	فتحة	1	0
8037	شَنِثَ	شنث	فتحة	1	0
8038	شَنِجَ	شنج	فتحة	1	0
8039	شَنَصَ	شنص	ضمة	1	0
8040	شَنِصَ	شنص	فتحة	1	0
8041	شَنَعَ	شنع	فتحة	1	1
8042	شَنِعَ	شنع	فتحة	1	0
8043	شَنُعَ	شنع	ضمة	1	0
8044	شَنَفَ	شنف	ضمة	1	0
8045	شَنَفَ	شنف	كسرة	1	0
8046	شَنِفَ	شنف	فتحة	1	1
8047	شَنَقَ	شنق	ضمة	1	1
8048	شَنَقَ	شنق	كسرة	1	1
8049	شَنِقَ	شنق	فتحة	1	1
8050	شَنَمَ	شنم	ضمة	1	1
8051	شَنَّ	شنن	ضمة	1	1
8052	شَنَّ	شنن	كسرة	1	0
8053	شَنَّ	شنن	كسرة	1	0
8054	شَهَبَ	شهب	فتحة	1	1
8055	شَهِبَ	شهب	فتحة	1	0
8056	شَهُبَ	شهب	ضمة	1	0
8057	شَهِدَ	شهد	فتحة	1	1
8058	شَهَرَ	شهر	فتحة	1	1
8059	شَهَقَ	شهق	كسرة	1	0
8060	شَهَقَ	شهق	فتحة	1	0
8061	شَهِقَ	شهق	فتحة	1	0
8062	شَهِلَ	شهل	فتحة	1	0
8063	شَهَمَ	شهم	ضمة	1	1
8064	خَبَثَ	خبث	ضمة	1	0
8065	شَهَمَ	شهم	فتحة	1	1
8066	شَهُمَ	شهم	ضمة	1	0
8067	شَهَا	شهو	ضمة	1	1
8068	شَهُوَ	شهو	ضمة	1	0
8069	شَابَ	شوب	ضمة	1	1
8070	شَارَ	شور	ضمة	1	1
8071	شَاسَ	شوس	ضمة	1	1
8072	شَاصَ	شوص	ضمة	1	1
8073	شَوِصَ	شوص	فتحة	1	1
8074	شَاطَ	شوط	ضمة	1	0
8075	شَاظَ	شوظ	ضمة	1	0
8076	شَاعَ	شوع	ضمة	1	0
8077	شَوِعَ	شوع	فتحة	1	0
8078	شَافَ	شوف	ضمة	1	1
8079	شَاقَ	شوق	ضمة	1	1
8080	شَاكَ	شوك	ضمة	1	1
8081	شَاكَ	شوك	ضمة	1	1
8082	شَوِكَ	شوك	فتحة	1	1
8083	شَالَ	شول	ضمة	1	1
8084	شَوِهَ	شوه	فتحة	1	0
8085	شَوَى	شوي	كسرة	1	1
8086	شَاءََ	شيء	فتحة	1	1
8087	شَابَ	شيب	كسرة	1	0
8088	شَاحَ	شيح	كسرة	1	0
8089	شَاخَ	شيخ	كسرة	1	0
8090	شَادَ	شيد	كسرة	1	1
8091	شَاعَ	شيع	كسرة	1	1
8092	شَالَ	شيل	كسرة	1	1
8093	شَامَ	شيم	كسرة	1	1
8094	شَيِمَ	شيم	فتحة	1	0
8095	شَانَ	شين	كسرة	1	1
8096	صَئِبَ	صءب	فتحة	1	0
8097	صَئِكَ	صءك	فتحة	1	0
8098	خَبُثَ	خبث	ضمة	1	0
8099	صَؤُلَ	صءل	ضمة	1	0
8100	صَأَمَ	صءم	فتحة	1	1
8101	صَئِمَ	صءم	فتحة	1	0
8102	صَأَى	صءي	فتحة	1	0
8103	صَبُؤَ	صبء	ضمة	1	0
8104	صَبَّ	صبب	ضمة	1	1
8105	صَبَّ	صبب	كسرة	1	0
8106	صَبَّ	صبب	كسرة	1	0
8107	صَبَّ	صبب	فتحة	1	0
8108	صَبَّ	صبب	فتحة	1	0
8109	صَبَحَ	صبح	فتحة	1	1
8110	صَبِحَ	صبح	فتحة	1	0
8111	صَبُحَ	صبح	ضمة	1	0
8112	صَبَرَ	صبر	ضمة	1	1
8113	صَبَرَ	صبر	كسرة	1	1
8114	صَبَعَ	صبع	فتحة	1	1
8115	صَبَغَ	صبغ	ضمة	1	1
8116	صَبَغَ	صبغ	كسرة	1	1
8117	صَبَغَ	صبغ	فتحة	1	1
8118	صَبَنَ	صبن	كسرة	1	1
8119	صَبَا	صبو	ضمة	1	0
8120	صَتَأَ	صتء	فتحة	1	1
8121	صَتَّ	صتت	ضمة	1	1
8122	صَتَعَ	صتع	فتحة	1	1
8123	صَتَهَ	صته	فتحة	1	1
8124	صَتَا	صتو	ضمة	1	0
8125	صَجَّ	صجج	ضمة	1	0
8126	صَحَبَ	صحب	فتحة	1	1
8127	صَحِبَ	صحب	فتحة	1	1
8128	صَحَّ	صحح	كسرة	1	0
8129	صَحَرَ	صحر	فتحة	1	1
8130	صَحِرَ	صحر	فتحة	1	0
8131	صَحِلَ	صحل	فتحة	1	0
8132	صَحَنَ	صحن	فتحة	1	1
8133	صَحَا	صحو	ضمة	1	0
8134	صَحِيَ	صحو	فتحة	1	0
8135	صَخِبَ	صخب	فتحة	1	0
8136	صَخَّ	صخخ	ضمة	1	1
8137	صَخَدَ	صخد	فتحة	1	1
8138	صَخِدَ	صخد	فتحة	1	0
8139	صَخِرَ	صخر	فتحة	1	0
8140	خَبَجَ	خبج	ضمة	1	1
8141	صَخَفَ	صخف	فتحة	1	1
8142	صَخِيَ	صخو	فتحة	1	0
8143	صَدَأَ	صدء	فتحة	1	1
8144	صَدِئَ	صدء	فتحة	1	0
8145	صَدَحَ	صدح	فتحة	1	0
8146	صَدَّ	صدد	ضمة	1	1
8147	صَدَرَ	صدر	ضمة	1	1
8148	صَدَرَ	صدر	ضمة	1	1
8149	صَدَرَ	صدر	كسرة	1	1
8150	صَدَرَ	صدر	كسرة	1	1
8151	صَدَعَ	صدع	فتحة	1	1
8152	صَدَغَ	صدغ	ضمة	1	0
8153	صَدَغَ	صدغ	فتحة	1	1
8154	صَدُغَ	صدغ	ضمة	1	0
8155	صَدَفَ	صدف	كسرة	1	1
8156	صَدِفَ	صدف	فتحة	1	0
8157	صَدَقَ	صدق	ضمة	1	1
8158	صَدَمَ	صدم	كسرة	1	1
8159	صَدِيَ	صدي	فتحة	1	0
8160	صَرَبَ	صرب	ضمة	1	1
8161	صَرَبَ	صرب	كسرة	1	1
8162	صَرِبَ	صرب	فتحة	1	0
8163	صَرَحَ	صرح	فتحة	1	1
8164	صَرُحَ	صرح	ضمة	1	0
8165	صَرَدَ	صرد	ضمة	1	1
8166	صَرِدَ	صرد	فتحة	1	0
8167	صَرَّ	صرر	ضمة	1	1
8168	صَرَّ	صرر	كسرة	1	0
8169	صَرَعَ	صرع	فتحة	1	1
8170	صَرَفَ	صرف	كسرة	1	1
8171	صَرَمَ	صرم	كسرة	1	1
8172	صَرُمَ	صرم	ضمة	1	0
8173	صَرَا	صرو	ضمة	1	0
8174	صَرَى	صري	كسرة	1	1
8175	صَرِيَ	صري	فتحة	1	0
8176	صَعُبَ	صعب	ضمة	1	0
8177	صَعِدَ	صعد	فتحة	1	1
8178	صَعِرَ	صعر	فتحة	1	0
8179	صَعَقَ	صعق	فتحة	1	1
8180	صَعِقَ	صعق	فتحة	1	0
8181	صَعِلَ	صعل	فتحة	1	0
8182	صَعَا	صعو	فتحة	1	0
8183	خَبَرَ	خبر	ضمة	1	1
8184	خَبَرَ	خبر	ضمة	1	1
8185	صَغَرَ	صغر	ضمة	1	1
8186	صَغِرَ	صغر	فتحة	1	0
8187	صَغُرَ	صغر	ضمة	1	0
8188	صَغُرَ	صغر	ضمة	1	0
8189	صَغَّ	صغغ	ضمة	1	0
8190	صَغِيَ	صغو	فتحة	1	0
8191	صَفَحَ	صفح	فتحة	1	1
8192	صَفِحَ	صفح	فتحة	1	1
8193	صَفَدَ	صفد	كسرة	1	1
8194	صَفَرَ	صفر	كسرة	1	0
8195	صَفِرَ	صفر	فتحة	1	0
8196	صَفُرَ	صفر	ضمة	1	0
8197	صَفَعَ	صفع	فتحة	1	1
8198	صَفَغَ	صفغ	فتحة	1	1
8199	صَفَّ	صفف	ضمة	1	1
8200	صَفَقَ	صفق	كسرة	1	1
8201	صَفُقَ	صفق	ضمة	1	0
8202	صَفَنَ	صفن	كسرة	1	1
8203	صَفَا	صفو	ضمة	1	1
8204	صَفُوَ	صفو	ضمة	1	0
8205	صَقَبَ	صقب	ضمة	1	1
8206	صَقِبَ	صقب	فتحة	1	0
8207	صَقَرَ	صقر	ضمة	1	1
8208	صَقَعَ	صقع	فتحة	1	1
8209	صَقِعَ	صقع	فتحة	1	0
8210	صَقَّ	صقق	كسرة	1	0
8211	صَقَلَ	صقل	ضمة	1	1
8212	صَقِلَ	صقل	فتحة	1	0
8213	صَكَّ	صكك	ضمة	1	1
8214	صَكَمَ	صكم	ضمة	1	1
8215	صَكَا	صكو	ضمة	1	1
8216	صَلَبَ	صلب	ضمة	1	1
8217	صَلَبَ	صلب	كسرة	1	1
8218	صَلُبَ	صلب	ضمة	1	0
8219	صَلَتَ	صلت	ضمة	1	1
8220	صَلَتَ	صلت	كسرة	1	0
8221	صَلُتَ	صلت	ضمة	1	0
8222	صَلَجَ	صلج	ضمة	1	1
8223	صَلِجَ	صلج	فتحة	1	0
8224	صَلَحَ	صلح	ضمة	1	0
8225	صَلَحَ	صلح	فتحة	1	0
8226	صَلُحَ	صلح	ضمة	1	0
8227	خَبِرَ	خبر	فتحة	1	1
8228	صَلِخَ	صلخ	فتحة	1	0
8229	صَلُدَ	صلد	ضمة	1	0
8230	صَلِعَ	صلع	فتحة	1	0
8231	صَلَفَ	صلف	كسرة	1	1
8232	صَلِفَ	صلف	فتحة	1	0
8233	صَلَقَ	صلق	ضمة	1	1
8234	صَلَقَ	صلق	كسرة	1	1
8235	صَلَّ	صلل	ضمة	1	1
8236	صَلَّ	صلل	كسرة	1	1
8237	صَلَمَ	صلم	كسرة	1	1
8238	صَلَا	صلو	ضمة	1	1
8239	صَلَى	صلي	كسرة	1	1
8240	صَلِيَ	صلي	فتحة	1	1
8241	صَمَأَ	صمء	فتحة	1	1
8242	صَمَتَ	صمت	ضمة	1	0
8243	صَمَحَ	صمح	كسرة	1	1
8244	صَمَحَ	صمح	فتحة	1	1
8245	صَمَخَ	صمخ	ضمة	1	1
8246	صَمَدَ	صمد	ضمة	1	1
8247	صَمَرَ	صمر	ضمة	1	1
8248	صَمَرَ	صمر	كسرة	1	0
8249	صَمِرَ	صمر	فتحة	1	0
8250	صَمَعَ	صمع	فتحة	1	1
8251	صَمِعَ	صمع	فتحة	1	0
8252	صَمَلَ	صمل	ضمة	1	1
8253	صَمَّ	صمم	ضمة	1	1
8254	صَمَّ	صمم	فتحة	1	0
8255	صَمَّ	صمم	فتحة	1	0
8256	صَمَى	صمي	كسرة	1	1
8257	صَنَجَ	صنج	ضمة	1	1
8258	صَنِخَ	صنخ	فتحة	1	0
8259	صَنَعَ	صنع	فتحة	1	1
8260	صَنِعَ	صنع	فتحة	1	0
8261	صَنِقَ	صنق	فتحة	1	0
8262	صَنِمَ	صنم	فتحة	1	0
8263	صَنَّ	صنن	كسرة	1	0
8264	صَهِبَ	صهب	فتحة	1	0
8265	صَهُبَ	صهب	ضمة	1	0
8266	خَبُرَ	خبر	ضمة	1	0
8267	صَهَدَ	صهد	فتحة	1	1
8268	صَهَرَ	صهر	فتحة	1	1
8269	صَهَلَ	صهل	كسرة	1	0
8270	صَهَلَ	صهل	فتحة	1	0
8271	صَهَا	صهو	فتحة	1	0
8272	صَهِيَ	صهو	فتحة	1	0
8273	صَهَى	صهي	فتحة	1	0
8274	صَابَ	صوب	ضمة	1	1
8275	صَاتَ	صوت	ضمة	1	0
8276	صَاخَ	صوخ	ضمة	1	0
8277	صَارَ	صور	ضمة	1	1
8278	صَوِرَ	صور	فتحة	1	0
8279	صَاعَ	صوع	ضمة	1	1
8280	صَاغَ	صوغ	ضمة	1	1
8281	صَوِفَ	صوف	فتحة	1	0
8282	صَاقَ	صوق	ضمة	1	1
8283	صَاكَ	صوك	ضمة	1	1
8284	صَالَ	صول	ضمة	1	0
8285	صَامَ	صوم	ضمة	1	1
8286	صَانَ	صون	ضمة	1	1
8287	صَوَى	صوي	كسرة	1	0
8288	صَوِيَ	صوي	فتحة	1	0
8289	صَاءَ	صيء	كسرة	1	0
8290	صَاحَ	صيح	كسرة	1	0
8291	صَادَ	صيد	كسرة	1	1
8292	صَيِدَ	صيد	فتحة	1	1
8293	صَارَ	صير	كسرة	1	1
8294	صَاصَ	صيص	كسرة	1	0
8295	صَاعَ	صيع	كسرة	1	1
8296	صَافَ	صيف	كسرة	1	1
8297	صَاقَ	صيق	كسرة	1	0
8298	صَاكَ	صيك	كسرة	1	0
8299	ضَأَدَ	ضءد	فتحة	1	1
8300	ضَأَزَ	ضءز	فتحة	1	1
8301	ضَئِطَ	ضءط	فتحة	1	0
8302	ضَؤُلَ	ضءل	ضمة	1	0
8303	ضَأَى	ضءي	فتحة	1	0
8304	ضَبَأَ	ضبء	فتحة	1	1
8305	ضَبَّ	ضبب	ضمة	1	1
8306	خَبَزَ	خبز	كسرة	1	1
8307	ضَبَّ	ضبب	كسرة	1	1
8308	ضَبَثَ	ضبث	كسرة	1	1
8309	ضَبَجَ	ضبج	ضمة	1	0
8310	ضَبَحَ	ضبح	فتحة	1	1
8311	ضَبَدَ	ضبد	ضمة	1	1
8312	ضَبَرَ	ضبر	كسرة	1	1
8313	ضَبَسَ	ضبس	ضمة	1	1
8314	ضَبِسَ	ضبس	فتحة	1	0
8315	ضَبَطَ	ضبط	ضمة	1	1
8316	ضَبَطَ	ضبط	كسرة	1	1
8317	ضَبِطَ	ضبط	فتحة	1	0
8318	ضَبَعَ	ضبع	فتحة	1	1
8319	ضَبِعَ	ضبع	فتحة	1	0
8320	ضَبَنَ	ضبن	ضمة	1	1
8321	ضَبِنَ	ضبن	فتحة	1	0
8322	ضَبَا	ضبو	ضمة	1	1
8323	ضَبَى	ضبي	كسرة	1	1
8324	ضَجَّ	ضجج	كسرة	1	0
8325	ضَجِرَ	ضجر	فتحة	1	0
8326	ضَجِمَ	ضجم	فتحة	1	0
8327	ضَحِكَ	ضحك	فتحة	1	0
8328	ضَحَلَ	ضحل	فتحة	1	0
8329	ضَحَا	ضحو	ضمة	1	0
8330	ضَحَا	ضحو	فتحة	1	0
8331	ضَحِيَ	ضحو	فتحة	1	0
8332	ضَخَّ	ضخخ	ضمة	1	1
8333	ضَخَزَ	ضخز	فتحة	1	1
8334	ضَخُمَ	ضخم	ضمة	1	0
8335	ضَدِئَ	ضدء	فتحة	1	0
8336	ضَدَّ	ضدد	ضمة	1	1
8337	ضَدَنَ	ضدن	كسرة	1	1
8338	ضَدِيَ	ضدي	فتحة	1	0
8339	ضَرَأَ	ضرء	فتحة	1	0
8340	ضَرَبَ	ضرب	كسرة	1	1
8341	ضَرِبَ	ضرب	فتحة	1	0
8342	ضَرُبَ	ضرب	ضمة	1	0
8343	ضَرَجَ	ضرج	ضمة	1	1
8344	خَبِزَ	خبز	فتحة	1	0
8345	ضَرَجَ	ضرج	كسرة	1	1
8346	ضَرَحَ	ضرح	ضمة	1	0
8347	ضَرَحَ	ضرح	فتحة	1	1
8348	ضَرَحَ	ضرح	فتحة	1	1
8349	ضَرَّ	ضرر	ضمة	1	1
8350	ضَرَسَ	ضرس	ضمة	1	1
8351	ضَرَسَ	ضرس	كسرة	1	1
8352	ضَرِسَ	ضرس	فتحة	1	0
8353	ضَرِطَ	ضرط	فتحة	1	0
8354	ضَرِعَ	ضرع	فتحة	1	0
8355	ضَرُعَ	ضرع	ضمة	1	0
8356	ضَرُكَ	ضرك	ضمة	1	0
8357	ضَرِمَ	ضرم	فتحة	1	0
8358	ضَرَا	ضرو	ضمة	1	0
8359	ضَرَى	ضري	كسرة	1	0
8360	ضَزَّ	ضزز	فتحة	1	1
8361	ضَزَنَ	ضزن	ضمة	1	1
8362	ضَزَنَ	ضزن	كسرة	1	1
8363	ضَعَزَ	ضعز	فتحة	1	1
8364	ضَعَطَ	ضعط	فتحة	1	1
8365	ضَعَّ	ضعع	ضمة	1	1
8366	ضَعَفَ	ضعف	فتحة	1	1
8367	ضَعُفَ	ضعف	ضمة	1	0
8368	ضَعَا	ضعو	ضمة	1	0
8369	ضَغَبَ	ضغب	فتحة	1	1
8370	ضَغَثَ	ضغث	فتحة	1	1
8371	ضَغَطَ	ضغط	فتحة	1	1
8372	ضَغَلَ	ضغل	فتحة	1	0
8373	ضَغَمَ	ضغم	فتحة	1	1
8374	ضَغِنَ	ضغن	فتحة	1	0
8375	ضَغَا	ضغو	ضمة	1	0
8376	ضَفَدَ	ضفد	كسرة	1	1
8377	ضَفَرَ	ضفر	كسرة	1	1
8378	ضَفَزَ	ضفز	كسرة	1	1
8379	ضَفَسَ	ضفس	كسرة	1	1
8380	ضَفَطَ	ضفط	ضمة	1	1
8381	ضَفُطَ	ضفط	ضمة	1	0
8382	ضَفَعَ	ضفع	فتحة	1	0
8383	خَبَسَ	خبس	ضمة	1	1
8384	ضَفَّ	ضفف	ضمة	1	1
8385	ضَفَقَ	ضفق	ضمة	1	0
8386	ضَفَنَ	ضفن	كسرة	1	1
8387	ضَفَا	ضفو	ضمة	1	0
8388	ضَكَزَ	ضكز	ضمة	1	1
8389	ضَكَّ	ضكك	ضمة	1	1
8390	ضَلَعَ	ضلع	فتحة	1	1
8391	ضَلِعَ	ضلع	فتحة	1	0
8392	ضَلُعَ	ضلع	ضمة	1	0
8393	ضَلَّ	ضلل	كسرة	1	1
8394	ضَمِجَ	ضمج	فتحة	1	0
8395	ضَمَخَ	ضمخ	فتحة	1	1
8396	ضَمَدَ	ضمد	ضمة	1	1
8397	ضَمَدَ	ضمد	كسرة	1	1
8398	ضَمِدَ	ضمد	فتحة	1	0
8399	ضَمَرَ	ضمر	ضمة	1	0
8400	ضَمُرَ	ضمر	ضمة	1	0
8401	ضَمَزَ	ضمز	ضمة	1	1
8402	ضَمَزَ	ضمز	كسرة	1	1
8403	ضَمَسَ	ضمس	كسرة	1	1
8404	ضَمَّ	ضمم	ضمة	1	1
8405	ضَمِنَ	ضمن	فتحة	1	1
8406	ضَمَى	ضمي	كسرة	1	1
8407	ضَمِيَ	ضمي	فتحة	1	0
8408	ضَنَأَ	ضنء	فتحة	1	0
8409	ضَنِئَ	ضنء	فتحة	1	0
8410	ضَنَبَ	ضنب	كسرة	1	1
8411	ضَنِطَ	ضنط	فتحة	1	0
8412	ضَنَكَ	ضنك	ضمة	1	1
8413	ضَنُكَ	ضنك	ضمة	1	0
8414	ضَنَّ	ضنن	كسرة	1	0
8415	ضَنَّ	ضنن	فتحة	1	0
8416	ضَنَا	ضنو	ضمة	1	0
8417	ضَنِيَ	ضنو	فتحة	1	0
8418	ضَنَى	ضني	كسرة	1	0
8419	ضَهَبَ	ضهب	فتحة	1	1
8420	ضَهَتَ	ضهت	فتحة	1	1
8421	ضَهَدَ	ضهد	فتحة	1	1
8422	ضَهَزَ	ضهز	فتحة	1	1
8423	ضَهَسَ	ضهس	فتحة	1	1
8424	ضَهَلَ	ضهل	فتحة	1	1
8425	خَبَشَ	خبش	ضمة	1	1
8426	ضَهِيَ	ضهي	فتحة	1	0
8427	ضَاءَ	ضوء	ضمة	1	0
8428	ضَابَ	ضوب	ضمة	1	0
8429	ضَاجَ	ضوج	ضمة	1	0
8430	ضَارَ	ضور	ضمة	1	1
8431	ضَازَ	ضوز	ضمة	1	1
8432	ضَاسَ	ضوس	ضمة	1	1
8433	ضَوِطَ	ضوط	فتحة	1	0
8434	ضَاعَ	ضوع	ضمة	1	1
8435	ضَاكَ	ضوك	ضمة	1	1
8436	ضَانَ	ضون	ضمة	1	0
8437	ضَوَى	ضوي	كسرة	1	1
8438	ضَوِيَ	ضوي	فتحة	1	0
8439	ضَاجَ	ضيج	كسرة	1	0
8440	ضَاحَ	ضيح	كسرة	1	1
8441	ضَارَ	ضير	كسرة	1	1
8442	ضَازَ	ضيز	كسرة	1	1
8443	ضَاسَ	ضيس	كسرة	1	0
8444	ضَاطَ	ضيط	كسرة	1	0
8445	ضَاعَ	ضيع	كسرة	1	0
8446	ضَافَ	ضيف	كسرة	1	1
8447	ضَاقَ	ضيق	كسرة	1	0
8448	ضَاكَ	ضيك	كسرة	1	0
8449	ضَامَ	ضيم	كسرة	1	1
8450	طَبَّ	طبب	ضمة	1	1
8451	طَبَّ	طبب	كسرة	1	1
8452	طَبِجَ	طبج	فتحة	1	0
8453	طَبَخَ	طبخ	ضمة	1	1
8454	طَبَخَ	طبخ	فتحة	1	1
8455	طَبَرَ	طبر	ضمة	1	1
8456	طَبَزَ	طبز	ضمة	1	1
8457	طَبَعَ	طبع	فتحة	1	1
8458	طَبِعَ	طبع	فتحة	1	0
8459	طَبِقَ	طبق	فتحة	1	0
8460	طَبَلَ	طبل	ضمة	1	0
8461	طَبَنَ	طبن	كسرة	1	1
8462	طَبِنَ	طبن	فتحة	1	0
8463	طَبَا	طبو	ضمة	1	1
8464	طَبَى	طبي	كسرة	1	1
8465	طَبِيَ	طبي	فتحة	1	0
8466	خَبَصَ	خبص	كسرة	1	1
8467	طَثَأَ	طثء	فتحة	1	0
8468	طَثَّ	طثث	ضمة	1	1
8469	طَثَرَ	طثر	ضمة	1	0
8470	طَثَا	طثو	ضمة	1	0
8471	طَجَنَ	طجن	ضمة	1	1
8472	طَحَثَ	طحث	فتحة	1	1
8473	طَحَّ	طحح	ضمة	1	1
8474	طَحَرَ	طحر	كسرة	1	0
8475	طَحَرَ	طحر	فتحة	1	1
8476	طَحَزَ	طحز	فتحة	1	1
8477	طَحَسَ	طحس	فتحة	1	1
8478	طَحَلَ	طحل	فتحة	1	1
8479	طَحِلَ	طحل	فتحة	1	0
8480	طَحَنَ	طحن	فتحة	1	1
8481	طَحَا	طحو	ضمة	1	1
8482	طَحَى	طحي	كسرة	1	1
8483	طَحَى	طحي	فتحة	1	1
8484	طَخَّ	طخخ	ضمة	1	1
8485	طَخِشَ	طخش	فتحة	1	0
8486	طَخَمَ	طخم	فتحة	1	0
8487	طَخُمَ	طخم	ضمة	1	0
8488	طَخَا	طخو	ضمة	1	0
8489	طَرَأَ	طرء	فتحة	1	0
8490	طَرُؤَ	طرء	ضمة	1	0
8491	طَرِبَ	طرب	فتحة	1	0
8492	طَرَحَ	طرح	فتحة	1	1
8493	طَرَدَ	طرد	ضمة	1	1
8494	طَرَّ	طرر	ضمة	1	1
8495	طَرَزَ	طرز	ضمة	1	1
8496	طَرَسَ	طرس	كسرة	1	1
8497	طَرِسَ	طرس	فتحة	1	0
8498	طَرِشَ	طرش	فتحة	1	0
8499	طَرِطَ	طرط	فتحة	1	0
8500	طَرَفَ	طرف	كسرة	1	1
8501	طَرِفَ	طرف	فتحة	1	0
8502	طَرُفَ	طرف	ضمة	1	0
8503	طَرَقَ	طرق	ضمة	1	1
8504	طَرِقَ	طرق	فتحة	1	0
8505	طَرِمَ	طرم	فتحة	1	0
8506	طَرَا	طرو	ضمة	1	0
8507	خَبَطَ	خبط	كسرة	1	1
8508	طَرُوَ	طرو	ضمة	1	0
8509	طَرِيَ	طري	فتحة	1	0
8510	طَسَأَ	طسء	فتحة	1	0
8511	طَسِئَ	طسء	فتحة	1	0
8512	طَسَّ	طسس	ضمة	1	1
8513	طَسَعَ	طسع	فتحة	1	1
8514	طَسِعَ	طسع	فتحة	1	0
8515	طَسَلَ	طسل	ضمة	1	0
8516	طَسَمَ	طسم	كسرة	1	1
8517	طَسِمَ	طسم	فتحة	1	0
8518	طَسَا	طسو	ضمة	1	0
8519	طَسَى	طسي	كسرة	1	0
8520	طَسِيَ	طسي	فتحة	1	0
8521	طَشَّ	طشش	ضمة	1	1
8522	طَشَّ	طشش	كسرة	1	0
8523	طَعَجَ	طعج	فتحة	1	1
8524	طَعَرَ	طعر	فتحة	1	1
8525	طَعَزَ	طعز	فتحة	1	1
8526	طَعَسَ	طعس	فتحة	1	1
8527	طَعَّ	طعع	ضمة	1	1
8528	طَعَلَ	طعل	فتحة	1	0
8529	طَعِمَ	طعم	فتحة	1	1
8530	طَعَنَ	طعن	ضمة	1	1
8531	طَعَنَ	طعن	ضمة	1	1
8532	طَعَنَ	طعن	فتحة	1	1
8533	طَعَنَ	طعن	فتحة	1	1
8534	طَغَرَ	طغر	فتحة	1	1
8535	طَغَا	طغو	ضمة	1	0
8536	طَغَى	طغي	فتحة	1	0
8537	طَغِيَ	طغي	فتحة	1	0
8538	طَفِئَ	طفء	فتحة	1	0
8539	طَفَحَ	طفح	فتحة	1	1
8540	طَفَذَ	طفذ	كسرة	1	1
8541	طَفَرَ	طفر	كسرة	1	1
8542	طَفَسَ	طفس	كسرة	1	1
8543	طَفِسَ	طفس	فتحة	1	0
8544	طَفَشَ	طفش	كسرة	1	1
8545	طَفَّ	طفف	ضمة	1	1
8546	خَبَعَ	خبع	فتحة	1	1
8547	طَفِقَ	طفق	فتحة	1	1
8548	طَفِلَ	طفل	فتحة	1	0
8549	طَفُلَ	طفل	ضمة	1	0
8550	طَفَنَ	طفن	ضمة	1	1
8551	طَفَا	طفو	ضمة	1	0
8552	طَقَّ	طقق	كسرة	1	0
8553	طَلَبَ	طلب	ضمة	1	1
8554	طَلِبَ	طلب	فتحة	1	0
8555	طَلَثَ	طلث	ضمة	1	0
8556	طَلَحَ	طلح	ضمة	1	1
8557	طَلَحَ	طلح	فتحة	1	1
8558	طَلِحَ	طلح	فتحة	1	0
8559	طَلَسَ	طلس	كسرة	1	1
8560	طَلِسَ	طلس	فتحة	1	0
8561	طَلُسَ	طلس	ضمة	1	0
8562	طَلَعَ	طلع	ضمة	1	1
8563	طَلَعَ	طلع	فتحة	1	1
8564	طَلِعَ	طلع	فتحة	1	1
8565	طَلَغَ	طلغ	فتحة	1	1
8566	طَلَقَ	طلق	ضمة	1	1
8567	طَلَقَ	طلق	كسرة	1	1
8568	طَلِقَ	طلق	فتحة	1	0
8569	طَلُقَ	طلق	ضمة	1	0
8570	طَلَّ	طلل	ضمة	1	1
8571	طَلَّ	طلل	كسرة	1	0
8572	طَلَّ	طلل	فتحة	1	1
8573	طَلَمَ	طلم	ضمة	1	1
8574	طَلَهَ	طله	فتحة	1	0
8575	طَلَا	طلو	ضمة	1	1
8576	طَلَى	طلي	كسرة	1	1
8577	طَلِيَ	طلي	فتحة	1	0
8578	طَمَثَ	طمث	ضمة	1	1
8579	طَمَثَ	طمث	كسرة	1	1
8580	طَمِثَ	طمث	فتحة	1	0
8581	طَمَحَ	طمح	فتحة	1	0
8582	طَمَرَ	طمر	ضمة	1	1
8583	طَمَرَ	طمر	كسرة	1	1
8584	طَمِرَ	طمر	فتحة	1	0
8585	طَمَسَ	طمس	ضمة	1	1
8586	طَمَسَ	طمس	كسرة	1	1
8587	طَمِعَ	طمع	فتحة	1	0
8588	خَبَقَ	خبق	كسرة	1	1
8589	طَمُعَ	طمع	ضمة	1	0
8590	طَمِغَ	طمغ	فتحة	1	0
8591	طَمَلَ	طمل	ضمة	1	1
8592	طَمِلَ	طمل	فتحة	1	0
8593	طَمَّ	طمم	ضمة	1	1
8594	طَمَّ	طمم	كسرة	1	1
8595	طَمَا	طمو	ضمة	1	0
8596	طَمَى	طمي	كسرة	1	0
8597	طَنَأَ	طنء	فتحة	1	0
8598	طَنِئَ	طنء	فتحة	1	0
8599	طَنِبَ	طنب	فتحة	1	0
8600	طَنِحَ	طنح	فتحة	1	0
8601	طَنِخَ	طنخ	فتحة	1	0
8602	طَنَّ	طنن	كسرة	1	0
8603	طَنِيَ	طني	فتحة	1	0
8604	طَهَرَ	طهر	فتحة	1	1
8605	طَهُرَ	طهر	ضمة	1	0
8606	طَهَسَ	طهس	فتحة	1	0
8607	طَهَشَ	طهش	فتحة	1	1
8608	طَهَقَ	طهق	فتحة	1	0
8609	طَهَلَ	طهل	فتحة	1	0
8610	طَهِلَ	طهل	فتحة	1	0
8611	طَهَا	طهو	ضمة	1	1
8612	طَهَا	طهو	فتحة	1	1
8613	طَهَى	طهي	كسرة	1	0
8614	طَاءَ	طوء	ضمة	1	0
8615	طَاحَ	طوح	ضمة	1	0
8616	طَاخَ	طوخ	ضمة	1	1
8617	طَادَ	طود	ضمة	1	0
8618	طَارَ	طور	ضمة	1	1
8619	طَاسَ	طوس	ضمة	1	1
8620	طَاطَ	طوط	ضمة	1	0
8621	طَاعَ	طوع	ضمة	1	1
8622	طَوِعَ	طوع	فتحة	1	0
8623	طَاقَ	طوق	ضمة	1	1
8624	طَوِلَ	طول	فتحة	1	0
8625	طَوْلَ	طول	ضمة	1	0
8626	طَوَى	طوي	كسرة	1	1
8627	خَبَلَ	خبل	ضمة	1	1
8628	طَوِيَ	طوي	فتحة	1	0
8629	طَابَ	طيب	كسرة	1	1
8630	طَاخَ	طيخ	كسرة	1	1
8631	طَارَ	طير	كسرة	1	0
8632	طَاشَ	طيش	كسرة	1	0
8633	طَاطَ	طيط	كسرة	1	0
8634	طَيِطَ	طيط	فتحة	1	0
8635	طَافَ	طيف	كسرة	1	0
8636	طَامَ	طيم	كسرة	1	1
8637	طَانَ	طين	كسرة	1	1
8638	ظَأَبَ	ظءب	فتحة	1	0
8639	ظَأَتَ	ظءت	فتحة	1	1
8640	ظَأَرَ	ظءر	فتحة	1	1
8641	ظَأَفَ	ظءف	فتحة	1	1
8642	ظَجَّ	ظجج	كسرة	1	0
8643	ظَرِبَ	ظرب	فتحة	1	0
8644	ظَرَّ	ظرر	ضمة	1	1
8645	ظَرُفَ	ظرف	ضمة	1	0
8646	ظَرَى	ظري	كسرة	1	0
8647	ظَرِيَ	ظري	فتحة	1	0
8648	ظَعَنَ	ظعن	فتحة	1	0
8649	ظَفَرَ	ظفر	كسرة	1	1
8650	ظَفِرَ	ظفر	فتحة	1	1
8651	ظَفَّ	ظفف	ضمة	1	1
8652	ظَلَفَ	ظلف	كسرة	1	1
8653	ظَلِفَ	ظلف	فتحة	1	0
8654	ظَلَّ	ظلل	كسرة	1	0
8655	ظَلَّ	ظلل	كسرة	1	0
8656	ظَلَّ	ظلل	فتحة	1	0
8657	ظَلَّ	ظلل	فتحة	1	0
8658	ظَلَمَ	ظلم	كسرة	1	1
8659	ظَلِمَ	ظلم	فتحة	1	0
8660	ظَمِئَ	ظمء	فتحة	1	0
8661	ظَمِيَ	ظمي	فتحة	1	0
8662	ظَنَّ	ظنن	ضمة	1	1
8663	ظَهَرَ	ظهر	فتحة	1	1
8664	ظَهِرَ	ظهر	فتحة	1	0
8665	ظَافَ	ظوف	ضمة	1	1
8666	عَبَأَ	عبء	فتحة	1	1
8667	عَبَّ	عبب	ضمة	1	1
8668	عَبَتَ	عبت	كسرة	1	1
8669	خَبَلَ	خبل	كسرة	1	1
8670	عَبَثَ	عبث	كسرة	1	1
8671	عَبِثَ	عبث	فتحة	1	0
8672	عَبَدَ	عبد	ضمة	1	1
8673	عَبُدَ	عبد	ضمة	1	0
8674	عَبَرَ	عبر	ضمة	1	1
8675	عَبَرَ	عبر	ضمة	1	1
8676	عَبَرَ	عبر	كسرة	1	1
8677	عَبَرَ	عبر	كسرة	1	1
8678	عَبِرَ	عبر	فتحة	1	0
8679	عَبِسَ	عبس	فتحة	1	0
8680	عَبَشَ	عبش	ضمة	1	1
8681	عَبَطَ	عبط	كسرة	1	1
8682	عَبِقَ	عبق	فتحة	1	0
8683	عَبَكَ	عبك	ضمة	1	1
8684	عَبَلَ	عبل	ضمة	1	1
8685	عَبَلَ	عبل	كسرة	1	1
8686	عَبِلَ	عبل	فتحة	1	0
8687	عَبُلَ	عبل	ضمة	1	0
8688	عَبُمَ	عبم	ضمة	1	0
8689	عَبَا	عبو	ضمة	1	1
8690	عَبَى	عبي	كسرة	1	1
8691	عَتَبَ	عتب	ضمة	1	1
8692	عَتَبَ	عتب	ضمة	1	1
8693	عَتَبَ	عتب	كسرة	1	1
8694	عَتَبَ	عتب	كسرة	1	1
8695	عَتَّ	عتت	ضمة	1	1
8696	عَتُدَ	عتد	ضمة	1	0
8697	عَتَرَ	عتر	كسرة	1	1
8698	عَتَفَ	عتف	كسرة	1	1
8699	عَتَقَ	عتق	ضمة	1	1
8700	عَتَقَ	عتق	كسرة	1	1
8701	عَتُقَ	عتق	ضمة	1	0
8702	عَتَكَ	عتك	كسرة	1	1
8703	عَتَلَ	عتل	ضمة	1	1
8704	عَتَلَ	عتل	كسرة	1	1
8705	عَتِلَ	عتل	فتحة	1	0
8706	عَتَمَ	عتم	ضمة	1	0
8707	عَتَنَ	عتن	ضمة	1	1
8708	عَتَنَ	عتن	كسرة	1	1
8709	عَتِهَ	عته	فتحة	1	0
8710	عَتَا	عتو	ضمة	1	0
8711	عَتِيَ	عتي	فتحة	1	0
8712	عَثَّ	عثث	ضمة	1	1
8713	عَثَجَ	عثج	كسرة	1	0
8714	خَبِلَ	خبل	فتحة	1	0
8715	عَثَرَ	عثر	ضمة	1	0
8716	عَثَرَ	عثر	ضمة	1	0
8717	عَثَرَ	عثر	كسرة	1	0
8718	عَثَرَ	عثر	كسرة	1	0
8719	عَثِرَ	عثر	فتحة	1	0
8720	عَثُرَ	عثر	ضمة	1	0
8721	عَثَلَ	عثل	ضمة	1	0
8722	عَثِلَ	عثل	فتحة	1	0
8723	عَثَمَ	عثم	ضمة	1	1
8724	عَثَمَ	عثم	كسرة	1	1
8725	عَثِمَ	عثم	فتحة	1	0
8726	عَثَنَ	عثن	ضمة	1	1
8727	عَثِنَ	عثن	فتحة	1	0
8728	عَثَا	عثو	ضمة	1	0
8729	عَثِيَ	عثو	فتحة	1	0
8730	عَجِبَ	عجب	فتحة	1	0
8731	عَجَرَ	عجر	كسرة	1	1
8732	عَجِرَ	عجر	فتحة	1	0
8733	عَجَزَ	عجز	كسرة	1	0
8734	عَجَزَ	عجز	كسرة	1	0
8735	عَجِزَ	عجز	فتحة	1	0
8736	عَجُزَ	عجز	ضمة	1	0
8737	عَجَسَ	عجس	كسرة	1	1
8738	عَجَفَ	عجف	ضمة	1	1
8739	عَجَفَ	عجف	كسرة	1	1
8740	عَجِفَ	عجف	فتحة	1	0
8741	عَجُفَ	عجف	ضمة	1	0
8742	عَجِلَ	عجل	فتحة	1	1
8743	عَجَمَ	عجم	ضمة	1	1
8744	عَجُمَ	عجم	ضمة	1	0
8745	عَجَنَ	عجن	ضمة	1	1
8746	عَجَنَ	عجن	كسرة	1	1
8747	عَجِنَ	عجن	فتحة	1	0
8748	عَجَا	عجو	ضمة	1	1
8749	عَجِيَ	عجو	فتحة	1	0
8750	عَدَّ	عدد	ضمة	1	1
8751	عَدِرَ	عدر	فتحة	1	0
8752	عَدَسَ	عدس	كسرة	1	1
8753	عَدَفَ	عدف	كسرة	1	1
8754	عَدَقَ	عدق	كسرة	1	0
8755	عَدِقَ	عدق	فتحة	1	0
8756	عَدَكَ	عدك	كسرة	1	1
8757	عَدَلَ	عدل	كسرة	1	1
8758	خَبَنَ	خبن	كسرة	1	1
8759	عَدُلَ	عدل	ضمة	1	0
8760	عَدِمَ	عدم	فتحة	1	1
8761	عَدُمَ	عدم	ضمة	1	0
8762	عَدَنَ	عدن	كسرة	1	1
8763	عَدَا	عدو	ضمة	1	1
8764	عَدِيَ	عدو	فتحة	1	0
8765	عَذَبَ	عذب	كسرة	1	1
8766	عَذُبَ	عذب	ضمة	1	0
8767	عَذَرَ	عذر	ضمة	1	1
8768	عَذَرَ	عذر	ضمة	1	1
8769	عَذَرَ	عذر	كسرة	1	1
8770	عَذَرَ	عذر	كسرة	1	1
8771	عَذَفَ	عذف	كسرة	1	1
8772	عَذَقَ	عذق	ضمة	1	1
8773	عَذَقَ	عذق	كسرة	1	1
8774	عَذَلَ	عذل	ضمة	1	1
8775	عَذَلَ	عذل	كسرة	1	1
8776	عَذَمَ	عذم	كسرة	1	1
8777	عَذِمَ	عذم	فتحة	1	1
8778	عَذَا	عذو	ضمة	1	0
8779	عَذِيَ	عذو	فتحة	1	0
8780	عَذُوَ	عذو	ضمة	1	0
8781	عَرَبَ	عرب	كسرة	1	1
8782	عَرِبَ	عرب	فتحة	1	0
8783	عَرُبَ	عرب	ضمة	1	0
8784	عَرَتَ	عرت	ضمة	1	1
8785	عَرَتَ	عرت	كسرة	1	1
8786	عَرِتَ	عرت	فتحة	1	0
8787	عَرَجَ	عرج	ضمة	1	0
8788	عَرَجَ	عرج	كسرة	1	0
8789	عَرِجَ	عرج	فتحة	1	0
8790	عَرُجَ	عرج	ضمة	1	0
8791	عَرَدَ	عرد	ضمة	1	1
8792	عَرِدَ	عرد	فتحة	1	0
8793	عَرَّ	عرر	ضمة	1	1
8794	عَرَّ	عرر	كسرة	1	1
8795	عَرَّ	عرر	فتحة	1	0
8796	عَرَّ	عرر	فتحة	1	0
8797	عَرَزَ	عرز	كسرة	1	1
8798	عَرِزَ	عرز	فتحة	1	0
8799	عَرَسَ	عرس	ضمة	1	1
8800	عَرَسَ	عرس	كسرة	1	1
8801	عَرِسَ	عرس	فتحة	1	0
8802	عَرَشَ	عرش	ضمة	1	1
8803	خَبَا	خبو	ضمة	1	0
8804	عَرَشَ	عرش	كسرة	1	1
8805	عَرِشَ	عرش	فتحة	1	0
8806	عَرَصَ	عرص	كسرة	1	0
8807	عَرِصَ	عرص	فتحة	1	0
8808	عَرَضَ	عرض	ضمة	1	1
8809	عَرَضَ	عرض	كسرة	1	1
8810	عَرِضَ	عرض	فتحة	1	0
8811	عَرُضَ	عرض	ضمة	1	0
8812	عَرَطَ	عرط	ضمة	1	1
8813	عَرَفَ	عرف	ضمة	1	1
8814	عَرَفَ	عرف	كسرة	1	1
8815	عَرِفَ	عرف	فتحة	1	0
8816	عَرُفَ	عرف	ضمة	1	0
8817	عَرَقَ	عرق	ضمة	1	1
8818	عَرَقَ	عرق	كسرة	1	1
8819	عَرِقَ	عرق	فتحة	1	0
8820	عَرَكَ	عرك	ضمة	1	1
8821	عَرِكَ	عرك	فتحة	1	0
8822	عَرَمَ	عرم	ضمة	1	1
8823	عَرَمَ	عرم	كسرة	1	1
8824	عَرِمَ	عرم	فتحة	1	0
8825	عَرُمَ	عرم	ضمة	1	0
8826	عَرَنَ	عرن	ضمة	1	1
8827	عَرَنَ	عرن	كسرة	1	1
8828	عَرِنَ	عرن	فتحة	1	0
8829	عَرُنَ	عرن	ضمة	1	0
8830	عَرَا	عرو	ضمة	1	1
8831	عَزَبَ	عزب	ضمة	1	1
8832	عَزَبَ	عزب	كسرة	1	0
8833	عَزَبَ	عزب	كسرة	1	0
8834	عَزَجَ	عزج	ضمة	1	1
8835	عَزَدَ	عزد	كسرة	1	1
8836	عَزَرَ	عزر	كسرة	1	1
8837	عَزَّ	عزز	ضمة	1	1
8838	عَزَّ	عزز	كسرة	1	1
8839	عَزَّ	عزز	ضمة	1	0
8840	عَزَفَ	عزف	ضمة	1	1
8841	عَزَفَ	عزف	كسرة	1	1
8842	عَزَقَ	عزق	ضمة	1	1
8843	عَزَقَ	عزق	كسرة	1	1
8844	عَزِقَ	عزق	فتحة	1	0
8845	عَزَلَ	عزل	كسرة	1	1
8846	خَتَأَ	ختء	فتحة	1	1
8847	عَزَا	عزو	ضمة	1	1
8848	عَزَى	عزي	كسرة	1	1
8849	عَزِيَ	عزي	فتحة	1	0
8850	عَسَبَ	عسب	كسرة	1	1
8851	عَسَجَ	عسج	كسرة	1	0
8852	عَسِجَ	عسج	فتحة	1	0
8853	عَسَدَ	عسد	كسرة	1	1
8854	عَسَرَ	عسر	ضمة	1	1
8855	عَسَرَ	عسر	كسرة	1	1
8856	عَسِرَ	عسر	فتحة	1	0
8857	عَسُرَ	عسر	ضمة	1	0
8858	عَسَّ	عسس	ضمة	1	1
8859	عَسَفَ	عسف	كسرة	1	1
8860	عَسِقَ	عسق	فتحة	1	0
8861	عَسِكَ	عسك	فتحة	1	0
8862	عَسَلَ	عسل	ضمة	1	0
8863	عَسَلَ	عسل	كسرة	1	1
8864	عَسَمَ	عسم	كسرة	1	1
8865	عَسِمَ	عسم	فتحة	1	0
8866	عَسِنَ	عسن	فتحة	1	0
8867	عَسَا	عسو	ضمة	1	0
8868	عَسِيَ	عسو	فتحة	1	0
8869	عَسِيَ	عسي	فتحة	1	0
8870	عَشِبَ	عشب	فتحة	1	0
8871	عَشُبَ	عشب	ضمة	1	0
8872	عَشَدَ	عشد	كسرة	1	1
8873	عَشَرَ	عشر	ضمة	1	1
8874	عَشَرَ	عشر	ضمة	1	1
8875	عَشَرَ	عشر	كسرة	1	1
8876	عَشَرَ	عشر	كسرة	1	1
8877	عَشَزَ	عشز	كسرة	1	0
8878	عَشَّ	عشش	ضمة	1	1
8879	عَشَّ	عشش	فتحة	1	0
8880	عَشَطَ	عشط	كسرة	1	1
8881	عَشِمَ	عشم	فتحة	1	0
8882	عَشَنَ	عشن	ضمة	1	1
8883	عَشَا	عشو	ضمة	1	1
8884	عَشَا	عشو	ضمة	1	1
8885	عَصَبَ	عصب	كسرة	1	1
8886	عَصِبَ	عصب	فتحة	1	0
8887	عَصَدَ	عصد	ضمة	1	1
8888	عَصَدَ	عصد	كسرة	1	1
8889	عَصِدَ	عصد	فتحة	1	0
8890	خَتَّ	ختت	ضمة	1	1
8891	عَصَرَ	عصر	كسرة	1	1
8892	عَصَّ	عصص	فتحة	1	0
8893	عَصَفَ	عصف	كسرة	1	1
8894	عَصَفَ	عصف	كسرة	1	1
8895	عَصَلَ	عصل	ضمة	1	1
8896	عَصِلَ	عصل	فتحة	1	0
8897	عَصَمَ	عصم	كسرة	1	1
8898	عَصَمَ	عصم	كسرة	1	1
8899	عَصِمَ	عصم	فتحة	1	0
8900	عَصَا	عصو	ضمة	1	1
8901	عَصِيَ	عصو	فتحة	1	0
8902	عَصَى	عصي	كسرة	1	1
8903	عَضَبَ	عضب	كسرة	1	1
8904	عَضِبَ	عضب	فتحة	1	0
8905	عَضُبَ	عضب	ضمة	1	0
8906	عَضَدَ	عضد	ضمة	1	1
8907	عَضَدَ	عضد	كسرة	1	1
8908	عَضِدَ	عضد	فتحة	1	0
8909	عَضَرَ	عضر	ضمة	1	0
8910	عَضَّ	عضض	فتحة	1	1
8911	عَضَلَ	عضل	ضمة	1	1
8912	عَضَلَ	عضل	كسرة	1	1
8913	عَضِلَ	عضل	فتحة	1	0
8914	عَضَهَ	عضه	فتحة	1	1
8915	عَضِهَ	عضه	فتحة	1	0
8916	عَضَا	عضو	ضمة	1	1
8917	عَطَبَ	عطب	ضمة	1	0
8918	عَطِبَ	عطب	فتحة	1	0
8919	عَطِرَ	عطر	فتحة	1	0
8920	عَطَسَ	عطس	ضمة	1	0
8921	عَطَسَ	عطس	كسرة	1	0
8922	عَطِشَ	عطش	فتحة	1	0
8923	عَطَّ	عطط	ضمة	1	1
8924	عَطَفَ	عطف	كسرة	1	1
8925	عَطِلَ	عطل	فتحة	1	0
8926	عَطَنَ	عطن	ضمة	1	1
8927	عَطَنَ	عطن	كسرة	1	1
8928	عَطِنَ	عطن	فتحة	1	0
8929	عَطَا	عطو	ضمة	1	1
8930	عَظَبَ	عظب	كسرة	1	0
8931	عَظِبَ	عظب	فتحة	1	0
8932	عَظَرَ	عظر	كسرة	1	1
8933	عَظِرَ	عظر	فتحة	1	1
8934	عَظَّ	عظظ	ضمة	1	1
8935	عَظَلَ	عظل	ضمة	1	0
8936	خَتَّ	ختت	كسرة	1	0
8937	عَظِلَ	عظل	فتحة	1	0
8938	عَظَمَ	عظم	ضمة	1	1
8939	عَظَمَ	عظم	ضمة	1	1
8940	عَظُمَ	عظم	ضمة	1	0
8941	عَظَا	عظو	ضمة	1	1
8942	عَظَى	عظي	كسرة	1	1
8943	عَظِيَ	عظي	فتحة	1	0
8944	عَفَتَ	عفت	كسرة	1	1
8945	عَفِتَ	عفت	فتحة	1	0
8946	عَفَجَ	عفج	كسرة	1	1
8947	عَفِجَ	عفج	فتحة	1	0
8948	عَفَدَ	عفد	كسرة	1	0
8949	عَفَرَ	عفر	كسرة	1	1
8950	عَفِرَ	عفر	فتحة	1	0
8951	عَفَسَ	عفس	كسرة	1	1
8952	عَفَشَ	عفش	كسرة	1	1
8953	عَفَصَ	عفص	كسرة	1	1
8954	عَفِصَ	عفص	فتحة	1	0
8955	عَفَطَ	عفط	كسرة	1	0
8956	عَفَقَ	عفق	كسرة	1	1
8957	عَفَكَ	عفك	كسرة	1	1
8958	عَفِكَ	عفك	فتحة	1	0
8959	عَفَلَ	عفل	ضمة	1	1
8960	عَفِلَ	عفل	فتحة	1	0
8961	عَفَنَ	عفن	كسرة	1	1
8962	عَفِنَ	عفن	فتحة	1	0
8963	عَفَهَ	عفه	فتحة	1	0
8964	عَفَا	عفو	ضمة	1	1
8965	عَقَبَ	عقب	ضمة	1	1
8966	عَقَبَ	عقب	كسرة	1	1
8967	عَقِبَ	عقب	فتحة	1	1
8968	عَقَدَ	عقد	كسرة	1	1
8969	عَقِدَ	عقد	فتحة	1	0
8970	عَقَرَ	عقر	كسرة	1	1
8971	عَقِرَ	عقر	فتحة	1	0
8972	عَقُرَ	عقر	ضمة	1	0
8973	عَقَصَ	عقص	كسرة	1	1
8974	عَقِصَ	عقص	فتحة	1	0
8975	عَقَفَ	عقف	كسرة	1	1
8976	عَقَّ	عقق	ضمة	1	1
8977	عَقَّ	عقق	ضمة	1	1
8978	عَقَّ	عقق	كسرة	1	0
8979	خَتَّ	ختت	فتحة	1	0
8980	عَقَلَ	عقل	ضمة	1	1
8981	عَقَلَ	عقل	ضمة	1	1
8982	عَقَلَ	عقل	كسرة	1	1
8983	عَقَلَ	عقل	كسرة	1	1
8984	عَقِلَ	عقل	فتحة	1	0
8985	عَقَمَ	عقم	ضمة	1	1
8986	عَقَمَ	عقم	كسرة	1	1
8987	عَقِمَ	عقم	فتحة	1	0
8988	عَقُمَ	عقم	ضمة	1	0
8989	عَقَا	عقو	ضمة	1	1
8990	عَقَى	عقي	كسرة	1	1
8991	عَكَبَ	عكب	ضمة	1	0
8992	عَكِبَ	عكب	فتحة	1	0
8993	عَكَدَ	عكد	كسرة	1	1
8994	عَكِدَ	عكد	فتحة	1	0
8995	عَكَرَ	عكر	ضمة	1	0
8996	عَكِرَ	عكر	فتحة	1	0
8997	عَكَزَ	عكز	ضمة	1	1
8998	عَكِزَ	عكز	فتحة	1	0
8999	عَكَسَ	عكس	كسرة	1	1
9000	عَكَشَ	عكش	كسرة	1	1
9001	عَكِشَ	عكش	فتحة	1	0
9002	عَكَصَ	عكص	كسرة	1	1
9003	عَكِصَ	عكص	فتحة	1	0
9004	عَكَظَ	عكظ	كسرة	1	1
9005	عَكَفَ	عكف	ضمة	1	1
9006	عَكَفَ	عكف	كسرة	1	1
9007	عَكَّ	عكك	ضمة	1	1
9008	عَكَّ	عكك	كسرة	1	0
9009	عَكَلَ	عكل	ضمة	1	1
9010	عَكَلَ	عكل	كسرة	1	1
9011	عَكِلَ	عكل	فتحة	1	0
9012	عَكَمَ	عكم	كسرة	1	1
9013	عَكَا	عكو	ضمة	1	1
9014	عَكَى	عكي	كسرة	1	1
9015	عَلَبَ	علب	ضمة	1	1
9016	عَلَبَ	علب	كسرة	1	1
9017	عَلِبَ	علب	فتحة	1	0
9018	عَلَثَ	علث	كسرة	1	1
9019	عَلِثَ	علث	فتحة	1	0
9020	عَلَجَ	علج	ضمة	1	1
9021	عَلِجَ	علج	فتحة	1	0
9022	عَلِدَ	علد	فتحة	1	0
9023	عَلِزَ	علز	فتحة	1	0
9024	عَلَسَ	علس	كسرة	1	1
9025	خَتَرَ	ختر	ضمة	1	1
9026	عَلَضَ	علض	كسرة	1	1
9027	عَلَطَ	علط	ضمة	1	1
9028	عَلَطَ	علط	كسرة	1	1
9029	عَلَفَ	علف	كسرة	1	1
9030	عَلَقَ	علق	ضمة	1	1
9031	عَلِقَ	علق	فتحة	1	1
9032	عَلَكَ	علك	ضمة	1	1
9033	عَلَكَ	علك	كسرة	1	1
9034	عَلَّ	علل	ضمة	1	1
9035	عَلَّ	علل	كسرة	1	1
9036	عَلَمَ	علم	ضمة	1	1
9037	عَلَمَ	علم	كسرة	1	1
9038	عَلِمَ	علم	فتحة	1	1
9039	عَلَنَ	علن	ضمة	1	0
9040	عَلَنَ	علن	ضمة	1	0
9041	عَلَنَ	علن	كسرة	1	0
9042	عَلَنَ	علن	كسرة	1	0
9043	عَلِنَ	علن	فتحة	1	0
9044	عَلِهَ	عله	فتحة	1	0
9045	عَلَا	علو	ضمة	1	1
9046	عَلَى	علي	كسرة	1	1
9047	عَمَتَ	عمت	كسرة	1	1
9048	عَمَجَ	عمج	كسرة	1	0
9049	عَمَدَ	عمد	كسرة	1	1
9050	عَمَرَ	عمر	ضمة	1	1
9051	عَمَرَ	عمر	ضمة	1	1
9052	عَمَرَ	عمر	ضمة	1	1
9053	عَمَرَ	عمر	كسرة	1	1
9054	عَمَرَ	عمر	كسرة	1	1
9055	عَمَرَ	عمر	كسرة	1	1
9056	عَمِرَ	عمر	فتحة	1	0
9057	عَمُرَ	عمر	ضمة	1	0
9058	عَمَسَ	عمس	ضمة	1	1
9059	عَمَسَ	عمس	كسرة	1	1
9060	عَمِسَ	عمس	فتحة	1	0
9061	عَمُسَ	عمس	ضمة	1	0
9062	عَمَشَ	عمش	كسرة	1	1
9063	عَمِشَ	عمش	فتحة	1	0
9064	عَمَطَ	عمط	ضمة	1	1
9065	عَمِقَ	عمق	فتحة	1	0
9066	عَمُقَ	عمق	ضمة	1	0
9067	عَمِلَ	عمل	فتحة	1	1
9068	عَمَّ	عمم	ضمة	1	1
9069	عَمَّ	عمم	ضمة	1	1
9070	عَمَنَ	عمن	كسرة	1	0
9071	عَمِنَ	عمن	فتحة	1	0
9072	عَمَهَ	عمه	فتحة	1	0
9073	عَمِهَ	عمه	فتحة	1	0
9074	خَتَرَ	ختر	كسرة	1	1
9075	عَمَى	عمي	كسرة	1	0
9076	عَمِيَ	عمي	فتحة	1	0
9077	عَمِيَ	عمي	فتحة	1	0
9078	عَنِتَ	عنت	فتحة	1	0
9079	عَنَجَ	عنج	ضمة	1	1
9080	عَنَجَ	عنج	كسرة	1	1
9081	عَنَدَ	عند	كسرة	1	0
9082	عَنِدَ	عند	فتحة	1	0
9083	عَنُدَ	عند	ضمة	1	0
9084	عَنَزَ	عنز	ضمة	1	1
9085	عَنِسَ	عنس	فتحة	1	0
9086	عَنَشَ	عنش	ضمة	1	1
9087	عَنَشَ	عنش	كسرة	1	1
9088	عَنُفَ	عنف	ضمة	1	0
9089	عَنَقَ	عنق	ضمة	1	1
9090	عَنِقَ	عنق	فتحة	1	0
9091	عَنَكَ	عنك	ضمة	1	1
9092	عَنَّ	عنن	ضمة	1	1
9093	عَنَّ	عنن	كسرة	1	1
9094	عَنَا	عنو	ضمة	1	1
9095	عَنَا	عنو	ضمة	1	1
9096	عَنَى	عني	كسرة	1	1
9097	عَنَى	عني	كسرة	1	1
9098	عَنَى	عني	كسرة	1	1
9099	عَهِبَ	عهب	فتحة	1	1
9100	عَهِدَ	عهد	فتحة	1	1
9101	عَهَنَ	عهن	ضمة	1	1
9102	عَهَنَ	عهن	كسرة	1	1
9103	عَاجَ	عوج	ضمة	1	1
9104	عَوِجَ	عوج	فتحة	1	0
9105	عَوِجَ	عوج	فتحة	1	0
9106	عَادَ	عود	ضمة	1	1
9107	عَادَ	عود	ضمة	1	1
9108	عَاذَ	عوذ	ضمة	1	0
9109	عَارَ	عور	ضمة	1	1
9110	عَازَ	عوز	ضمة	1	1
9111	عَوِزَ	عوز	فتحة	1	0
9112	عَاسَ	عوس	ضمة	1	1
9113	عَوِسَ	عوس	فتحة	1	0
9114	عَوِصَ	عوص	فتحة	1	0
9115	عَاضَ	عوض	ضمة	1	1
9116	خَتِرَ	ختر	فتحة	1	0
9117	عَاطَ	عوط	ضمة	1	0
9118	عَاقَ	عوق	ضمة	1	1
9119	عَاكَ	عوك	ضمة	1	1
9120	عَالَ	عول	ضمة	1	1
9121	عَامَ	عوم	ضمة	1	0
9122	عَاهَ	عوه	ضمة	1	0
9123	عَوَى	عوي	كسرة	1	1
9124	عَوَى	عوي	كسرة	1	1
9125	عَابَ	عيب	كسرة	1	1
9126	عَاسَ	عيس	كسرة	1	1
9127	عَاطَ	عيط	كسرة	1	0
9128	عَيِطَ	عيط	فتحة	1	0
9129	عَافَ	عيف	كسرة	1	1
9130	عَيِفَ	عيف	فتحة	1	1
9131	عَاقَ	عيق	كسرة	1	1
9132	عَاكَ	عيك	كسرة	1	0
9133	عَيِمَ	عيم	فتحة	1	0
9134	عَانَ	عين	كسرة	1	1
9135	عَانَ	عين	كسرة	1	1
9136	عَيِنَ	عين	فتحة	1	0
9137	عَاهَ	عيه	كسرة	1	0
9138	عَيَّ	عيي	فتحة	1	1
9139	عَيَّ	عيي	فتحة	1	1
9140	غَبَأَ	غبء	فتحة	1	0
9141	غَبَّ	غبب	ضمة	1	1
9142	غَبَّ	غبب	كسرة	1	1
9143	غَبَثَ	غبث	كسرة	1	1
9144	غَبِثَ	غبث	فتحة	1	0
9145	غَبِجَ	غبج	فتحة	1	1
9146	غَبَرَ	غبر	ضمة	1	0
9147	غَبِرَ	غبر	فتحة	1	0
9148	غَبَسَ	غبس	ضمة	1	0
9149	غَبِسَ	غبس	فتحة	1	0
9150	غَبَشَ	غبش	كسرة	1	1
9151	غَبِشَ	غبش	فتحة	1	0
9152	غَبِصَ	غبص	فتحة	1	0
9153	غَبَطَ	غبط	كسرة	1	1
9154	غَبِطَ	غبط	فتحة	1	1
9155	خَتَعَ	ختع	فتحة	1	0
9156	غَبَقَ	غبق	ضمة	1	1
9157	غَبَقَ	غبق	كسرة	1	1
9158	غَبَنَ	غبن	ضمة	1	1
9159	غَبَنَ	غبن	كسرة	1	1
9160	غَبِنَ	غبن	فتحة	1	1
9161	غَبِيَ	غبو	فتحة	1	1
9162	غَتَّ	غتت	ضمة	1	1
9163	غَتِلَ	غتل	فتحة	1	0
9164	غَتَمَ	غتم	ضمة	1	0
9165	غَتِمَ	غتم	فتحة	1	0
9166	غَثَّ	غثث	كسرة	1	0
9167	غَثَّ	غثث	كسرة	1	0
9168	غَثَّ	غثث	فتحة	1	0
9169	غَثَّ	غثث	فتحة	1	0
9170	غَثَرَ	غثر	ضمة	1	0
9171	غَثِرَ	غثر	فتحة	1	0
9172	غَثَمَ	غثم	ضمة	1	1
9173	غَثِمَ	غثم	فتحة	1	0
9174	غَثَى	غثي	كسرة	1	1
9175	غَدَّ	غدد	ضمة	1	0
9176	غَدَرَ	غدر	ضمة	1	1
9177	غَدَرَ	غدر	كسرة	1	1
9178	غَدِرَ	غدر	فتحة	1	0
9179	غَدَفَ	غدف	ضمة	1	0
9180	غَدَقَ	غدق	كسرة	1	0
9181	غَدِقَ	غدق	فتحة	1	0
9182	غَدِنَ	غدن	فتحة	1	0
9183	غَدِيَ	غدو	فتحة	1	0
9184	غَذَّ	غذذ	ضمة	1	1
9185	غَذَّ	غذذ	كسرة	1	1
9186	غَذَمَ	غذم	ضمة	1	1
9187	غَذِمَ	غذم	فتحة	1	1
9188	غَذَا	غذو	ضمة	1	1
9189	غَرَبَ	غرب	ضمة	1	0
9190	غَرَبَ	غرب	ضمة	1	0
9191	غَرَبَ	غرب	ضمة	1	0
9192	غَرِبَ	غرب	فتحة	1	0
9193	غَرُبَ	غرب	ضمة	1	0
9194	غَرُبَ	غرب	ضمة	1	0
9195	غَرِثَ	غرث	فتحة	1	0
9196	غَرِدَ	غرد	فتحة	1	0
9197	غَرَّ	غرر	ضمة	1	1
9198	غَرَّ	غرر	ضمة	1	1
9199	غَرَّ	غرر	كسرة	1	0
9200	غَرَّ	غرر	كسرة	1	0
9201	غَرَّ	غرر	فتحة	1	0
9202	غَرَّ	غرر	فتحة	1	0
9203	غَرَزَ	غرز	كسرة	1	1
9204	خَتَلَ	ختل	ضمة	1	1
9205	غَرِزَ	غرز	فتحة	1	0
9206	غَرَسَ	غرس	كسرة	1	1
9207	غَرَضَ	غرض	كسرة	1	1
9208	غَرِضَ	غرض	فتحة	1	0
9209	غَرُضَ	غرض	ضمة	1	0
9210	غَرَفَ	غرف	ضمة	1	1
9211	غَرَفَ	غرف	كسرة	1	1
9212	غَرِفَ	غرف	فتحة	1	0
9213	غَرِقَ	غرق	فتحة	1	0
9214	غَرِلَ	غرل	فتحة	1	0
9215	غَرِمَ	غرم	فتحة	1	1
9216	غَرِنَ	غرن	فتحة	1	0
9217	غَرَا	غرو	ضمة	1	1
9218	غَرِيَ	غرو	فتحة	1	0
9219	غَرَى	غري	كسرة	1	1
9220	غَزُرَ	غزر	ضمة	1	0
9221	غَزَّ	غزز	ضمة	1	1
9222	غَزَلَ	غزل	كسرة	1	1
9223	غَزِلَ	غزل	فتحة	1	0
9224	غَزَا	غزو	ضمة	1	1
9225	غَزَا	غزو	ضمة	1	1
9226	غَسَرَ	غسر	ضمة	1	1
9227	غَسَّ	غسس	ضمة	1	1
9228	غَسَقَ	غسق	كسرة	1	0
9229	غَسِقَ	غسق	فتحة	1	0
9230	غَسَلَ	غسل	كسرة	1	1
9231	غَسَمَ	غسم	ضمة	1	0
9232	غَسَنَ	غسن	ضمة	1	1
9233	غَسَا	غسو	ضمة	1	0
9234	غَسِيَ	غسو	فتحة	1	0
9235	غَشَّ	غشش	ضمة	1	1
9236	غَشَمَ	غشم	كسرة	1	1
9237	غَشَا	غشو	ضمة	1	1
9238	غَشِيَ	غشو	فتحة	1	1
9239	غَشِيَ	غشي	فتحة	1	1
9240	غَصَبَ	غصب	كسرة	1	1
9241	غَصَّ	غصص	فتحة	1	0
9242	غَصَنَ	غصن	كسرة	1	1
9243	غَضِبَ	غضب	فتحة	1	0
9244	غَضَرَ	غضر	ضمة	1	1
9245	غَضَرَ	غضر	ضمة	1	1
9246	خَتَلَ	ختل	كسرة	1	1
9247	غَضَرَ	غضر	كسرة	1	1
9248	غَضَرَ	غضر	كسرة	1	1
9249	غَضُرَ	غضر	ضمة	1	0
9250	غَضَّ	غضض	ضمة	1	1
9251	غَضَّ	غضض	كسرة	1	0
9252	غَضَّ	غضض	فتحة	1	0
9253	غَضَفَ	غضف	كسرة	1	1
9254	غَضِفَ	غضف	فتحة	1	0
9255	غَضَنَ	غضن	ضمة	1	1
9256	غَضَنَ	غضن	كسرة	1	1
9257	غَضِنَ	غضن	فتحة	1	0
9258	غَضَا	غضو	ضمة	1	0
9259	غَطَسَ	غطس	كسرة	1	1
9260	غَطَشَ	غطش	كسرة	1	0
9261	غَطِشَ	غطش	فتحة	1	0
9262	غَطَّ	غطط	ضمة	1	1
9263	غَطَّ	غطط	كسرة	1	1
9264	غَطِفَ	غطف	فتحة	1	0
9265	غَطَلَ	غطل	ضمة	1	0
9266	غَطِلَ	غطل	فتحة	1	0
9267	غَطَا	غطو	ضمة	1	1
9268	غَطَى	غطي	كسرة	1	1
9269	غَفَرَ	غفر	كسرة	1	1
9270	غَفِرَ	غفر	فتحة	1	0
9271	غَفَقَ	غفق	كسرة	1	1
9272	غَفَلَ	غفل	ضمة	1	1
9273	غَفَا	غفو	ضمة	1	0
9274	غَفَى	غفي	كسرة	1	1
9275	غَقَّ	غقق	كسرة	1	0
9276	غَلَبَ	غلب	كسرة	1	1
9277	غَلِبَ	غلب	فتحة	1	0
9278	غَلَتَ	غلت	ضمة	1	1
9279	غَلِتَ	غلت	فتحة	1	0
9280	غَلَثَ	غلث	كسرة	1	1
9281	غَلِثَ	غلث	فتحة	1	0
9282	غَلَجَ	غلج	كسرة	1	0
9283	غَلِطَ	غلط	فتحة	1	0
9284	غَلَظَ	غلظ	كسرة	1	0
9285	غَلُظَ	غلظ	ضمة	1	0
9286	غَلَفَ	غلف	ضمة	1	1
9287	غَلِفَ	غلف	فتحة	1	0
9288	غَلَقَ	غلق	كسرة	1	1
9289	غَلِقَ	غلق	فتحة	1	0
9290	خَتَمَ	ختم	كسرة	1	1
9291	غَلَّ	غلل	ضمة	1	1
9292	غَلَّ	غلل	كسرة	1	0
9293	غَلَّ	غلل	كسرة	1	0
9294	غَلَّ	غلل	فتحة	1	1
9295	غَلَمَ	غلم	ضمة	1	1
9296	غَلِمَ	غلم	فتحة	1	0
9297	غَلَنَ	غلن	ضمة	1	0
9298	غَلَا	غلو	ضمة	1	0
9299	غَلَا	غلو	ضمة	1	0
9300	غَلَى	غلي	كسرة	1	0
9301	غَلِيَ	غلي	فتحة	1	0
9302	غَمَتَ	غمت	كسرة	1	1
9303	غَمِتَ	غمت	فتحة	1	0
9304	غَمَجَ	غمج	كسرة	1	1
9305	غَمِجَ	غمج	فتحة	1	1
9306	غَمَدَ	غمد	ضمة	1	1
9307	غَمَدَ	غمد	كسرة	1	1
9308	غَمِدَ	غمد	فتحة	1	0
9309	غَمَرَ	غمر	ضمة	1	1
9310	غَمِرَ	غمر	فتحة	1	0
9311	غَمُرَ	غمر	ضمة	1	0
9312	غَمَزَ	غمز	كسرة	1	1
9313	غَمَسَ	غمس	كسرة	1	1
9314	غَمِشَ	غمش	فتحة	1	0
9315	غَمَصَ	غمص	كسرة	1	1
9316	غَمِصَ	غمص	فتحة	1	1
9317	غَمَضَ	غمض	ضمة	1	0
9318	غَمَضَ	غمض	ضمة	1	0
9319	غَمَضَ	غمض	كسرة	1	0
9320	غَمَضَ	غمض	كسرة	1	0
9321	غَمُضَ	غمض	ضمة	1	0
9322	غَمَطَ	غمط	كسرة	1	1
9323	غَمِطَ	غمط	فتحة	1	1
9324	غَمَقَ	غمق	ضمة	1	0
9325	غَمِقَ	غمق	فتحة	1	0
9326	غَمُقَ	غمق	ضمة	1	0
9327	غَمَلَ	غمل	ضمة	1	1
9328	غَمِلَ	غمل	فتحة	1	0
9329	غَمَّ	غمم	ضمة	1	1
9330	غَمَّ	غمم	ضمة	1	1
9331	غَمَنَ	غمن	ضمة	1	1
9332	غَمَا	غمو	ضمة	1	1
9333	غَمَى	غمي	كسرة	1	1
9334	غَنَثَ	غنث	كسرة	1	1
9335	غَنِثَ	غنث	فتحة	1	0
9336	غَنِجَ	غنج	فتحة	1	0
9337	غَنِصَ	غنص	فتحة	1	0
9338	غَنَضَ	غنض	كسرة	1	1
9339	خَتَنَ	ختن	ضمة	1	1
9340	خَتَنَ	ختن	ضمة	1	1
9341	غَنَظَ	غنظ	كسرة	1	1
9342	غَنِمَ	غنم	فتحة	1	1
9343	غَنَّ	غنن	فتحة	1	0
9344	غَنِيَ	غني	فتحة	1	0
9345	غَهِبَ	غهب	فتحة	1	0
9346	غَاثَ	غوث	ضمة	1	1
9347	غَاجَ	غوج	ضمة	1	0
9348	غَارَ	غور	ضمة	1	1
9349	غَازَ	غوز	ضمة	1	1
9350	غَاصَ	غوص	ضمة	1	0
9351	غَاطَ	غوط	ضمة	1	1
9352	غَوَى	غوي	كسرة	1	1
9353	غَوِيَ	غوو	فتحة	1	0
9354	غَابَ	غيب	كسرة	1	1
9355	غَاثَ	غيث	كسرة	1	1
9356	غَيِدَ	غيد	فتحة	1	0
9357	غَارَ	غير	كسرة	1	1
9358	غَيِرَ	غير	فتحة	1	0
9359	غَيِسَ	غيس	فتحة	1	0
9360	غَافَ	غيف	كسرة	1	0
9361	غَالَ	غيل	كسرة	1	1
9362	غَامَ	غيم	كسرة	1	0
9363	غَانَ	غين	كسرة	1	0
9364	غَيِنَ	غين	فتحة	1	0
9365	خَتَنَ	ختن	كسرة	1	1
9366	خَتَنَ	ختن	كسرة	1	1
9367	خَتَا	ختو	ضمة	1	1
9368	خَثَرَ	خثر	ضمة	1	0
9369	خَثِرَ	خثر	فتحة	1	0
9370	خَثُرَ	خثر	ضمة	1	0
9371	خَثِمَ	خثم	فتحة	1	0
9372	خَثَى	خثي	كسرة	1	0
9373	خَجَأَ	خجء	فتحة	1	1
9374	خَجِئَ	خجء	فتحة	1	0
9375	خَجَّ	خجج	ضمة	1	1
9376	خَجِلَ	خجل	فتحة	1	0
9377	خَجَى	خجي	كسرة	1	1
9378	خَجِيَ	خجي	فتحة	1	0
9379	خَدَبَ	خدب	ضمة	1	1
9380	خَدَبَ	خدب	كسرة	1	1
9381	خَدِبَ	خدب	فتحة	1	0
9382	خَدَجَ	خدج	ضمة	1	1
9383	خَدَجَ	خدج	كسرة	1	1
9384	خَدَّ	خدد	ضمة	1	1
9385	خَدَرَ	خدر	ضمة	1	1
9386	فَأَدَ	فءد	فتحة	1	1
9387	فَئِدَ	فءد	فتحة	1	0
9388	فَأَرَ	فءر	فتحة	1	1
9389	فَأَسَ	فءس	فتحة	1	1
9390	فَأَقَ	فءق	فتحة	1	0
9391	فَئِقَ	فءق	فتحة	1	0
9392	فَأَمَ	فءم	فتحة	1	0
9393	فَآ	فءو	ضمة	1	1
9394	فَأَى	فءي	فتحة	1	1
9395	فَتَأَ	فتء	فتحة	1	1
9396	فَتِئَ	فتء	فتحة	1	0
9397	فَتَّ	فتت	ضمة	1	1
9398	فَتَحَ	فتح	فتحة	1	1
9399	فَتَخَ	فتخ	فتحة	1	1
9400	فَتِخَ	فتخ	فتحة	1	0
9401	فَتَرَ	فتر	ضمة	1	1
9402	فَتَرَ	فتر	كسرة	1	1
9403	خَدِرَ	خدر	فتحة	1	0
9404	فَتَشَ	فتش	كسرة	1	1
9405	فَتَغَ	فتغ	فتحة	1	1
9406	فَتَقَ	فتق	ضمة	1	1
9407	فَتَقَ	فتق	كسرة	1	1
9408	فَتِقَ	فتق	فتحة	1	0
9409	فَتَلَ	فتل	كسرة	1	1
9410	فَتِلَ	فتل	فتحة	1	0
9411	فَتَنَ	فتن	كسرة	1	1
9412	فَتَنَ	فتن	كسرة	1	1
9413	فَتَا	فتو	ضمة	1	1
9414	فَتُوَ	فتو	ضمة	1	0
9415	فَتِيَ	فتي	فتحة	1	0
9416	فَثَأَ	فثء	فتحة	1	1
9417	فَثِئَ	فثء	فتحة	1	0
9418	فَثَّ	فثث	ضمة	1	1
9419	فَثَجَ	فثج	ضمة	1	1
9420	فَثَغَ	فثغ	فتحة	1	1
9421	فَجَأَ	فجء	فتحة	1	1
9422	فَجِئَ	فجء	فتحة	1	1
9423	فَجَّ	فجج	ضمة	1	1
9424	فَجَّ	فجج	فتحة	1	0
9425	فَجَرَ	فجر	ضمة	1	1
9426	فَجَسَ	فجس	ضمة	1	1
9427	فَجَشَ	فجش	ضمة	1	1
9428	فَجَعَ	فجع	فتحة	1	1
9429	فَجَلَ	فجل	ضمة	1	0
9430	فَجِلَ	فجل	فتحة	1	0
9431	فَجِمَ	فجم	فتحة	1	0
9432	فَجَا	فجو	ضمة	1	1
9433	خَدَشَ	خدش	كسرة	1	1
9434	فَجِيَ	فجو	فتحة	1	0
9435	فَجِيَ	فجي	فتحة	1	0
9436	فَحَثَ	فحث	فتحة	1	0
9437	فَحَجَ	فحج	فتحة	1	1
9438	فَحِجَ	فحج	فتحة	1	0
9439	فَحَّ	فحح	ضمة	1	0
9440	فَحَّ	فحح	كسرة	1	0
9441	فَحَسَ	فحس	فتحة	1	1
9442	فَحَشَ	فحش	ضمة	1	0
9443	فَحُشَ	فحش	ضمة	1	0
9444	فَحَصَ	فحص	فتحة	1	1
9445	فَحَضَ	فحض	فتحة	1	1
9446	فَحَلَ	فحل	فتحة	1	1
9447	فَحَمَ	فحم	ضمة	1	0
9448	فَحَمَ	فحم	فتحة	1	0
9449	فَحِمَ	فحم	فتحة	1	0
9450	فَحُمَ	فحم	ضمة	1	0
9451	فَحَا	فحو	ضمة	1	0
9452	فَحَى	فحي	كسرة	1	0
9453	فَحِيَ	فحي	فتحة	1	0
9454	فَخَتَ	فخت	فتحة	1	1
9455	فَخَجَ	فخج	فتحة	1	0
9456	فَخِجَ	فخج	فتحة	1	0
9457	فَخَّ	فخخ	كسرة	1	0
9458	فَخَّ	فخخ	فتحة	1	0
9459	فَخَذَ	فخذ	فتحة	1	1
9460	فَخَرَ	فخر	ضمة	1	1
9461	فَخِرَ	فخر	فتحة	1	0
9462	فَخَزَ	فخز	فتحة	1	1
9463	خَدَعَ	خدع	فتحة	1	1
9464	خَدَعَ	خدع	فتحة	1	1
9465	فَخِزَ	فخز	فتحة	1	0
9466	فَخَشَ	فخش	فتحة	1	1
9467	فَخُمَ	فخم	ضمة	1	0
9468	فَدَحَ	فدح	فتحة	1	1
9469	فَدَخَ	فدخ	فتحة	1	1
9470	فَدَّ	فدد	كسرة	1	0
9471	فَدَرَ	فدر	كسرة	1	0
9472	فَدِرَ	فدر	فتحة	1	0
9473	فَدَشَ	فدش	ضمة	1	1
9474	فَدِعَ	فدع	فتحة	1	0
9475	فَدَغَ	فدغ	فتحة	1	1
9476	فَدَمَ	فدم	كسرة	1	1
9477	فَدُمَ	فدم	ضمة	1	0
9478	فَدَى	فدي	كسرة	1	1
9479	فَذَّ	فذذ	ضمة	1	1
9480	فَذَّ	فذذ	كسرة	1	1
9481	فَرَتَ	فرت	ضمة	1	0
9482	فَرِتَ	فرت	فتحة	1	0
9483	فَرُتَ	فرت	ضمة	1	0
9484	فَرَثَ	فرث	ضمة	1	1
9485	فَرَثَ	فرث	كسرة	1	1
9486	فَرِثَ	فرث	فتحة	1	0
9487	فَرَجَ	فرج	كسرة	1	1
9488	فَرِجَ	فرج	فتحة	1	0
9489	فَرُجَ	فرج	ضمة	1	0
9490	فَرِحَ	فرح	فتحة	1	0
9491	فَرِخَ	فرخ	فتحة	1	0
9492	فَرَدَ	فرد	ضمة	1	0
9493	فَرِدَ	فرد	فتحة	1	0
9494	فَرُدَ	فرد	ضمة	1	0
9495	فَرَّ	فرر	كسرة	1	0
9496	خَدَفَ	خدف	كسرة	1	1
9497	فَرَزَ	فرز	كسرة	1	1
9498	فَرَسَ	فرس	كسرة	1	1
9499	فَرَسَ	فرس	كسرة	1	1
9500	فَرِسَ	فرس	فتحة	1	0
9501	فَرُسَ	فرس	ضمة	1	0
9502	فَرَشَ	فرش	ضمة	1	1
9503	فَرَشَ	فرش	كسرة	1	1
9504	فَرَصَ	فرص	ضمة	1	1
9505	فَرَصَ	فرص	كسرة	1	1
9506	فَرَضَ	فرض	كسرة	1	1
9507	فَرُضَ	فرض	ضمة	1	0
9508	فَرَطَ	فرط	ضمة	1	1
9509	فَرَطَ	فرط	كسرة	1	1
9510	فَرَعَ	فرع	فتحة	1	1
9511	فَرِعَ	فرع	فتحة	1	0
9512	فَرِغَ	فرغ	فتحة	1	1
9513	فَرُغَ	فرغ	ضمة	1	0
9514	فَرَقَ	فرق	ضمة	1	1
9515	فَرَقَ	فرق	كسرة	1	1
9516	فَرِقَ	فرق	فتحة	1	0
9517	فَرَكَ	فرك	ضمة	1	1
9518	فَرَمَ	فرم	ضمة	1	1
9519	فَرَهَ	فره	ضمة	1	0
9520	فَرِهَ	فره	فتحة	1	0
9521	فَرُهَ	فره	ضمة	1	0
9522	فَرَى	فري	كسرة	1	1
9523	فَرِيَ	فري	فتحة	1	0
9524	خَدِلَ	خدل	فتحة	1	0
9525	فَزَرَ	فزر	ضمة	1	1
9526	فَزِرَ	فزر	فتحة	1	0
9527	فَزَّ	فزز	ضمة	1	1
9528	فَزَّ	فزز	كسرة	1	0
9529	فَزَّ	فزز	كسرة	1	0
9530	فَزَّ	فزز	كسرة	1	0
9531	فَزَعَ	فزع	فتحة	1	1
9532	فَزِعَ	فزع	فتحة	1	1
9533	فَسَأَ	فسء	فتحة	1	1
9534	فَسِئَ	فسء	فتحة	1	0
9535	فَسَجَ	فسج	ضمة	1	0
9536	فَسَحَ	فسح	فتحة	1	1
9537	فَسُحَ	فسح	ضمة	1	0
9538	فَسَخَ	فسخ	فتحة	1	1
9539	فَسِخَ	فسخ	فتحة	1	0
9540	فَسَدَ	فسد	ضمة	1	0
9541	فَسُدَ	فسد	ضمة	1	0
9542	فَسَرَ	فسر	ضمة	1	1
9543	فَسَرَ	فسر	كسرة	1	1
9544	فَسُقَ	فسق	ضمة	1	0
9545	فَسَلَ	فسل	ضمة	1	1
9546	فَسِلَ	فسل	فتحة	1	0
9547	فَسُلَ	فسل	ضمة	1	0
9548	فَسَا	فسو	ضمة	1	0
9549	فَشَأَ	فشء	فتحة	1	0
9550	فَشَجَ	فشج	كسرة	1	0
9551	فَشَحَ	فشح	فتحة	1	0
9552	فَشَخَ	فشخ	فتحة	1	1
9553	فَشَّ	فشش	ضمة	1	1
9554	فَشَعَ	فشع	فتحة	1	0
9555	خَدَمَ	خدم	ضمة	1	1
9556	فَشَغَ	فشغ	فتحة	1	1
9557	فَشِغَ	فشغ	فتحة	1	0
9558	فَشَقَ	فشق	ضمة	1	1
9559	فَشِقَ	فشق	فتحة	1	0
9560	فَشَلَ	فشل	ضمة	1	1
9561	فَشِلَ	فشل	فتحة	1	0
9562	فَشَا	فشو	ضمة	1	0
9563	فَصَحَ	فصح	فتحة	1	1
9564	فَصُحَ	فصح	ضمة	1	0
9565	فَصَخَ	فصخ	فتحة	1	1
9566	فَصَدَ	فصد	كسرة	1	1
9567	فَصَّ	فصص	كسرة	1	1
9568	فَصَعَ	فصع	فتحة	1	1
9569	فَصَلَ	فصل	ضمة	1	0
9570	فَصَلَ	فصل	كسرة	1	1
9571	فَصَمَ	فصم	كسرة	1	1
9572	فَصَى	فصي	كسرة	1	1
9573	فَضَحَ	فضح	فتحة	1	1
9574	فَضِحَ	فضح	فتحة	1	0
9575	فَضَخَ	فضخ	فتحة	1	1
9576	فَضَّ	فضض	ضمة	1	1
9577	فَضَعَ	فضع	فتحة	1	0
9578	فَضَغَ	فضغ	فتحة	1	1
9579	فَضَلَ	فضل	ضمة	1	1
9580	فَضِلَ	فضل	فتحة	1	0
9581	فَضُلَ	فضل	ضمة	1	0
9582	فَطَأَ	فطء	فتحة	1	1
9583	فَطِئَ	فطء	فتحة	1	0
9584	فَطَحَ	فطح	فتحة	1	1
9585	خَدَمَ	خدم	كسرة	1	1
9586	فَطِحَ	فطح	فتحة	1	0
9587	فَطَرَ	فطر	ضمة	1	1
9588	فَطَرَ	فطر	كسرة	1	1
9589	فَطَسَ	فطس	كسرة	1	1
9590	فَطِسَ	فطس	فتحة	1	0
9591	فَطَمَ	فطم	كسرة	1	1
9592	فَطِنَ	فطن	فتحة	1	0
9593	فَطُنَ	فطن	ضمة	1	0
9594	فَطِهَ	فطه	فتحة	1	0
9595	فَطَا	فطو	ضمة	1	1
9596	فَظَّ	فظظ	فتحة	1	0
9597	فَظُعَ	فظع	ضمة	1	0
9598	فَعَرَ	فعر	فتحة	1	0
9599	فَعَلَ	فعل	فتحة	1	1
9600	فَعَمَ	فعم	فتحة	1	1
9601	فَعُمَ	فعم	ضمة	1	0
9602	فَغَرَ	فغر	ضمة	1	1
9603	فَغَرَ	فغر	فتحة	1	1
9604	فَغَّ	فغغ	ضمة	1	1
9605	فَغَمَ	فغم	فتحة	1	1
9606	فَغِمَ	فغم	فتحة	1	0
9607	فَغَا	فغو	ضمة	1	1
9608	فَغِيَ	فغي	فتحة	1	0
9609	فَقَأَ	فقء	فتحة	1	1
9610	خَدَى	خدي	كسرة	1	0
9611	فَقَحَ	فقح	فتحة	1	1
9612	فَقَخَ	فقخ	فتحة	1	1
9613	فَقَدَ	فقد	كسرة	1	1
9614	فَقَرَ	فقر	ضمة	1	1
9615	فَقَرَ	فقر	كسرة	1	1
9616	فَقِرَ	فقر	فتحة	1	0
9617	فَقُرَ	فقر	ضمة	1	0
9618	فَقَسَ	فقس	كسرة	1	1
9619	فَقَشَ	فقش	كسرة	1	1
9620	فَقَصَ	فقص	كسرة	1	1
9621	فَقَعَ	فقع	ضمة	1	1
9622	فَقَعَ	فقع	فتحة	1	1
9623	فَقِعَ	فقع	فتحة	1	0
9624	فَقَّ	فقق	ضمة	1	1
9625	فَقَّ	فقق	كسرة	1	0
9626	فَقَمَ	فقم	ضمة	1	1
9627	فَقِمَ	فقم	فتحة	1	0
9628	فَقُمَ	فقم	ضمة	1	0
9629	فَقِهَ	فقه	فتحة	1	1
9630	فَقُهَ	فقه	ضمة	1	0
9631	فَقَا	فقو	ضمة	1	1
9632	فَكَرَ	فكر	ضمة	1	0
9633	فَكَرَ	فكر	كسرة	1	0
9634	فَكَعَ	فكع	فتحة	1	0
9635	فَكِعَ	فكع	فتحة	1	0
9636	فَكَّ	فكك	ضمة	1	1
9637	فَكَّ	فكك	فتحة	1	0
9638	فَكَّ	فكك	ضمة	1	0
9639	فَكَنَ	فكن	ضمة	1	0
9640	خَذَأَ	خذء	فتحة	1	0
9641	فَكِهَ	فكه	فتحة	1	0
9642	فَلَأَ	فلء	فتحة	1	1
9643	فَلَجَ	فلج	ضمة	1	1
9644	فَلَجَ	فلج	كسرة	1	1
9645	فَلِجَ	فلج	فتحة	1	0
9646	فَلَحَ	فلح	فتحة	1	1
9647	فَلِحَ	فلح	فتحة	1	0
9648	فَلَخَ	فلخ	فتحة	1	1
9649	فَلَذَ	فلذ	كسرة	1	1
9650	فَلِسَ	فلس	فتحة	1	0
9651	فَلَطَ	فلط	ضمة	1	0
9652	فَلَعَ	فلع	فتحة	1	1
9653	فَلَغَ	فلغ	فتحة	1	1
9654	فَلَقَ	فلق	كسرة	1	1
9655	فَلَكَ	فلك	ضمة	1	0
9656	فَلِكَ	فلك	فتحة	1	0
9657	فَلَّ	فلل	ضمة	1	1
9658	فَلَّ	فلل	كسرة	1	0
9659	فَلَّ	فلل	كسرة	1	0
9660	فَلَّ	فلل	فتحة	1	0
9661	فَلَّ	فلل	فتحة	1	0
9662	فَلَا	فلو	ضمة	1	1
9663	فَلَى	فلي	كسرة	1	1
9664	فَلِيَ	فلي	فتحة	1	0
9665	فَنَحَ	فنح	فتحة	1	0
9666	فَنَخَ	فنخ	فتحة	1	1
9667	فَنِدَ	فند	فتحة	1	0
9668	فَنَسَ	فنس	كسرة	1	0
9669	فَنِعَ	فنع	فتحة	1	0
9670	فَنَقَ	فنق	كسرة	1	0
9671	فَنَكَ	فنك	ضمة	1	0
9672	فَنِكَ	فنك	فتحة	1	0
9673	فَنَّ	فنن	ضمة	1	1
9674	خَذِئَ	خذء	فتحة	1	0
9675	فَنِيَ	فني	فتحة	1	0
9676	فَهَدَ	فهد	فتحة	1	0
9677	فَهِدَ	فهد	فتحة	1	0
9678	فَهَرَ	فهر	فتحة	1	0
9679	فَهَقَ	فهق	فتحة	1	1
9680	فَهِقَ	فهق	فتحة	1	0
9681	فَهِمَ	فهم	فتحة	1	1
9682	فَهَّ	فهه	فتحة	1	1
9683	فَهَا	فهو	ضمة	1	0
9684	فَاتَ	فوت	ضمة	1	1
9685	فَاجَ	فوج	ضمة	1	0
9686	فَاحَ	فوح	ضمة	1	0
9687	فَاخَ	فوخ	ضمة	1	0
9688	فَادَ	فود	ضمة	1	1
9689	فَازَ	فوز	ضمة	1	0
9690	فَاظَ	فوظ	ضمة	1	1
9691	فَاعَ	فوع	ضمة	1	0
9692	فَاغَ	فوغ	ضمة	1	0
9693	فَافَ	فوف	ضمة	1	0
9694	فَاقَ	فوق	ضمة	1	1
9695	فَاقَ	فوق	ضمة	1	1
9696	فَوِقَ	فوق	فتحة	1	0
9697	فَاهَ	فوه	ضمة	1	0
9698	فَوِهَ	فوه	فتحة	1	0
9699	فَاءَ	فيء	كسرة	1	1
9700	فَاجَ	فيج	كسرة	1	0
9701	فَاحَ	فيح	كسرة	1	0
9702	فَاحَ	فيح	كسرة	1	0
9703	فَيِحَ	فيح	فتحة	1	0
9704	فَاخَ	فيخ	كسرة	1	0
9705	فَادَ	فيد	كسرة	1	1
9706	فَاصَ	فيص	كسرة	1	0
9707	فَاضَ	فيض	كسرة	1	0
9708	فَاضَ	فيض	كسرة	1	0
9709	فَاظَ	فيظ	كسرة	1	1
9710	فَالَ	فيل	كسرة	1	0
9711	فَانَ	فين	كسرة	1	0
9712	قَأَبَ	قءب	فتحة	1	1
9713	قَئِبَ	قءب	فتحة	1	1
9714	قَئِمَ	قءم	فتحة	1	0
9715	قَأَى	قءي	فتحة	1	0
9716	قَبَّ	قبب	ضمة	1	1
9717	قَبَّ	قبب	ضمة	1	1
9718	قَبَّ	قبب	كسرة	1	1
9719	قَبَّ	قبب	كسرة	1	1
9720	قَبَّ	قبب	فتحة	1	0
9721	قَبَّ	قبب	فتحة	1	0
9722	قَبَثَ	قبث	كسرة	1	0
9723	قَبَحَ	قبح	فتحة	1	1
9724	قَبُحَ	قبح	ضمة	1	0
9725	قَبَرَ	قبر	ضمة	1	1
9726	قَبَرَ	قبر	كسرة	1	1
9727	قَبَسَ	قبس	كسرة	1	1
9728	قَبِسَ	قبس	فتحة	1	0
9729	قَبُسَ	قبس	ضمة	1	0
9730	قَبَصَ	قبص	كسرة	1	1
9731	خَذَعَ	خذع	فتحة	1	1
9732	قَبِصَ	قبص	فتحة	1	0
9733	قَبَضَ	قبض	كسرة	1	1
9734	قَبَطَ	قبط	كسرة	1	1
9735	قَبَلَ	قبل	ضمة	1	1
9736	قَبِلَ	قبل	فتحة	1	1
9737	قَبِلَ	قبل	فتحة	1	1
9738	قَبُلَ	قبل	ضمة	1	0
9739	قَبَنَ	قبن	كسرة	1	0
9740	قَبَا	قبو	ضمة	1	1
9741	قَتَبَ	قتب	ضمة	1	1
9742	قَتَّ	قتت	ضمة	1	1
9743	قَتِدَ	قتد	فتحة	1	0
9744	قَتَرَ	قتر	ضمة	1	1
9745	قَتَرَ	قتر	كسرة	1	1
9746	قَتِرَ	قتر	فتحة	1	0
9747	قَتَعَ	قتع	فتحة	1	0
9748	قَتَلَ	قتل	ضمة	1	1
9749	قَتَمَ	قتم	ضمة	1	0
9750	قَتَمَ	قتم	ضمة	1	0
9751	قَتِمَ	قتم	فتحة	1	0
9752	قَتَنَ	قتن	ضمة	1	0
9753	قَتُنَ	قتن	ضمة	1	0
9754	قَتَا	قتو	ضمة	1	1
9755	قَثَّ	قثث	ضمة	1	1
9756	قَثَمَ	قثم	ضمة	1	1
9757	قَثَمَ	قثم	كسرة	1	1
9758	قَثِمَ	قثم	فتحة	1	0
9759	خَذَفَ	خذف	كسرة	1	1
9760	قَثُمَ	قثم	ضمة	1	0
9761	قَثَا	قثو	ضمة	1	1
9762	قَثَى	قثي	كسرة	1	1
9763	قَحَبَ	قحب	ضمة	1	0
9764	قَحَثَ	قحث	فتحة	1	1
9765	قَحَّ	قحح	ضمة	1	0
9766	قَحَدَ	قحد	فتحة	1	0
9767	قَحَرَ	قحر	فتحة	1	0
9768	قَحَزَ	قحز	فتحة	1	1
9769	قَحَصَ	قحص	فتحة	1	1
9770	قَحِطَ	قحط	فتحة	1	0
9771	قَحَفَ	قحف	فتحة	1	1
9772	قَحَلَ	قحل	فتحة	1	0
9773	قَحِلَ	قحل	فتحة	1	0
9774	قَحَمَ	قحم	ضمة	1	1
9775	قَحَمَ	قحم	فتحة	1	1
9776	قَحَا	قحو	ضمة	1	1
9777	قَخَرَ	قخر	فتحة	1	1
9778	قَخَا	قخو	ضمة	1	0
9779	قَدَحَ	قدح	فتحة	1	1
9780	قَدَّ	قدد	ضمة	1	1
9781	قَدَرَ	قدر	ضمة	1	1
9782	قَدَرَ	قدر	كسرة	1	1
9783	قَدِرَ	قدر	فتحة	1	0
9784	قَدِرَ	قدر	فتحة	1	0
9785	خَذَقَ	خذق	ضمة	1	1
9786	قَدُسَ	قدس	ضمة	1	0
9787	قَدَعَ	قدع	فتحة	1	1
9788	قَدِعَ	قدع	فتحة	1	0
9789	قَدَفَ	قدف	ضمة	1	1
9790	قَدَمَ	قدم	ضمة	1	1
9791	قَدِمَ	قدم	فتحة	1	1
9792	قَدُمَ	قدم	ضمة	1	0
9793	قَدَا	قدو	ضمة	1	0
9794	قَدِيَ	قدو	فتحة	1	0
9795	قَدُوَ	قدو	ضمة	1	0
9796	قَدَى	قدي	كسرة	1	0
9797	قَذَّ	قذذ	ضمة	1	1
9798	قَذَرَ	قذر	ضمة	1	1
9799	قَذِرَ	قذر	فتحة	1	1
9800	قَذُرَ	قذر	ضمة	1	0
9801	قَذَعَ	قذع	فتحة	1	1
9802	قَذَفَ	قذف	كسرة	1	1
9803	قَذَلَ	قذل	ضمة	1	1
9804	قَذَمَ	قذم	كسرة	1	0
9805	قَذِمَ	قذم	فتحة	1	0
9806	قَذِيَ	قذي	فتحة	1	0
9807	قَرَأَ	قرء	فتحة	1	1
9808	قَرَبَ	قرب	ضمة	1	1
9809	قَرِبَ	قرب	فتحة	1	1
9810	خَذَقَ	خذق	كسرة	1	1
9811	قَرُبَ	قرب	ضمة	1	0
9812	قَرَتَ	قرت	ضمة	1	0
9813	قَرِتَ	قرت	فتحة	1	0
9814	قَرَثَ	قرث	ضمة	1	1
9815	قَرِثَ	قرث	فتحة	1	0
9816	قَرَحَ	قرح	فتحة	1	1
9817	قَرِحَ	قرح	فتحة	1	0
9818	قَرَدَ	قرد	كسرة	1	1
9819	قَرِدَ	قرد	فتحة	1	0
9820	قَرَّ	قرر	ضمة	1	1
9821	قَرَّ	قرر	كسرة	1	0
9822	قَرَّ	قرر	كسرة	1	0
9823	قَرَّ	قرر	كسرة	1	0
9824	قَرَّ	قرر	كسرة	1	0
9825	قَرَّ	قرر	فتحة	1	1
9826	قَرَسَ	قرس	كسرة	1	1
9827	قَرِسَ	قرس	فتحة	1	0
9828	قَرَشَ	قرش	ضمة	1	1
9829	قَرَشَ	قرش	كسرة	1	1
9830	قَرِشَ	قرش	فتحة	1	1
9831	قَرَصَ	قرص	ضمة	1	1
9832	قَرِصَ	قرص	فتحة	1	0
9833	قَرَضَ	قرض	كسرة	1	1
9834	قَرِضَ	قرض	فتحة	1	0
9835	قَرَطَ	قرط	ضمة	1	1
9836	قَرِطَ	قرط	فتحة	1	0
9837	قَرَظَ	قرظ	كسرة	1	1
9838	قَرِظَ	قرظ	فتحة	1	0
9839	قَرَعَ	قرع	فتحة	1	1
9840	قَرِعَ	قرع	فتحة	1	0
9841	قَرَفَ	قرف	كسرة	1	1
9842	خَذَلَ	خذل	ضمة	1	1
9843	قَرِفَ	قرف	فتحة	1	1
9844	قَرَقَ	قرق	كسرة	1	0
9845	قَرَقَ	قرق	كسرة	1	0
9846	قَرِقَ	قرق	فتحة	1	0
9847	قَرَمَ	قرم	ضمة	1	1
9848	قَرَمَ	قرم	كسرة	1	0
9849	قَرِمَ	قرم	فتحة	1	0
9850	قَرَنَ	قرن	ضمة	1	1
9851	قَرَنَ	قرن	كسرة	1	1
9852	قَرِنَ	قرن	فتحة	1	0
9853	قَرِهَ	قره	فتحة	1	0
9854	قَرَا	قرو	ضمة	1	1
9855	قَرَى	قري	كسرة	1	1
9856	قَرَى	قري	كسرة	1	1
9857	قَرِيَ	قري	فتحة	1	0
9858	قَزِبَ	قزب	فتحة	1	0
9859	قَزَحَ	قزح	فتحة	1	1
9860	قَزِحَ	قزح	فتحة	1	0
9861	قَزَّ	قزز	ضمة	1	1
9862	قَزَّ	قزز	كسرة	1	1
9863	قَزَعَ	قزع	فتحة	1	0
9864	قَزِعَ	قزع	فتحة	1	0
9865	قَزَلَ	قزل	كسرة	1	0
9866	قَزِلَ	قزل	فتحة	1	0
9867	قَزَمَ	قزم	ضمة	1	1
9868	قَزِمَ	قزم	فتحة	1	0
9869	قَزَا	قزو	ضمة	1	1
9870	قَسَبَ	قسب	كسرة	1	0
9871	قَسُبَ	قسب	ضمة	1	0
9872	قَسَحَ	قسح	فتحة	1	1
9873	قَسَرَ	قسر	كسرة	1	1
9874	قَسَّ	قسس	ضمة	1	1
9875	خَذَمَ	خذم	كسرة	1	1
9876	قَسَطَ	قسط	كسرة	1	0
9877	قَسَطَ	قسط	كسرة	1	0
9878	قَسِطَ	قسط	فتحة	1	0
9879	قَسَمَ	قسم	كسرة	1	1
9880	قَسُمَ	قسم	ضمة	1	0
9881	قَسَا	قسو	ضمة	1	0
9882	قَشَبَ	قشب	كسرة	1	1
9883	قَشِبَ	قشب	فتحة	1	1
9884	قَشُبَ	قشب	ضمة	1	0
9885	قَشَدَ	قشد	كسرة	1	1
9886	قَشَرَ	قشر	ضمة	1	1
9887	قَشَرَ	قشر	كسرة	1	1
9888	قَشِرَ	قشر	فتحة	1	0
9889	قَشَّ	قشش	ضمة	1	1
9890	قَشَّ	قشش	كسرة	1	1
9891	قَشَطَ	قشط	كسرة	1	1
9892	قَشَعَ	قشع	فتحة	1	1
9893	قَشِعَ	قشع	فتحة	1	0
9894	قَشِفَ	قشف	فتحة	1	0
9895	قَشُفَ	قشف	ضمة	1	0
9896	قَشَمَ	قشم	كسرة	1	1
9897	قَشَا	قشو	ضمة	1	1
9898	قَصَبَ	قصب	كسرة	1	1
9899	قَصَدَ	قصد	كسرة	1	1
9900	قَصُدَ	قصد	ضمة	1	0
9901	قَصَرَ	قصر	ضمة	1	1
9902	قَصَرَ	قصر	ضمة	1	1
9903	قَصَرَ	قصر	كسرة	1	1
9904	قَصَرَ	قصر	كسرة	1	1
9905	قَصِرَ	قصر	فتحة	1	0
9906	قَصُرَ	قصر	ضمة	1	0
9907	قَصَّ	قصص	ضمة	1	1
9908	قَصَّ	قصص	ضمة	1	1
9909	قَصَعَ	قصع	فتحة	1	1
9910	قَصِعَ	قصع	فتحة	1	0
9911	خَذِمَ	خذم	فتحة	1	0
9912	قَصُعَ	قصع	ضمة	1	0
9913	قَصَفَ	قصف	كسرة	1	1
9914	قَصِفَ	قصف	فتحة	1	0
9915	قَصَلَ	قصل	كسرة	1	1
9916	قَصَمَ	قصم	كسرة	1	1
9917	قَصِمَ	قصم	فتحة	1	0
9918	قَضِئَ	قضء	فتحة	1	1
9919	قَضَبَ	قضب	كسرة	1	1
9920	قَضَّ	قضض	ضمة	1	1
9921	قَضَّ	قضض	كسرة	1	0
9922	قَضَّ	قضض	كسرة	1	0
9923	قَضَّ	قضض	فتحة	1	0
9924	قَضَّ	قضض	فتحة	1	0
9925	قَضَعَ	قضع	فتحة	1	1
9926	قَضُفَ	قضف	ضمة	1	0
9927	قَضَمَ	قضم	كسرة	1	1
9928	قَضَى	قضي	كسرة	1	1
9929	قَطَبَ	قطب	كسرة	1	1
9930	قَطَرَ	قطر	ضمة	1	1
9931	قَطَّ	قطط	ضمة	1	1
9932	قَطَّ	قطط	كسرة	1	0
9933	قَطَّ	قطط	كسرة	1	0
9934	قَطَّ	قطط	فتحة	1	0
9935	قَطَّ	قطط	فتحة	1	0
9936	قَطَّ	قطط	فتحة	1	1
9937	قَطَعَ	قطع	فتحة	1	1
9938	قَطِعَ	قطع	فتحة	1	0
9939	خَذَا	خذو	ضمة	1	0
9940	قَطُعَ	قطع	ضمة	1	0
9941	قَطَفَ	قطف	ضمة	1	1
9942	قَطَفَ	قطف	ضمة	1	1
9943	قَطَفَ	قطف	كسرة	1	1
9944	قَطَفَ	قطف	كسرة	1	1
9945	قَطُفَ	قطف	ضمة	1	0
9946	قَطَلَ	قطل	ضمة	1	1
9947	قَطَلَ	قطل	كسرة	1	1
9948	قَطَمَ	قطم	كسرة	1	1
9949	قَطِمَ	قطم	فتحة	1	0
9950	قَطَنَ	قطن	ضمة	1	1
9951	قَطِنَ	قطن	فتحة	1	0
9952	قَطَا	قطو	ضمة	1	0
9953	قَعَثَ	قعث	فتحة	1	1
9954	قَعَدَ	قعد	ضمة	1	0
9955	قَعِدَ	قعد	فتحة	1	0
9956	قَعَرَ	قعر	فتحة	1	1
9957	قَعُرَ	قعر	ضمة	1	0
9958	قَعَزَ	قعز	فتحة	1	1
9959	قَعَسَ	قعس	فتحة	1	1
9960	قَعِسَ	قعس	فتحة	1	0
9961	قَعَشَ	قعش	فتحة	1	1
9962	قَعَصَ	قعص	فتحة	1	1
9963	قَعِصَ	قعص	فتحة	1	0
9964	قَعَطَ	قعط	فتحة	1	1
9965	قَعِطَ	قعط	فتحة	1	0
9966	قَعَّ	قعع	ضمة	1	1
9967	قَعَفَ	قعف	فتحة	1	1
9968	قَعِفَ	قعف	فتحة	1	0
9969	قَعَمَ	قعم	فتحة	1	0
9970	قَعِمَ	قعم	فتحة	1	0
9971	قَعِنَ	قعن	فتحة	1	0
9972	قَعَا	قعو	ضمة	1	1
9973	خَذِيَ	خذي	فتحة	1	0
9974	قَعِيَ	قعو	فتحة	1	0
9975	قَفِئَ	قفء	فتحة	1	0
9976	قَفَحَ	قفح	فتحة	1	1
9977	قَفَخَ	قفخ	فتحة	1	1
9978	قَفَدَ	قفد	كسرة	1	1
9979	قَفِدَ	قفد	فتحة	1	0
9980	قَفَرَ	قفر	ضمة	1	1
9981	قَفِرَ	قفر	فتحة	1	0
9982	قَفَزَ	قفز	كسرة	1	0
9983	قَفِزَ	قفز	فتحة	1	0
9984	قَفَسَ	قفس	كسرة	1	1
9985	قَفِسَ	قفس	فتحة	1	0
9986	قَفُسَ	قفس	ضمة	1	0
9987	قَفَشَ	قفش	كسرة	1	1
9988	قَفَصَ	قفص	كسرة	1	1
9989	قَفِصَ	قفص	فتحة	1	0
9990	قَفَطَ	قفط	ضمة	1	1
9991	قَفَطَ	قفط	كسرة	1	1
9992	قَفَعَ	قفع	فتحة	1	1
9993	قَفِعَ	قفع	فتحة	1	0
9994	قَفَّ	قفف	كسرة	1	0
9995	قَفَلَ	قفل	ضمة	1	1
9996	قَفَلَ	قفل	ضمة	1	1
9997	قَفَلَ	قفل	كسرة	1	1
9998	قَفَلَ	قفل	كسرة	1	1
9999	قَفِلَ	قفل	فتحة	1	1
10000	قَفَنَ	قفن	كسرة	1	1
10001	قَفَا	قفو	ضمة	1	1
10002	قَفَى	قفي	كسرة	1	1
10003	قَلَبَ	قلب	ضمة	1	1
10004	قَلَبَ	قلب	كسرة	1	1
10005	قَلِبَ	قلب	فتحة	1	0
10006	خَرِئَ	خرء	فتحة	1	0
10007	قَلِتَ	قلت	فتحة	1	0
10008	قَلِحَ	قلح	فتحة	1	0
10009	قَلَخَ	قلخ	فتحة	1	1
10010	قَلَدَ	قلد	كسرة	1	1
10011	قَلَزَ	قلز	ضمة	1	1
10012	قَلَزَ	قلز	كسرة	1	1
10013	قَلَسَ	قلس	كسرة	1	1
10014	قَلِصَ	قلص	فتحة	1	0
10015	قَلَعَ	قلع	فتحة	1	1
10016	قَلِعَ	قلع	فتحة	1	0
10017	قَلَفَ	قلف	ضمة	1	1
10018	قَلَفَ	قلف	كسرة	1	1
10019	قَلِفَ	قلف	فتحة	1	0
10020	قَلَقَ	قلق	كسرة	1	1
10021	قَلِقَ	قلق	فتحة	1	0
10022	قَلَمَ	قلم	كسرة	1	1
10023	قَلَا	قلو	ضمة	1	1
10024	قَلَى	قلي	كسرة	1	1
10025	قَلَى	قلي	كسرة	1	1
10026	قَلِيَ	قلي	فتحة	1	1
10027	قَمَأَ	قمء	فتحة	1	1
10028	قَمُؤَ	قمء	ضمة	1	0
10029	قَمَحَ	قمح	فتحة	1	0
10030	قَمِحَ	قمح	فتحة	1	1
10031	قَمَدَ	قمد	ضمة	1	0
10032	قَمِدَ	قمد	فتحة	1	0
10033	قَمَرَ	قمر	ضمة	1	1
10034	قَمَرَ	قمر	كسرة	1	1
10035	خَرَبَ	خرب	ضمة	1	1
10036	خَرَبَ	خرب	ضمة	1	1
10037	قَمِرَ	قمر	فتحة	1	0
10038	قَمَزَ	قمز	كسرة	1	1
10039	قَمَسَ	قمس	ضمة	1	1
10040	قَمَسَ	قمس	كسرة	1	1
10041	قَمَشَ	قمش	ضمة	1	1
10042	قَمَشَ	قمش	كسرة	1	1
10043	قَمَصَ	قمص	ضمة	1	0
10044	قَمَصَ	قمص	كسرة	1	0
10045	قَمَطَ	قمط	ضمة	1	1
10046	قَمَطَ	قمط	كسرة	1	1
10047	قَمَعَ	قمع	فتحة	1	1
10048	قَمِعَ	قمع	فتحة	1	1
10049	قَمِلَ	قمل	فتحة	1	0
10050	قَمَّ	قمم	ضمة	1	1
10051	قَمِنَ	قمن	فتحة	1	0
10052	قَمُنَ	قمن	ضمة	1	0
10053	قَمَهَ	قمه	فتحة	1	1
10054	قَمِهَ	قمه	فتحة	1	0
10055	قَمَا	قمو	ضمة	1	1
10056	قَمَى	قمي	كسرة	1	1
10057	قَنَأَ	قنء	فتحة	1	1
10058	قَنِئَ	قنء	فتحة	1	0
10059	قَنَبَ	قنب	كسرة	1	1
10060	قَنُتَ	قنت	ضمة	1	0
10061	قَنَحَ	قنح	فتحة	1	1
10062	قَنَدَ	قند	ضمة	1	1
10063	قَنَصَ	قنص	كسرة	1	1
10064	خَرِبَ	خرب	فتحة	1	0
10065	قَنِطَ	قنط	فتحة	1	0
10066	قَنُطَ	قنط	ضمة	1	0
10067	قَنِطَ	قنط	كسرة	1	0
10068	قَنَعَ	قنع	فتحة	1	1
10069	قَنِفَ	قنف	فتحة	1	0
10070	قَنِمَ	قنم	فتحة	1	0
10071	قَنَّ	قنن	ضمة	1	1
10072	قَنَا	قنو	ضمة	1	1
10073	قَنَى	قني	كسرة	1	1
10074	قَهِبَ	قهب	فتحة	1	0
10075	قَهَدَ	قهد	فتحة	1	0
10076	قَهَرَ	قهر	فتحة	1	1
10077	قَهَزَ	قهز	فتحة	1	0
10078	قَهَلَ	قهل	فتحة	1	1
10079	قَهِلَ	قهل	فتحة	1	1
10080	قَهِمَ	قهم	فتحة	1	0
10081	قَهَّ	قهه	كسرة	1	0
10082	قَهِيَ	قهي	فتحة	1	1
10083	قَابَ	قوب	ضمة	1	1
10084	قَاتَ	قوت	ضمة	1	1
10085	قَاخَ	قوخ	ضمة	1	0
10086	قَادَ	قود	ضمة	1	1
10087	قَوِدَ	قود	فتحة	1	0
10088	قَارَ	قور	ضمة	1	1
10089	قَاسَ	قوس	ضمة	1	1
10090	خَرَتَ	خرت	ضمة	1	1
10091	قَوِسَ	قوس	فتحة	1	0
10092	قَاضَ	قوض	ضمة	1	1
10093	قَافَ	قوف	ضمة	1	1
10094	قَاقَ	قوق	ضمة	1	0
10095	قَالَ	قول	ضمة	1	1
10096	قَامَ	قوم	ضمة	1	1
10097	قَوِيَ	قوي	فتحة	1	0
10098	قَوِيَ	قوي	فتحة	1	0
10099	قَاءَ	قيء	كسرة	1	1
10100	قَاحَ	قيح	كسرة	1	0
10101	قَاسَ	قيس	كسرة	1	1
10102	قَاصَ	قيص	كسرة	1	0
10103	قَاضَ	قيض	كسرة	1	1
10104	قَاظَ	قيظ	كسرة	1	0
10105	قَاعَ	قيع	كسرة	1	0
10106	قَاقَ	قيق	كسرة	1	0
10107	قَانَ	قين	كسرة	1	1
10108	كَئِبَ	كءب	فتحة	1	0
10109	كَأَجَ	كءج	فتحة	1	0
10110	كَأَدَ	كءد	فتحة	1	0
10111	كَأَشَ	كءش	فتحة	1	1
10112	كَأَصَ	كءص	فتحة	1	1
10113	كَأَلَ	كءل	فتحة	1	1
10114	كَأَى	كءي	فتحة	1	0
10115	كَبَّ	كبب	ضمة	1	1
10116	خَرِثَ	خرث	فتحة	1	0
10117	كَبَتَ	كبت	كسرة	1	1
10118	كَبَتَ	كبت	كسرة	1	1
10119	كَبَثَ	كبث	ضمة	1	1
10120	كَبِثَ	كبث	فتحة	1	0
10121	كَبَحَ	كبح	فتحة	1	1
10122	كَبَدَ	كبد	ضمة	1	1
10123	كَبَدَ	كبد	كسرة	1	1
10124	كَبِدَ	كبد	فتحة	1	0
10125	كَبَرَ	كبر	ضمة	1	1
10126	كَبِرَ	كبر	فتحة	1	0
10127	كَبُرَ	كبر	ضمة	1	0
10128	كَبَسَ	كبس	كسرة	1	1
10129	كَبِسَ	كبس	فتحة	1	0
10130	كَبَشَ	كبش	كسرة	1	1
10131	كَبَعَ	كبع	فتحة	1	1
10132	كَبَلَ	كبل	كسرة	1	1
10133	كَبَنَ	كبن	ضمة	1	1
10134	كَبَنَ	كبن	كسرة	1	1
10135	كَبَا	كبو	ضمة	1	1
10136	كَتَبَ	كتب	ضمة	1	1
10137	كَتَبَ	كتب	كسرة	1	1
10138	كَتَّ	كتت	ضمة	1	1
10139	كَتَّ	كتت	كسرة	1	1
10140	كَتَحَ	كتح	فتحة	1	1
10141	كَتَعَ	كتع	فتحة	1	0
10142	كَتَفَ	كتف	كسرة	1	1
10143	كَتِفَ	كتف	فتحة	1	0
10144	كَتَلَ	كتل	ضمة	1	1
10145	كَتِلَ	كتل	فتحة	1	0
10146	كَتَمَ	كتم	ضمة	1	1
10147	خَرَجَ	خرج	ضمة	1	0
10148	كَتِنَ	كتن	فتحة	1	0
10149	كَتَهَ	كته	فتحة	1	1
10150	كَتَا	كتو	ضمة	1	0
10151	كَثَأَ	كثء	فتحة	1	1
10152	كَثَبَ	كثب	ضمة	1	1
10153	كَثَبَ	كثب	كسرة	1	1
10154	كَثَّ	كثث	كسرة	1	0
10155	كَثَّ	كثث	فتحة	1	0
10156	كَثَجَ	كثج	كسرة	1	0
10157	كَثَحَ	كثح	فتحة	1	1
10158	كَثَرَ	كثر	ضمة	1	1
10159	كَثُرَ	كثر	ضمة	1	0
10160	كَثَعَ	كثع	فتحة	1	0
10161	كَثِعَ	كثع	فتحة	1	0
10162	كَثُفَ	كثف	ضمة	1	0
10163	كَثَمَ	كثم	كسرة	1	1
10164	كَثِمَ	كثم	فتحة	1	0
10165	كَجَّ	كجج	ضمة	1	0
10166	كَحَبَ	كحب	فتحة	1	1
10167	كَحَثَ	كحث	فتحة	1	1
10168	كَحَّ	كحح	ضمة	1	0
10169	كَحَصَ	كحص	فتحة	1	1
10170	كَحَلَ	كحل	ضمة	1	1
10171	كَحَلَ	كحل	فتحة	1	1
10172	كَحِلَ	كحل	فتحة	1	0
10173	كَخَّ	كخخ	كسرة	1	0
10174	كَخَمَ	كخم	فتحة	1	1
10175	كَدَأَ	كدء	فتحة	1	1
10176	خَرِجَ	خرج	فتحة	1	0
10177	كَدِئَ	كدء	فتحة	1	0
10178	كَدَجَ	كدج	ضمة	1	0
10179	كَدَحَ	كدح	فتحة	1	1
10180	كَدَّ	كدد	ضمة	1	1
10181	كَدَرَ	كدر	ضمة	1	1
10182	كَدِرَ	كدر	فتحة	1	0
10183	كَدُرَ	كدر	ضمة	1	0
10184	كَدَسَ	كدس	كسرة	1	1
10185	كَدَشَ	كدش	كسرة	1	1
10186	كَدَعَ	كدع	فتحة	1	1
10187	كَدَمَ	كدم	ضمة	1	1
10188	كَدَمَ	كدم	كسرة	1	1
10189	كَدَنَ	كدن	ضمة	1	0
10190	كَدِنَ	كدن	فتحة	1	0
10191	كَدَهَ	كده	فتحة	1	1
10192	كَدِيَ	كدو	فتحة	1	0
10193	كَدَى	كدي	كسرة	1	1
10194	كَذَبَ	كذب	كسرة	1	1
10195	كَذَّ	كذذ	ضمة	1	0
10196	كَرَبَ	كرب	ضمة	1	1
10197	كَرَبَ	كرب	ضمة	1	1
10198	كَرِبَ	كرب	فتحة	1	0
10199	كَرَثَ	كرث	ضمة	1	1
10200	كَرَثَ	كرث	كسرة	1	1
10201	كَرِجَ	كرج	فتحة	1	0
10202	كَرَدَ	كرد	ضمة	1	1
10203	كَرَّ	كرر	ضمة	1	1
10204	خَرِدَ	خرد	فتحة	1	0
10205	كَرَّ	كرر	كسرة	1	1
10206	كَرَّ	كرر	فتحة	1	1
10207	كَرِزَ	كرز	فتحة	1	0
10208	كَرِسَ	كرس	فتحة	1	0
10209	كَرِشَ	كرش	فتحة	1	0
10210	كَرَصَ	كرص	كسرة	1	1
10211	كَرَضَ	كرض	كسرة	1	1
10212	كَرَظَ	كرظ	ضمة	1	1
10213	كَرَعَ	كرع	فتحة	1	1
10214	كَرِعَ	كرع	فتحة	1	0
10215	كَرَفَ	كرف	ضمة	1	1
10216	كَرَفَ	كرف	كسرة	1	1
10217	كَرَمَ	كرم	ضمة	1	1
10218	كَرُمَ	كرم	ضمة	1	0
10219	كَرِهَ	كره	فتحة	1	1
10220	كَرُهَ	كره	ضمة	1	0
10221	كَرَا	كرو	ضمة	1	1
10222	كَرَى	كري	كسرة	1	1
10223	كَرِيَ	كري	فتحة	1	0
10224	كَزِبَ	كزب	فتحة	1	0
10225	كَزَّ	كزز	ضمة	1	1
10226	كَزَمَ	كزم	ضمة	1	1
10227	كَزَمَ	كزم	كسرة	1	0
10228	كَزِمَ	كزم	فتحة	1	0
10229	كَزَى	كزي	كسرة	1	0
10230	كَسَأَ	كسء	فتحة	1	1
10231	كَسَبَ	كسب	كسرة	1	1
10232	كَسَحَ	كسح	فتحة	1	1
10233	خَرَّ	خرر	ضمة	1	1
10234	كَسِحَ	كسح	فتحة	1	0
10235	كَسَدَ	كسد	ضمة	1	0
10236	كَسُدَ	كسد	ضمة	1	0
10237	كَسَرَ	كسر	كسرة	1	1
10238	كَسَّ	كسس	ضمة	1	1
10239	كَسَّ	كسس	فتحة	1	0
10240	كَسَعَ	كسع	فتحة	1	1
10241	كَسَفَ	كسف	كسرة	1	1
10242	كَسَفَ	كسف	كسرة	1	1
10243	كَسِلَ	كسل	فتحة	1	0
10244	كَسَمَ	كسم	كسرة	1	1
10245	كَسَا	كسو	ضمة	1	1
10246	كَسِيَ	كسو	فتحة	1	1
10247	كَشَأَ	كشء	فتحة	1	1
10248	كَشِئَ	كشء	فتحة	1	0
10249	كَشَبَ	كشب	كسرة	1	1
10250	كَشَحَ	كشح	فتحة	1	1
10251	كَشِحَ	كشح	فتحة	1	0
10252	كَشَدَ	كشد	كسرة	1	1
10253	كَشَرَ	كشر	كسرة	1	0
10254	كَشِرَ	كشر	فتحة	1	0
10255	كَشَطَ	كشط	كسرة	1	1
10256	كَشَعَ	كشع	فتحة	1	0
10257	كَشَفَ	كشف	كسرة	1	1
10258	كَشِفَ	كشف	فتحة	1	0
10259	كَشَمَ	كشم	ضمة	1	1
10260	كَشِمَ	كشم	فتحة	1	0
10261	كَشَا	كشو	ضمة	1	1
10262	كَصَّ	كصص	كسرة	1	0
10263	كَصَمَ	كصم	كسرة	1	1
10264	كَصَى	كصي	كسرة	1	0
10265	خَرَّ	خرر	كسرة	1	1
10266	كَظَبَ	كظب	ضمة	1	0
10267	كَظَرَ	كظر	ضمة	1	1
10268	كَظَّ	كظظ	ضمة	1	1
10269	كَظَّ	كظظ	ضمة	1	1
10270	كَظَمَ	كظم	كسرة	1	1
10271	كَظَمَ	كظم	كسرة	1	1
10272	كَظُمَ	كظم	ضمة	1	0
10273	كَظَا	كظو	ضمة	1	0
10274	كَعَبَ	كعب	ضمة	1	0
10275	كَعَبَ	كعب	فتحة	1	1
10276	كَعِرَ	كعر	فتحة	1	0
10277	كَعَزَ	كعز	فتحة	1	0
10278	كَعَّ	كعع	كسرة	1	0
10279	كَعُلَ	كعل	ضمة	1	0
10280	كَعَمَ	كعم	فتحة	1	1
10281	كَعَا	كعو	ضمة	1	0
10282	كَفَأَ	كفء	فتحة	1	1
10283	كَفَتَ	كفت	كسرة	1	1
10284	كَفَحَ	كفح	فتحة	1	1
10285	كَفِحَ	كفح	فتحة	1	0
10286	كَفَخَ	كفخ	فتحة	1	1
10287	كَفَرَ	كفر	ضمة	1	1
10288	كَفَرَ	كفر	كسرة	1	1
10289	كَفِسَ	كفس	فتحة	1	0
10290	كَفَّ	كفف	ضمة	1	1
10291	كَفَلَ	كفل	ضمة	1	1
10292	كَفَلَ	كفل	كسرة	1	1
10293	كَفِلَ	كفل	فتحة	1	1
10294	خَرَزَ	خرز	ضمة	1	1
10295	كَفُلَ	كفل	ضمة	1	0
10296	كَفَنَ	كفن	كسرة	1	1
10297	كَفَى	كفي	كسرة	1	1
10298	كَلَأَ	كلء	فتحة	1	1
10299	كَلِئَ	كلء	فتحة	1	0
10300	كَلَبَ	كلب	ضمة	1	1
10301	كَلِبَ	كلب	فتحة	1	0
10302	كَلَتَ	كلت	كسرة	1	1
10303	كَلَحَ	كلح	فتحة	1	0
10304	كَلَدَ	كلد	كسرة	1	1
10305	كَلَزَ	كلز	كسرة	1	1
10306	كَلَسَ	كلس	كسرة	1	1
10307	كَلِسَ	كلس	فتحة	1	0
10308	كَلَعَ	كلع	فتحة	1	0
10309	كَلِعَ	كلع	فتحة	1	0
10310	كَلِفَ	كلف	فتحة	1	1
10311	كَلَّ	كلل	كسرة	1	0
10312	كَلَمَ	كلم	كسرة	1	1
10313	كَلَى	كلي	كسرة	1	1
10314	كَمَأَ	كمء	فتحة	1	1
10315	كَمِئَ	كمء	فتحة	1	0
10316	كَمَتَ	كمت	ضمة	1	1
10317	كَمُتَ	كمت	ضمة	1	0
10318	كَمَحَ	كمح	فتحة	1	1
10319	كَمَخَ	كمخ	فتحة	1	1
10320	كَمَدَ	كمد	ضمة	1	1
10321	كَمِدَ	كمد	فتحة	1	0
10322	كَمِرَ	كمر	فتحة	1	0
10323	خَرَزَ	خرز	كسرة	1	1
10324	كَمَزَ	كمز	كسرة	1	1
10325	كَمَسَ	كمس	ضمة	1	0
10326	كَمَشَ	كمش	ضمة	1	1
10327	كَمِشَ	كمش	فتحة	1	0
10328	كَمُشَ	كمش	ضمة	1	0
10329	كَمَعَ	كمع	فتحة	1	1
10330	كَمَلَ	كمل	ضمة	1	0
10331	كَمِلَ	كمل	فتحة	1	0
10332	كَمُلَ	كمل	ضمة	1	0
10333	كَمَّ	كمم	ضمة	1	1
10334	كَمَّ	كمم	كسرة	1	0
10335	كَمَنَ	كمن	ضمة	1	1
10336	كَمِنَ	كمن	فتحة	1	0
10337	كَمِهَ	كمه	فتحة	1	0
10338	كَمَى	كمي	كسرة	1	1
10339	كَنَبَ	كنب	ضمة	1	1
10340	كَنَبَ	كنب	كسرة	1	1
10341	كَنِبَ	كنب	فتحة	1	0
10342	كَنَتَ	كنت	ضمة	1	0
10343	كَنِتَ	كنت	فتحة	1	0
10344	كَنَدَ	كند	ضمة	1	1
10345	كَنَدَ	كند	كسرة	1	1
10346	كَنَزَ	كنز	ضمة	1	1
10347	كَنَزَ	كنز	كسرة	1	1
10348	كَنَسَ	كنس	ضمة	1	1
10349	كَنَسَ	كنس	كسرة	1	1
10350	كَنَشَ	كنش	ضمة	1	1
10351	كَنَظَ	كنظ	ضمة	1	1
10352	كَنَظَ	كنظ	كسرة	1	1
10353	كَنَعَ	كنع	فتحة	1	1
10354	كَنِعَ	كنع	فتحة	1	0
10355	خَرِزَ	خرز	فتحة	1	0
10356	كَنَفَ	كنف	ضمة	1	1
10357	كَنَفَ	كنف	كسرة	1	1
10358	كَنَّ	كنن	ضمة	1	1
10359	كَنَهَ	كنه	ضمة	1	1
10360	كَنَا	كنو	ضمة	1	1
10361	كَنَى	كني	كسرة	1	1
10362	كَهِبَ	كهب	فتحة	1	0
10363	كَهُبَ	كهب	ضمة	1	0
10364	كَهَدَ	كهد	فتحة	1	1
10365	كَهَرَ	كهر	فتحة	1	1
10366	كَهَمَ	كهم	فتحة	1	1
10367	كَهُمَ	كهم	ضمة	1	0
10368	كَهَنَ	كهن	ضمة	1	0
10369	كَهَنَ	كهن	فتحة	1	0
10370	كَهُنَ	كهن	ضمة	1	0
10371	كَهَّ	كهه	ضمة	1	0
10372	كَهَّ	كهه	كسرة	1	0
10373	كَهِيَ	كهي	فتحة	1	0
10374	كَاءَ	كوء	ضمة	1	1
10375	كَابَ	كوب	ضمة	1	0
10376	كَوِبَ	كوب	فتحة	1	0
10377	كَاحَ	كوح	ضمة	1	1
10378	كَوِدَ	كود	فتحة	1	0
10379	كَارَ	كور	ضمة	1	1
10380	كَازَ	كوز	ضمة	1	1
10381	كَاشَ	كوش	ضمة	1	1
10382	كَاعَ	كوع	ضمة	1	0
10383	كَوِعَ	كوع	فتحة	1	0
10384	خَرَسَ	خرس	ضمة	1	1
10385	كَامَ	كوم	ضمة	1	1
10386	كَوِمَ	كوم	فتحة	1	0
10387	كَاهَ	كوه	ضمة	1	1
10388	كَوِهَ	كوه	فتحة	1	0
10389	كَوَى	كوي	كسرة	1	1
10390	كَاءَ	كيء	كسرة	1	1
10391	كَاحَ	كيح	كسرة	1	0
10392	كَيِحَ	كيح	فتحة	1	0
10393	كَادَ	كيد	كسرة	1	1
10394	كَاسَ	كيس	كسرة	1	1
10395	كَاصَ	كيص	كسرة	1	1
10396	كَاعَ	كيع	كسرة	1	0
10397	كَافَ	كيف	كسرة	1	1
10398	كَالَ	كيل	كسرة	1	1
10399	كَاهَ	كيه	كسرة	1	1
10400	لَأَطَ	لءط	فتحة	1	1
10401	لَأَظَ	لءظ	فتحة	1	1
10402	لَأَفَ	لءف	فتحة	1	1
10403	لَأَمَ	لءم	فتحة	1	1
10404	لَؤُمَ	لءم	ضمة	1	0
10405	لَأَى	لءي	فتحة	1	0
10406	لَبَأَ	لبء	فتحة	1	1
10407	لَبَّ	لبب	ضمة	1	1
10408	لَبَّ	لبب	كسرة	1	0
10409	لَبَّ	لبب	فتحة	1	0
10410	لَبَّ	لبب	فتحة	1	0
10411	خَرِسَ	خرس	فتحة	1	0
10412	لَبَّ	لبب	ضمة	1	0
10413	لَبَّ	لبب	ضمة	1	0
10414	لَبَتَ	لبت	ضمة	1	1
10415	لَبِثَ	لبث	فتحة	1	0
10416	لَبَجَ	لبج	ضمة	1	1
10417	لَبَحَ	لبح	فتحة	1	0
10418	لَبَخَ	لبخ	فتحة	1	1
10419	لَبَدَ	لبد	ضمة	1	1
10420	لَبَدَ	لبد	ضمة	1	1
10421	لَبَدَ	لبد	كسرة	1	1
10422	لَبَدَ	لبد	كسرة	1	1
10423	لَبِدَ	لبد	فتحة	1	0
10424	لَبَزَ	لبز	كسرة	1	1
10425	لَبَسَ	لبس	كسرة	1	1
10426	لَبِسَ	لبس	فتحة	1	1
10427	لَبَطَ	لبط	كسرة	1	1
10428	لَبَقَ	لبق	ضمة	1	1
10429	لَبِقَ	لبق	فتحة	1	0
10430	لَبُقَ	لبق	ضمة	1	0
10431	لَبَكَ	لبك	ضمة	1	1
10432	لَبِكَ	لبك	فتحة	1	0
10433	لَبَنَ	لبن	ضمة	1	1
10434	لَبَنَ	لبن	كسرة	1	1
10435	لَبِنَ	لبن	فتحة	1	0
10436	لَبِيَ	لبي	فتحة	1	0
10437	لَتَأَ	لتء	فتحة	1	1
10438	لَتَبَ	لتب	ضمة	1	1
10439	لَتَّ	لتت	ضمة	1	1
10440	لَتَحَ	لتح	فتحة	1	1
10441	لَتِحَ	لتح	فتحة	1	0
10442	لَتَدَ	لتد	كسرة	1	1
10443	خَرَشَ	خرش	كسرة	1	1
10444	لَتَزَ	لتز	ضمة	1	1
10445	لَتَزَ	لتز	كسرة	1	1
10446	لَتَمَ	لتم	ضمة	1	1
10447	لَثَأَ	لثء	فتحة	1	0
10448	لَثَدَ	لثد	كسرة	1	1
10449	لَثَغَ	لثغ	ضمة	1	1
10450	لَثِغَ	لثغ	فتحة	1	0
10451	لَثِقَ	لثق	فتحة	1	0
10452	لَثَمَ	لثم	كسرة	1	1
10453	لَثِمَ	لثم	فتحة	1	1
10454	لَثِيَ	لثي	فتحة	1	0
10455	لَجَأَ	لجء	فتحة	1	0
10456	لَجِئَ	لجء	فتحة	1	0
10457	لَجِبَ	لجب	فتحة	1	0
10458	لَجُبَ	لجب	ضمة	1	0
10459	لَجَّ	لجج	كسرة	1	0
10460	لَجَّ	لجج	فتحة	1	0
10461	لَجَذَ	لجذ	ضمة	1	1
10462	لَجِذَ	لجذ	فتحة	1	1
10463	لَجَفَ	لجف	كسرة	1	1
10464	لَجِفَ	لجف	فتحة	1	0
10465	لَجَمَ	لجم	ضمة	1	1
10466	لَجَنَ	لجن	ضمة	1	1
10467	لَجِنَ	لجن	فتحة	1	0
10468	لَحَبَ	لحب	فتحة	1	1
10469	لَحِبَ	لحب	فتحة	1	0
10470	لَحَتَ	لحت	فتحة	1	1
10471	خَرَصَ	خرص	ضمة	1	1
10472	خَرَصَ	خرص	ضمة	1	1
10473	لَحَجَ	لحج	فتحة	1	1
10474	لَحِجَ	لحج	فتحة	1	1
10475	لَحَّ	لحح	كسرة	1	0
10476	لَحَّ	لحح	فتحة	1	0
10477	لَحَّ	لحح	فتحة	1	0
10478	لَحَدَ	لحد	فتحة	1	1
10479	لَحَزَ	لحز	فتحة	1	1
10480	لَحِزَ	لحز	فتحة	1	0
10481	لَحَسَ	لحس	فتحة	1	1
10482	لَحِسَ	لحس	فتحة	1	1
10483	لَحَصَ	لحص	فتحة	1	1
10484	لَحِصَ	لحص	فتحة	1	0
10485	لَحَطَ	لحط	فتحة	1	1
10486	لَحَظَ	لحظ	فتحة	1	1
10487	لَحَفَ	لحف	فتحة	1	1
10488	لَحِقَ	لحق	فتحة	1	1
10489	لَحَكَ	لحك	فتحة	1	1
10490	لَحِكَ	لحك	فتحة	1	1
10491	لَحَمَ	لحم	ضمة	1	1
10492	لَحَمَ	لحم	ضمة	1	1
10493	لَحَمَ	لحم	فتحة	1	1
10494	لَحَمَ	لحم	فتحة	1	1
10495	لَحِمَ	لحم	فتحة	1	1
10496	لَحُمَ	لحم	ضمة	1	0
10497	لَحَنَ	لحن	فتحة	1	1
10498	لَحِنَ	لحن	فتحة	1	1
10499	لَحَا	لحو	ضمة	1	1
10500	لَحَى	لحي	كسرة	1	1
10501	لَحَى	لحي	فتحة	1	1
10502	لَخَبَ	لخب	ضمة	1	1
10503	لَخَبَ	لخب	فتحة	1	1
10504	لَخَّ	لخخ	ضمة	1	1
10505	خَرَصَ	خرص	كسرة	1	1
10506	خَرَصَ	خرص	كسرة	1	1
10507	لَخَصَ	لخص	فتحة	1	1
10508	لَخِصَ	لخص	فتحة	1	0
10509	لَخَفَ	لخف	فتحة	1	1
10510	لَخَمَ	لخم	فتحة	1	1
10511	لَخُمَ	لخم	ضمة	1	0
10512	لَخَنَ	لخن	فتحة	1	0
10513	لَخِنَ	لخن	فتحة	1	0
10514	لَخَا	لخو	ضمة	1	1
10515	لَخَى	لخي	كسرة	1	1
10516	لَخِيَ	لخي	فتحة	1	0
10517	لَدَّ	لدد	ضمة	1	1
10518	لَدَّ	لدد	فتحة	1	0
10519	لَدَّ	لدد	فتحة	1	0
10520	لَدَسَ	لدس	ضمة	1	1
10521	لَدَغَ	لدغ	فتحة	1	1
10522	لَدِكَ	لدك	فتحة	1	0
10523	لَدَمَ	لدم	كسرة	1	1
10524	لَدُنَ	لدن	ضمة	1	0
10525	لَذَجَ	لذج	ضمة	1	1
10526	لَذَّ	لذذ	فتحة	1	1
10527	لَذَعَ	لذع	فتحة	1	1
10528	لَذِمَ	لذم	فتحة	1	1
10529	لَذِيَ	لذي	فتحة	1	0
10530	لَزَأَ	لزء	فتحة	1	1
10531	لَزَبَ	لزب	ضمة	1	1
10532	لَزَبَ	لزب	كسرة	1	1
10533	خَرِصَ	خرص	فتحة	1	0
10534	لَزِبَ	لزب	فتحة	1	0
10535	لَزُبَ	لزب	ضمة	1	0
10536	لَزِجَ	لزج	فتحة	1	0
10537	لَزَّ	لزز	ضمة	1	1
10538	لَزِقَ	لزق	فتحة	1	0
10539	لَزِمَ	لزم	فتحة	1	1
10540	لَزَنَ	لزن	ضمة	1	0
10541	لَزِنَ	لزن	فتحة	1	0
10542	لَسَبَ	لسب	كسرة	1	1
10543	لَسِبَ	لسب	فتحة	1	1
10544	لَسَدَ	لسد	كسرة	1	1
10545	لَسِدَ	لسد	فتحة	1	1
10546	لَسَّ	لسس	ضمة	1	1
10547	لَسَعَ	لسع	فتحة	1	1
10548	لَسَمَ	لسم	ضمة	1	1
10549	لَسِمَ	لسم	فتحة	1	1
10550	لَسَنَ	لسن	ضمة	1	1
10551	لَسِنَ	لسن	فتحة	1	0
10552	لَشَا	لشو	ضمة	1	0
10553	لَصِبَ	لصب	فتحة	1	0
10554	لَصَّ	لصص	ضمة	1	1
10555	لَصَّ	لصص	فتحة	1	0
10556	لَصَغَ	لصغ	فتحة	1	0
10557	لَصَفَ	لصف	ضمة	1	1
10558	لَصَفَ	لصف	كسرة	1	0
10559	لَصِفَ	لصف	فتحة	1	0
10560	خَرَطَ	خرط	ضمة	1	1
10561	لَصِقَ	لصق	فتحة	1	0
10562	لَصَا	لصو	ضمة	1	1
10563	لَصَى	لصي	كسرة	1	1
10564	لَصِيَ	لصي	فتحة	1	0
10565	لَضَمَ	لضم	كسرة	1	1
10566	لَضَا	لضو	ضمة	1	0
10567	لَطَأَ	لطء	فتحة	1	1
10568	لَطِئَ	لطء	فتحة	1	0
10569	لَطَثَ	لطث	ضمة	1	1
10570	لَطَحَ	لطح	فتحة	1	1
10571	لَطَخَ	لطخ	فتحة	1	1
10572	لَطَسَ	لطس	ضمة	1	1
10573	لَطَّ	لطط	ضمة	1	1
10574	لَطَعَ	لطع	فتحة	1	1
10575	لَطِعَ	لطع	فتحة	1	1
10576	لَطَفَ	لطف	ضمة	1	0
10577	لَطُفَ	لطف	ضمة	1	0
10578	لَطَمَ	لطم	كسرة	1	1
10579	لَطَهَ	لطه	فتحة	1	1
10580	لَطَا	لطو	ضمة	1	0
10581	لَطَى	لطي	فتحة	1	0
10582	لَطِيَ	لطي	فتحة	1	1
10583	لَظَّ	لظظ	ضمة	1	1
10584	لَظِيَ	لظي	فتحة	1	0
10585	لَعَبَ	لعب	فتحة	1	0
10586	لَعِبَ	لعب	فتحة	1	0
10587	لَعِثَ	لعث	فتحة	1	0
10588	لَعَجَ	لعج	فتحة	1	1
10589	لَعَزَ	لعز	فتحة	1	1
10590	لَعَسَ	لعس	فتحة	1	1
10591	خَرَطَ	خرط	كسرة	1	1
10592	لَعِسَ	لعس	فتحة	1	0
10593	لَعِصَ	لعص	فتحة	1	0
10594	لَعَضَ	لعض	فتحة	1	1
10595	لَعَطَ	لعط	فتحة	1	1
10596	لَعِقَ	لعق	فتحة	1	1
10597	لَعَنَ	لعن	فتحة	1	1
10598	لَغَبَ	لغب	ضمة	1	0
10599	لَغَبَ	لغب	فتحة	1	1
10600	لَغِبَ	لغب	فتحة	1	0
10601	لَغَدَ	لغد	فتحة	1	1
10602	لَغَزَ	لغز	ضمة	1	1
10603	لَغَطَ	لغط	فتحة	1	0
10604	لَغَفَ	لغف	فتحة	1	1
10605	لَغِفَ	لغف	فتحة	1	1
10606	لَغَمَ	لغم	فتحة	1	1
10607	لَغِمَ	لغم	فتحة	1	0
10608	لَغِيَ	لغو	فتحة	1	0
10609	لَفَأَ	لفء	فتحة	1	1
10610	لَفِئَ	لفء	فتحة	1	0
10611	لَفَتَ	لفت	كسرة	1	1
10612	لَفِتَ	لفت	فتحة	1	0
10613	لَفَحَ	لفح	فتحة	1	1
10614	لَفَخَ	لفخ	فتحة	1	1
10615	لَفَظَ	لفظ	كسرة	1	1
10616	لَفَعَ	لفع	فتحة	1	1
10617	لَفَّ	لفف	ضمة	1	1
10618	لَفَقَ	لفق	كسرة	1	1
10619	خَرِطَ	خرط	فتحة	1	0
10620	لَفِقَ	لفق	فتحة	1	1
10621	لَفَمَ	لفم	كسرة	1	1
10622	لَفَا	لفو	ضمة	1	1
10623	لَقَثَ	لقث	ضمة	1	1
10624	لَقِثَ	لقث	فتحة	1	1
10625	لَقِحَ	لقح	فتحة	1	0
10626	لَقَزَ	لقز	ضمة	1	1
10627	لَقَسَ	لقس	ضمة	1	1
10628	لَقَسَ	لقس	كسرة	1	1
10629	لَقِسَ	لقس	فتحة	1	0
10630	لَقَصَ	لقص	كسرة	1	1
10631	لَقِصَ	لقص	فتحة	1	0
10632	لَقَطَ	لقط	ضمة	1	1
10633	لَقَعَ	لقع	فتحة	1	1
10634	لَقِفَ	لقف	فتحة	1	1
10635	لَقَّ	لقق	ضمة	1	1
10636	لَقَمَ	لقم	ضمة	1	1
10637	لَقِمَ	لقم	فتحة	1	1
10638	لَقِنَ	لقن	فتحة	1	1
10639	لَقَا	لقو	ضمة	1	1
10640	لَقِيَ	لقي	فتحة	1	1
10641	لَكَأَ	لكء	فتحة	1	1
10642	لَكِئَ	لكء	فتحة	1	0
10643	لَكَثَ	لكث	ضمة	1	1
10644	لَكِثَ	لكث	فتحة	1	0
10645	لَكَحَ	لكح	فتحة	1	1
10646	لَكَدَ	لكد	ضمة	1	1
10647	لَكِدَ	لكد	فتحة	1	0
10648	لَكَزَ	لكز	ضمة	1	1
10649	خَرَعَ	خرع	فتحة	1	1
10650	لَكَشَ	لكش	ضمة	1	1
10651	لَكَعَ	لكع	فتحة	1	1
10652	لَكِعَ	لكع	فتحة	1	0
10653	لَكُعَ	لكع	ضمة	1	0
10654	لَكَّ	لكك	ضمة	1	1
10655	لَكَمَ	لكم	ضمة	1	1
10656	لَكِنَ	لكن	فتحة	1	0
10657	لَكِيَ	لكي	فتحة	1	0
10658	لَمَأَ	لمء	فتحة	1	1
10659	لَمَجَ	لمج	ضمة	1	1
10660	لَمَحَ	لمح	فتحة	1	1
10661	لَمَخَ	لمخ	فتحة	1	1
10662	لَمَزَ	لمز	ضمة	1	1
10663	لَمَزَ	لمز	كسرة	1	1
10664	لَمَسَ	لمس	ضمة	1	1
10665	لَمَسَ	لمس	كسرة	1	1
10666	لَمَصَ	لمص	ضمة	1	1
10667	لَمَطَ	لمط	ضمة	1	1
10668	لَمَظَ	لمظ	ضمة	1	1
10669	لَمَقَ	لمق	ضمة	1	1
10670	لَمَكَ	لمك	ضمة	1	1
10671	لَمَّ	لمم	ضمة	1	1
10672	لَمَا	لمو	ضمة	1	1
10673	لَمَى	لمي	كسرة	1	0
10674	لَمِيَ	لمي	فتحة	1	0
10675	لَهِبَ	لهب	فتحة	1	0
10676	لَهَثَ	لهث	فتحة	1	0
10677	خَرِعَ	خرع	فتحة	1	0
10678	لَهِثَ	لهث	فتحة	1	0
10679	لَهَدَ	لهد	فتحة	1	1
10680	لَهَزَ	لهز	فتحة	1	1
10681	لَهَسَ	لهس	فتحة	1	1
10682	لَهَطَ	لهط	فتحة	1	1
10683	لَهِعَ	لهع	فتحة	1	0
10684	لَهِفَ	لهف	فتحة	1	0
10685	لَهَقَ	لهق	فتحة	1	0
10686	لَهِقَ	لهق	فتحة	1	0
10687	لَهِمَ	لهم	فتحة	1	1
10688	لَهَّ	لهه	ضمة	1	1
10689	لَهَا	لهو	ضمة	1	0
10690	لَهَا	لهو	ضمة	1	0
10691	لَابَ	لوب	ضمة	1	0
10692	لَاتَ	لوت	ضمة	1	1
10693	لَاثَ	لوث	ضمة	1	1
10694	لَاجَ	لوج	ضمة	1	1
10695	لَاحَ	لوح	ضمة	1	1
10696	لَاخَ	لوخ	ضمة	1	1
10697	لَوِدَ	لود	فتحة	1	0
10698	لَاذَ	لوذ	ضمة	1	0
10699	لَازَ	لوز	ضمة	1	1
10700	لَاسَ	لوس	ضمة	1	1
10701	لَاصَ	لوص	ضمة	1	1
10702	لَاطَ	لوط	ضمة	1	1
10703	لَاظَ	لوظ	ضمة	1	1
10704	لَاعَ	لوع	ضمة	1	1
10705	خَرُعَ	خرع	ضمة	1	0
10706	لَافَ	لوف	ضمة	1	1
10707	لَوِقَ	لوق	فتحة	1	0
10708	لَاكَ	لوك	ضمة	1	1
10709	لَامَ	لوم	ضمة	1	1
10710	لَاهَ	لوه	ضمة	1	1
10711	لَوَى	لوي	كسرة	1	1
10712	لَوَى	لوي	كسرة	1	1
10713	لَاتَ	ليت	كسرة	1	1
10714	لَازَ	ليز	كسرة	1	0
10715	لَيِسَ	ليس	فتحة	1	0
10716	لَاصَ	ليص	كسرة	1	1
10717	لَاغَ	ليغ	كسرة	1	1
10718	لَافَ	ليف	كسرة	1	1
10719	لَانَ	لين	كسرة	1	0
10720	لَاهَ	ليه	كسرة	1	0
10721	مَأَجَ	مءج	فتحة	1	0
10722	مَؤُجَ	مءج	ضمة	1	0
10723	مَأَدَ	مءد	فتحة	1	0
10724	مَأَرَ	مءر	فتحة	1	1
10725	مَئِرَ	مءر	فتحة	1	0
10726	مَأَسَ	مءس	فتحة	1	1
10727	مَئِسَ	مءس	فتحة	1	0
10728	مَأَشَ	مءش	فتحة	1	1
10729	مَئِقَ	مءق	فتحة	1	0
10730	خَرَفَ	خرف	ضمة	1	1
10731	مَأَلَ	مءل	فتحة	1	1
10732	مَئِلَ	مءل	فتحة	1	0
10733	مَؤُلَ	مءل	ضمة	1	0
10734	مَأَنَ	مءن	فتحة	1	1
10735	مَآ	مءو	ضمة	1	1
10736	مَأَى	مءي	فتحة	1	1
10737	مَتَحَ	متح	فتحة	1	1
10738	مَتَخَ	متخ	ضمة	1	1
10739	مَتَخَ	متخ	فتحة	1	1
10740	مَتَدَ	متد	ضمة	1	0
10741	مَتَرَ	متر	ضمة	1	1
10742	مَتَشَ	متش	كسرة	1	1
10743	مَتِشَ	متش	فتحة	1	0
10744	مَتُعَ	متع	ضمة	1	0
10745	مَتَكَ	متك	ضمة	1	1
10746	مَتَلَ	متل	ضمة	1	1
10747	مَتَنَ	متن	ضمة	1	1
10748	مَتُنَ	متن	ضمة	1	0
10749	مَتَهَ	مته	فتحة	1	1
10750	مَتِهَ	مته	فتحة	1	0
10751	مَتَا	متو	ضمة	1	1
10752	مَتَى	متي	كسرة	1	1
10753	مَثَّ	مثث	ضمة	1	1
10754	مَثَجَ	مثج	ضمة	1	1
10755	مَثَدَ	مثد	ضمة	1	1
10756	خَرِفَ	خرف	فتحة	1	0
10757	مَثَعَ	مثع	ضمة	1	0
10758	مَثَعَ	مثع	فتحة	1	0
10759	مَثِعَ	مثع	فتحة	1	0
10760	مَثَلَ	مثل	ضمة	1	1
10761	مَثَلَ	مثل	كسرة	1	0
10762	مَثُلَ	مثل	ضمة	1	0
10763	مَثَنَ	مثن	ضمة	1	1
10764	مَثَنَ	مثن	كسرة	1	1
10765	مَثِنَ	مثن	فتحة	1	0
10766	مَجَّ	مجج	ضمة	1	1
10767	مَجَحَ	مجح	فتحة	1	1
10768	مَجِحَ	مجح	فتحة	1	1
10769	مَجَدَ	مجد	ضمة	1	1
10770	مَجُدَ	مجد	ضمة	1	0
10771	مَجِرَ	مجر	فتحة	1	0
10772	مَجَعَ	مجع	ضمة	1	0
10773	مَجَعَ	مجع	فتحة	1	0
10774	مَجِعَ	مجع	فتحة	1	0
10775	مَجُعَ	مجع	ضمة	1	0
10776	مَجَلَ	مجل	ضمة	1	0
10777	مَجِلَ	مجل	فتحة	1	0
10778	مَجَنَ	مجن	ضمة	1	0
10779	مَجَنَ	مجن	ضمة	1	0
10780	مَحَتَ	محت	فتحة	1	1
10781	مَحُتَ	محت	ضمة	1	0
10782	مَحَجَ	محج	فتحة	1	1
10783	مَحَّ	محح	ضمة	1	0
10784	مَحَّ	محح	كسرة	1	0
10785	خَرُفَ	خرف	ضمة	1	0
10786	مَحَّ	محح	فتحة	1	0
10787	مَحَزَ	محز	فتحة	1	1
10788	مَحَشَ	محش	فتحة	1	1
10789	مَحَصَ	محص	فتحة	1	1
10790	مَحَضَ	محض	فتحة	1	1
10791	مَحِضَ	محض	فتحة	1	0
10792	مَحُضَ	محض	ضمة	1	0
10793	مَحَطَ	محط	فتحة	1	1
10794	مَحَقَ	محق	فتحة	1	1
10795	مَحَكَ	محك	فتحة	1	0
10796	مَحِكَ	محك	فتحة	1	0
10797	مَحَلَ	محل	فتحة	1	0
10798	مَحِلَ	محل	فتحة	1	0
10799	مَحُلَ	محل	ضمة	1	0
10800	مَحُلَ	محل	ضمة	1	0
10801	مَحَنَ	محن	فتحة	1	1
10802	مَحَا	محو	ضمة	1	1
10803	مَحَى	محي	كسرة	1	1
10804	مَحَى	محي	فتحة	1	1
10805	مَخَجَ	مخج	فتحة	1	1
10806	مَخَرَ	مخر	ضمة	1	1
10807	مَخَرَ	مخر	فتحة	1	1
10808	مَخَضَ	مخض	ضمة	1	1
10809	مَخَضَ	مخض	كسرة	1	1
10810	مَخَضَ	مخض	فتحة	1	1
10811	مَخِضَ	مخض	فتحة	1	0
10812	مَخَطَ	مخط	ضمة	1	1
10813	مَخَطَ	مخط	فتحة	1	1
10814	مَخِقَ	مخق	فتحة	1	0
10815	مَخَنَ	مخن	ضمة	1	1
10816	مَدَحَ	مدح	فتحة	1	1
10817	خَرَقَ	خرق	ضمة	1	1
10818	مَدَخَ	مدخ	فتحة	1	1
10819	مَدَّ	مدد	ضمة	1	1
10820	مَدَرَ	مدر	ضمة	1	1
10821	مَدِرَ	مدر	فتحة	1	0
10822	مَدَسَ	مدس	ضمة	1	1
10823	مَدَشَ	مدش	ضمة	1	1
10824	مَدِشَ	مدش	فتحة	1	0
10825	مَدَقَ	مدق	ضمة	1	1
10826	مَدَنَ	مدن	ضمة	1	1
10827	مَدَهَ	مده	فتحة	1	1
10828	مَذِحَ	مذح	فتحة	1	1
10829	مَذِرَ	مذر	فتحة	1	0
10830	مَذَعَ	مذع	فتحة	1	1
10831	مَذَقَ	مذق	ضمة	1	1
10832	مَذَلَ	مذل	ضمة	1	0
10833	مَذِلَ	مذل	فتحة	1	0
10834	مَذُلَ	مذل	ضمة	1	0
10835	مَذَى	مذي	كسرة	1	1
10836	مَرُؤَ	مرء	ضمة	1	0
10837	مَرُؤَ	مرء	ضمة	1	0
10838	مَرَتَ	مرت	كسرة	1	1
10839	مَرَثَ	مرث	ضمة	1	1
10840	مَرَثَ	مرث	كسرة	1	1
10841	مَرِثَ	مرث	فتحة	1	0
10842	مَرَجَ	مرج	ضمة	1	1
10843	مَرِجَ	مرج	فتحة	1	0
10844	مَرِحَ	مرح	فتحة	1	0
10845	مَرَخَ	مرخ	ضمة	1	1
10846	مَرَخَ	مرخ	فتحة	1	1
10847	مَرِخَ	مرخ	فتحة	1	0
10848	خَرَقَ	خرق	كسرة	1	1
10849	مَرَدَ	مرد	ضمة	1	1
10850	مَرِدَ	مرد	فتحة	1	0
10851	مَرُدَ	مرد	ضمة	1	0
10852	مَرَذَ	مرذ	ضمة	1	1
10853	مَرَّ	مرر	فتحة	1	0
10854	مَرَّ	مرر	فتحة	1	0
10855	مَرَزَ	مرز	ضمة	1	1
10856	مَرَسَ	مرس	ضمة	1	1
10857	مَرِسَ	مرس	فتحة	1	0
10858	مَرَشَ	مرش	ضمة	1	1
10859	مَرَصَ	مرص	ضمة	1	1
10860	مَرِصَ	مرص	فتحة	1	0
10861	مَرِضَ	مرض	فتحة	1	0
10862	مَرَطَ	مرط	ضمة	1	1
10863	مَرِطَ	مرط	فتحة	1	0
10864	مَرَعَ	مرع	فتحة	1	1
10865	مَرِعَ	مرع	فتحة	1	0
10866	مَرُعَ	مرع	ضمة	1	0
10867	مَرَغَ	مرغ	فتحة	1	1
10868	مَرَقَ	مرق	ضمة	1	1
10869	مَرَقَ	مرق	كسرة	1	1
10870	مَرِقَ	مرق	فتحة	1	0
10871	مَرَنَ	مرن	ضمة	1	1
10872	مَرِهَ	مره	فتحة	1	0
10873	مَرَى	مري	كسرة	1	1
10874	مَزَجَ	مزج	ضمة	1	1
10875	مَزَحَ	مزح	فتحة	1	0
10876	مَزَرَ	مزر	ضمة	1	1
10877	مَزُرَ	مزر	ضمة	1	0
10878	خَرِقَ	خرق	فتحة	1	0
10879	مَزَّ	مزز	ضمة	1	1
10880	مَزَّ	مزز	فتحة	1	0
10881	مَزَعَ	مزع	فتحة	1	1
10882	مَزَقَ	مزق	كسرة	1	1
10883	مَزَنَ	مزن	ضمة	1	1
10884	مَزَا	مزو	ضمة	1	1
10885	مَزَى	مزي	كسرة	1	1
10886	مَسَأَ	مسء	فتحة	1	1
10887	مَسَحَ	مسح	فتحة	1	1
10888	مَسِحَ	مسح	فتحة	1	0
10889	مَسَخَ	مسخ	فتحة	1	1
10890	مَسُخَ	مسخ	ضمة	1	0
10891	مَسَدَ	مسد	ضمة	1	1
10892	مَسَرَ	مسر	ضمة	1	1
10893	مَسَّ	مسس	فتحة	1	1
10894	مَسَطَ	مسط	ضمة	1	1
10895	مَسَكَ	مسك	ضمة	1	1
10896	مَسَكَ	مسك	كسرة	1	1
10897	مَسَلَ	مسل	ضمة	1	0
10898	مَسَنَ	مسن	ضمة	1	1
10899	مَسَا	مسو	ضمة	1	1
10900	مَسَى	مسي	كسرة	1	1
10901	مَشَجَ	مشج	ضمة	1	1
10902	مَشِحَ	مشح	فتحة	1	0
10903	مَشَرَ	مشر	ضمة	1	1
10904	مَشِرَ	مشر	فتحة	1	0
10905	مَشَّ	مشش	ضمة	1	1
10906	خَرُقَ	خرق	ضمة	1	0
10907	مَشَطَ	مشط	ضمة	1	1
10908	مَشَطَ	مشط	كسرة	1	1
10909	مَشِطَ	مشط	فتحة	1	0
10910	مَشَظَ	مشظ	ضمة	1	1
10911	مَشِظَ	مشظ	فتحة	1	0
10912	مَشَعَ	مشع	فتحة	1	1
10913	مَشَغَ	مشغ	فتحة	1	1
10914	مَشَقَ	مشق	ضمة	1	1
10915	مَشِقَ	مشق	فتحة	1	0
10916	مَشَلَ	مشل	ضمة	1	1
10917	مَشَنَ	مشن	ضمة	1	1
10918	مَشَى	مشي	كسرة	1	0
10919	مَصَتَ	مصت	ضمة	1	1
10920	مَصَحَ	مصح	فتحة	1	1
10921	مَصَخَ	مصخ	فتحة	1	1
10922	مَصَدَ	مصد	ضمة	1	1
10923	مَصَرَ	مصر	ضمة	1	1
10924	مَصَّ	مصص	ضمة	1	1
10925	مَصَّ	مصص	فتحة	1	1
10926	مَصَطَ	مصط	ضمة	1	1
10927	مَصَعَ	مصع	فتحة	1	1
10928	مَصَلَ	مصل	ضمة	1	1
10929	مَضَحَ	مضح	فتحة	1	1
10930	مَضَرَ	مضر	ضمة	1	0
10931	مَضَّ	مضض	ضمة	1	1
10932	مَضَّ	مضض	فتحة	1	1
10933	مَضَّ	مضض	فتحة	1	1
10934	خَرِكَ	خرك	فتحة	1	0
10935	مَضَغَ	مضغ	ضمة	1	1
10936	مَضَغَ	مضغ	فتحة	1	1
10937	مَضَا	مضو	ضمة	1	1
10938	مَضَى	مضي	كسرة	1	1
10939	مَطَأَ	مطء	فتحة	1	1
10940	مَطَحَ	مطح	فتحة	1	1
10941	مَطَخَ	مطخ	فتحة	1	1
10942	مَطَرَ	مطر	ضمة	1	1
10943	مَطَرَ	مطر	ضمة	1	1
10944	مَطَسَ	مطس	كسرة	1	1
10945	مَطَّ	مطط	ضمة	1	1
10946	مَطَعَ	مطع	فتحة	1	1
10947	مَطَلَ	مطل	ضمة	1	1
10948	مَطَهَ	مطه	فتحة	1	0
10949	مَظَّ	مظظ	ضمة	1	1
10950	مَظَعَ	مظع	فتحة	1	1
10951	مَعَتَ	معت	فتحة	1	1
10952	مَعَجَ	معج	فتحة	1	1
10953	مَعَدَ	معد	فتحة	1	1
10954	مَعَدَ	معد	فتحة	1	1
10955	مَعِدَ	معد	فتحة	1	0
10956	مَعِرَ	معر	فتحة	1	0
10957	مَعَزَ	معز	فتحة	1	1
10958	مَعِزَ	معز	فتحة	1	0
10959	مَعَسَ	معس	فتحة	1	1
10960	مَعِصَ	معص	فتحة	1	0
10961	مَعِضَ	معض	فتحة	1	0
10962	مَعَطَ	معط	فتحة	1	1
10963	مَعِطَ	معط	فتحة	1	0
10964	مَعَّ	معع	ضمة	1	0
10965	مَعَقَ	معق	فتحة	1	1
10966	مَعُقَ	معق	ضمة	1	0
10967	خَرَمَ	خرم	كسرة	1	1
10968	مَعَكَ	معك	فتحة	1	1
10969	مَعُكَ	معك	ضمة	1	0
10970	مَعَلَ	معل	فتحة	1	1
10971	مَعَنَ	معن	فتحة	1	1
10972	مَعِنَ	معن	فتحة	1	0
10973	مَعُنَ	معن	ضمة	1	0
10974	مَعَا	معو	ضمة	1	0
10975	مَغَثَ	مغث	فتحة	1	1
10976	مَغَدَ	مغد	فتحة	1	1
10977	مَغِدَ	مغد	فتحة	1	0
10978	مَغَرَ	مغر	فتحة	1	1
10979	مَغَسَ	مغس	فتحة	1	1
10980	مَغِصَ	مغص	فتحة	1	0
10981	مَغَطَ	مغط	ضمة	1	1
10982	مَغَطَ	مغط	فتحة	1	1
10983	مَغَلَ	مغل	ضمة	1	0
10984	مَغَلَ	مغل	فتحة	1	0
10985	مَغِلَ	مغل	فتحة	1	0
10986	مَغَا	مغو	ضمة	1	0
10987	مَغَى	مغي	فتحة	1	0
10988	مَقَتَ	مقت	ضمة	1	1
10989	مَقُتَ	مقت	ضمة	1	0
10990	مَقَرَ	مقر	ضمة	1	1
10991	مَقِرَ	مقر	فتحة	1	0
10992	مَقَسَ	مقس	ضمة	1	1
10993	مَقِسَ	مقس	فتحة	1	0
10994	مَقَطَ	مقط	ضمة	1	1
10995	مَقَطَ	مقط	كسرة	1	1
10996	مَقَعَ	مقع	فتحة	1	1
10997	مَقَّ	مقق	ضمة	1	1
10998	خَرِمَ	خرم	فتحة	1	0
10999	مَقَّ	مقق	فتحة	1	0
11000	مَقَلَ	مقل	ضمة	1	1
11001	مَقِهَ	مقه	فتحة	1	0
11002	مَقَا	مقو	ضمة	1	1
11003	مَقَى	مقي	كسرة	1	1
11004	مَكَتَ	مكت	ضمة	1	0
11005	مَكَثَ	مكث	ضمة	1	0
11006	مَكُثَ	مكث	ضمة	1	0
11007	مَكَدَ	مكد	ضمة	1	0
11008	مَكَرَ	مكر	ضمة	1	1
11009	مَكِرَ	مكر	فتحة	1	0
11010	مَكَّ	مكك	ضمة	1	1
11011	مَكَلَ	مكل	ضمة	1	0
11012	مَكِنَ	مكن	فتحة	1	0
11013	مَكُنَ	مكن	ضمة	1	0
11014	مَكَا	مكو	ضمة	1	0
11015	مَكِيَ	مكو	فتحة	1	0
11016	مَلَأَ	ملء	فتحة	1	1
11017	مَلِئَ	ملء	فتحة	1	0
11018	مَلُؤَ	ملء	ضمة	1	0
11019	مَلَثَ	ملث	ضمة	1	1
11020	مَلَجَ	ملج	ضمة	1	1
11021	مَلِجَ	ملج	فتحة	1	1
11022	مَلَحَ	ملح	كسرة	1	1
11023	مَلَحَ	ملح	فتحة	1	1
11024	مَلِحَ	ملح	فتحة	1	0
11025	خَرُمَ	خرم	ضمة	1	0
11026	مَلُحَ	ملح	ضمة	1	0
11027	مَلَخَ	ملخ	فتحة	1	1
11028	مَلُخَ	ملخ	ضمة	1	0
11029	مَلَدَ	ملد	ضمة	1	1
11030	مَلِدَ	ملد	فتحة	1	0
11031	مَلَذَ	ملذ	ضمة	1	1
11032	مَلِذَ	ملذ	فتحة	1	0
11033	مَلَزَ	ملز	ضمة	1	0
11034	مَلَسَ	ملس	ضمة	1	1
11035	مَلِسَ	ملس	فتحة	1	0
11036	مَلُسَ	ملس	ضمة	1	0
11037	مَلَشَ	ملش	ضمة	1	1
11038	مَلَصَ	ملص	ضمة	1	0
11039	مَلِصَ	ملص	فتحة	1	0
11040	مَلِطَ	ملط	فتحة	1	0
11041	مَلُطَ	ملط	ضمة	1	0
11042	مَلَعَ	ملع	فتحة	1	1
11043	مَلَقَ	ملق	ضمة	1	1
11044	مَلَقَ	ملق	كسرة	1	1
11045	مَلِقَ	ملق	فتحة	1	1
11046	مَلَكَ	ملك	كسرة	1	1
11047	مَلَّ	ملل	ضمة	1	1
11048	مَلَّ	ملل	فتحة	1	1
11049	مَلَا	ملو	ضمة	1	0
11050	مَنَأَ	منء	فتحة	1	1
11051	مَنَحَ	منح	كسرة	1	1
11052	مَنَحَ	منح	فتحة	1	1
11053	مَنَعَ	منع	فتحة	1	1
11054	خَزِبَ	خزب	فتحة	1	0
11055	مَنُعَ	منع	ضمة	1	0
11056	مَنَا	منو	ضمة	1	1
11057	مَنَى	مني	كسرة	1	1
11058	مَهَجَ	مهج	فتحة	1	1
11059	مَهَدَ	مهد	فتحة	1	1
11060	مَهَرَ	مهر	ضمة	1	1
11061	مَهَرَ	مهر	ضمة	1	1
11062	مَهَرَ	مهر	فتحة	1	1
11063	مَهَرَ	مهر	فتحة	1	1
11064	مَهَزَ	مهز	فتحة	1	1
11065	مَهِقَ	مهق	فتحة	1	1
11066	مَهَكَ	مهك	فتحة	1	1
11067	مَهِكَ	مهك	فتحة	1	0
11068	مَهَنَ	مهن	ضمة	1	1
11069	مَهَنَ	مهن	فتحة	1	1
11070	مَهُنَ	مهن	ضمة	1	0
11071	مَهَّ	مهه	فتحة	1	1
11072	مَهَّ	مهه	فتحة	1	1
11073	مَهَا	مهو	ضمة	1	1
11074	مَهُوَ	مهو	ضمة	1	0
11075	مَهَى	مهي	كسرة	1	1
11076	مَاءَ	موء	ضمة	1	0
11077	مَاثَ	موث	ضمة	1	1
11078	مَاجَ	موج	ضمة	1	0
11079	خَزِجَ	خزج	فتحة	1	0
11080	مَاشَ	موش	ضمة	1	1
11081	مَاصَ	موص	ضمة	1	1
11082	مَاغَ	موغ	ضمة	1	0
11083	مَالَ	مول	ضمة	1	1
11084	مَوِلَ	مول	فتحة	1	0
11085	مَانَ	مون	ضمة	1	1
11086	مَوِهَ	موه	فتحة	1	1
11087	مَاثَ	ميث	كسرة	1	1
11088	مَاحَ	ميح	كسرة	1	1
11089	مَاخَ	ميخ	كسرة	1	0
11090	مَازَ	ميز	كسرة	1	1
11091	مَاشَ	ميش	كسرة	1	1
11092	مَاطَ	ميط	كسرة	1	1
11093	مَاعَ	ميع	كسرة	1	0
11094	مَيِلَ	ميل	فتحة	1	0
11095	مَانَ	مين	كسرة	1	1
11096	مَاهَ	ميه	كسرة	1	1
11097	نَأَتَ	نءت	فتحة	1	1
11098	خَزَرَ	خزر	ضمة	1	1
11099	نَأَثَ	نءث	فتحة	1	0
11100	نَأَجَ	نءج	فتحة	1	1
11101	نَأَدَ	نءد	فتحة	1	1
11102	نَأَرَ	نءر	فتحة	1	0
11103	نَأَشَ	نءش	فتحة	1	1
11104	نَأَفَ	نءف	فتحة	1	0
11105	نَئِفَ	نءف	فتحة	1	1
11106	نَأَلَ	نءل	فتحة	1	1
11107	نَأَمَ	نءم	كسرة	1	0
11108	نَأَمَ	نءم	فتحة	1	0
11109	نَأَى	نءي	فتحة	1	1
11110	نَبَأَ	نبء	فتحة	1	0
11111	نَبَّ	نبب	كسرة	1	0
11112	نَبَتَ	نبت	ضمة	1	0
11113	نَبَتَ	نبت	ضمة	1	0
11114	نَبَثَ	نبث	ضمة	1	1
11115	نَبَجَ	نبج	ضمة	1	0
11116	نَبَجَ	نبج	ضمة	1	0
11117	نَبَجَ	نبج	كسرة	1	0
11118	نَبَجَ	نبج	كسرة	1	0
11119	نَبَخَ	نبخ	ضمة	1	0
11120	نَبَذَ	نبذ	كسرة	1	1
11121	نَبَذَ	نبذ	كسرة	1	1
11122	نَبَرَ	نبر	كسرة	1	1
11123	نَبَزَ	نبز	كسرة	1	1
11124	نَبَسَ	نبس	كسرة	1	1
11125	خَزِرَ	خزر	فتحة	1	0
11126	نَبَشَ	نبش	ضمة	1	1
11127	نَبَصَ	نبص	كسرة	1	1
11128	نَبَطَ	نبط	ضمة	1	1
11129	نَبَطَ	نبط	كسرة	1	1
11130	نَبَعَ	نبع	ضمة	1	0
11131	نَبَعَ	نبع	كسرة	1	0
11132	نَبَعَ	نبع	فتحة	1	0
11133	نَبَغَ	نبغ	ضمة	1	0
11134	نَبَغَ	نبغ	كسرة	1	0
11135	نَبَغَ	نبغ	فتحة	1	0
11136	نَبَقَ	نبق	ضمة	1	1
11137	نَبَكَ	نبك	ضمة	1	0
11138	نَبَلَ	نبل	ضمة	1	1
11139	نَبُلَ	نبل	ضمة	1	0
11140	نَبَهَ	نبه	ضمة	1	0
11141	نَبِهَ	نبه	فتحة	1	0
11142	نَبُهَ	نبه	ضمة	1	0
11143	نَبَا	نبو	ضمة	1	0
11144	نَتَأَ	نتء	فتحة	1	0
11145	نَتَجَ	نتج	كسرة	1	1
11146	نَتَخَ	نتخ	كسرة	1	1
11147	نَتَرَ	نتر	ضمة	1	1
11148	نَتِرَ	نتر	فتحة	1	0
11149	خَزَّ	خزز	ضمة	1	1
11150	نَتَسَ	نتس	كسرة	1	1
11151	نَتَشَ	نتش	كسرة	1	1
11152	نَتَضَ	نتض	ضمة	1	0
11153	نَتَعَ	نتع	ضمة	1	0
11154	نَتَعَ	نتع	كسرة	1	0
11155	نَتَغَ	نتغ	ضمة	1	1
11156	نَتَغَ	نتغ	كسرة	1	1
11157	نَتَفَ	نتف	كسرة	1	1
11158	نَتَقَ	نتق	ضمة	1	1
11159	نَتَقَ	نتق	كسرة	1	1
11160	نَتَكَ	نتك	كسرة	1	1
11161	نَتَلَ	نتل	ضمة	1	1
11162	نَتَلَ	نتل	كسرة	1	0
11163	نَتَنَ	نتن	كسرة	1	0
11164	نَتِنَ	نتن	فتحة	1	0
11165	نَتُنَ	نتن	ضمة	1	0
11166	نَتَا	نتو	ضمة	1	0
11167	نَثَّ	نثث	ضمة	1	1
11168	نَثَّ	نثث	كسرة	1	1
11169	نَثَجَ	نثج	كسرة	1	1
11170	نَثَرَ	نثر	ضمة	1	1
11171	نَثَرَ	نثر	كسرة	1	1
11172	نَثَطَ	نثط	ضمة	1	1
11173	نَثَلَ	نثل	ضمة	1	0
11174	نَثَلَ	نثل	كسرة	1	1
11175	نَثَمَ	نثم	كسرة	1	0
11176	نَثَا	نثو	ضمة	1	1
11177	خَزَّ	خزز	فتحة	1	0
11178	نَثَى	نثي	كسرة	1	1
11179	نَجَأَ	نجء	فتحة	1	1
11180	نَجَبَ	نجب	ضمة	1	1
11181	نَجَبَ	نجب	كسرة	1	1
11182	نَجُبَ	نجب	ضمة	1	0
11183	نَجَثَ	نجث	ضمة	1	1
11184	نَجَّ	نجج	كسرة	1	1
11185	نَجَحَ	نجح	فتحة	1	0
11186	نَجَخَ	نجخ	فتحة	1	1
11187	نَجَدَ	نجد	ضمة	1	1
11188	نَجَدَ	نجد	كسرة	1	1
11189	نَجِدَ	نجد	فتحة	1	0
11190	نَجُدَ	نجد	ضمة	1	0
11191	نَجَذَ	نجذ	ضمة	1	1
11192	نَجَرَ	نجر	ضمة	1	1
11193	نَجِرَ	نجر	فتحة	1	0
11194	نَجَزَ	نجز	ضمة	1	1
11195	نَجِزَ	نجز	فتحة	1	0
11196	نَجِسَ	نجس	فتحة	1	0
11197	نَجُسَ	نجس	ضمة	1	0
11198	نَجَشَ	نجش	ضمة	1	1
11199	نَجَعَ	نجع	كسرة	1	1
11200	نَجَعَ	نجع	فتحة	1	1
11201	نَجِعَ	نجع	فتحة	1	0
11202	نَجَفَ	نجف	ضمة	1	1
11203	نَجَلَ	نجل	ضمة	1	1
11204	نَجِلَ	نجل	فتحة	1	0
11205	نَجَمَ	نجم	ضمة	1	1
11206	نَجَهَ	نجه	فتحة	1	1
11207	نَجَا	نجو	ضمة	1	1
11208	نَجَا	نجو	ضمة	1	1
11209	خَزَعَ	خزع	فتحة	1	1
11210	نَحَبَ	نحب	ضمة	1	0
11211	نَحَبَ	نحب	ضمة	1	0
11212	نَحَبَ	نحب	ضمة	1	0
11213	نَحَبَ	نحب	كسرة	1	0
11214	نَحَبَ	نحب	كسرة	1	0
11215	نَحَبَ	نحب	كسرة	1	0
11216	نَحَبَ	نحب	فتحة	1	0
11217	نَحَبَ	نحب	فتحة	1	0
11218	نَحَبَ	نحب	فتحة	1	0
11219	نَحَتَ	نحت	ضمة	1	1
11220	نَحَتَ	نحت	كسرة	1	1
11221	نَحَتَ	نحت	فتحة	1	1
11222	نَحِتَ	نحت	فتحة	1	1
11223	نَحَّ	نحح	كسرة	1	0
11224	نَحَرَ	نحر	فتحة	1	1
11225	نَحَزَ	نحز	فتحة	1	1
11226	نَحِزَ	نحز	فتحة	1	0
11227	نَحُزَ	نحز	ضمة	1	0
11228	نَحَسَ	نحس	فتحة	1	1
11229	نَحِسَ	نحس	فتحة	1	0
11230	نَحُسَ	نحس	ضمة	1	0
11231	نَحَصَ	نحص	فتحة	1	0
11232	نَحَضَ	نحض	كسرة	1	1
11233	نَحَضَ	نحض	فتحة	1	1
11234	نَحُضَ	نحض	ضمة	1	0
11235	نَحَطَ	نحط	كسرة	1	1
11236	نَحِفَ	نحف	فتحة	1	0
11237	نَحُفَ	نحف	ضمة	1	0
11238	نَحَلَ	نحل	ضمة	1	1
11239	نَحَلَ	نحل	ضمة	1	1
11240	نَحَلَ	نحل	فتحة	1	1
11241	نَحَلَ	نحل	فتحة	1	1
11242	نَحُلَ	نحل	ضمة	1	0
11243	نَحَمَ	نحم	كسرة	1	0
11244	نَحَمَ	نحم	فتحة	1	0
11245	نَحَا	نحو	ضمة	1	1
11246	نَحَا	نحو	فتحة	1	1
11247	خَزَفَ	خزف	كسرة	1	1
11248	نَحَى	نحي	كسرة	1	1
11249	نَحَى	نحي	فتحة	1	1
11250	نَخَبَ	نخب	ضمة	1	1
11251	نَخَبَ	نخب	فتحة	1	1
11252	نَخِبَ	نخب	فتحة	1	0
11253	نَخَجَ	نخج	فتحة	1	1
11254	نَخَّ	نخخ	ضمة	1	1
11255	نَخَرَ	نخر	كسرة	1	1
11256	نَخَرَ	نخر	كسرة	1	1
11257	نَخَرَ	نخر	فتحة	1	1
11258	نَخَرَ	نخر	فتحة	1	1
11259	نَخِرَ	نخر	فتحة	1	0
11260	نَخَزَ	نخز	فتحة	1	1
11261	نَخَسَ	نخس	ضمة	1	1
11262	نَخَسَ	نخس	فتحة	1	1
11263	نَخَشَ	نخش	ضمة	1	1
11264	نَخَشَ	نخش	فتحة	1	0
11265	نَخِشَ	نخش	فتحة	1	0
11266	نَخَصَ	نخص	ضمة	1	1
11267	نَخَصَ	نخص	فتحة	1	0
11268	نَخِصَ	نخص	فتحة	1	0
11269	نَخَعَ	نخع	فتحة	1	1
11270	نَخِعَ	نخع	فتحة	1	0
11271	نَخَفَ	نخف	ضمة	1	0
11272	نَخَفَ	نخف	فتحة	1	0
11273	نَخَلَ	نخل	ضمة	1	1
11274	نَخَمَ	نخم	ضمة	1	0
11275	نَخِمَ	نخم	فتحة	1	0
11276	خَزَقَ	خزق	كسرة	1	1
11277	نَخَا	نخو	ضمة	1	1
11278	نَدَأَ	ندء	فتحة	1	1
11279	نَدَبَ	ندب	ضمة	1	1
11280	نَدِبَ	ندب	فتحة	1	0
11281	نَدُبَ	ندب	ضمة	1	0
11282	نَدَحَ	ندح	فتحة	1	1
11283	نَدَخَ	ندخ	فتحة	1	1
11284	نَدَّ	ندد	كسرة	1	0
11285	نَدَرَ	ندر	ضمة	1	1
11286	نَدُرَ	ندر	ضمة	1	0
11287	نَدَسَ	ندس	ضمة	1	1
11288	نَدِسَ	ندس	فتحة	1	0
11289	نَدَشَ	ندش	ضمة	1	1
11290	نَدَصَ	ندص	ضمة	1	0
11291	نَدِصَ	ندص	فتحة	1	0
11292	نَدَغَ	ندغ	فتحة	1	1
11293	نَدَفَ	ندف	كسرة	1	1
11294	نَدَلَ	ندل	ضمة	1	1
11295	نَدِلَ	ندل	فتحة	1	0
11296	نَدِمَ	ندم	فتحة	1	0
11297	نَدَهَ	نده	فتحة	1	1
11298	نَدَا	ندو	ضمة	1	1
11299	نَذَخَ	نذخ	فتحة	1	0
11300	نَذَّ	نذذ	كسرة	1	0
11301	نَذَرَ	نذر	ضمة	1	1
11302	نَذَرَ	نذر	كسرة	1	1
11303	نَذِرَ	نذر	فتحة	1	0
11304	نَذَعَ	نذع	فتحة	1	0
11305	نَذُلَ	نذل	ضمة	1	0
11306	خَزَلَ	خزل	كسرة	1	1
11307	نَزَأَ	نزء	فتحة	1	1
11308	نَزَبَ	نزب	كسرة	1	0
11309	نَزَجَ	نزج	ضمة	1	0
11310	نَزَحَ	نزح	كسرة	1	1
11311	نَزَحَ	نزح	فتحة	1	1
11312	نَزَرَ	نزر	ضمة	1	1
11313	نَزُرَ	نزر	ضمة	1	0
11314	نَزَّ	نزز	كسرة	1	0
11315	نَزَعَ	نزع	كسرة	1	1
11316	نَزِعَ	نزع	فتحة	1	0
11317	نَزَغَ	نزغ	كسرة	1	1
11318	نَزَغَ	نزغ	فتحة	1	1
11319	نَزَفَ	نزف	ضمة	1	1
11320	نَزَفَ	نزف	كسرة	1	1
11321	نَزِفَ	نزف	فتحة	1	1
11322	نَزَكَ	نزك	ضمة	1	1
11323	نَزِلَ	نزل	فتحة	1	0
11324	نَزِلَ	نزل	فتحة	1	0
11325	نَزَهَ	نزه	فتحة	1	1
11326	نَزِهَ	نزه	فتحة	1	0
11327	نَزُهَ	نزه	ضمة	1	0
11328	نَزَا	نزو	ضمة	1	0
11329	نَسَأَ	نسء	فتحة	1	1
11330	خَزِلَ	خزل	فتحة	1	0
11331	نَسَبَ	نسب	ضمة	1	1
11332	نَسَبَ	نسب	كسرة	1	1
11333	نَسَجَ	نسج	ضمة	1	1
11334	نَسَجَ	نسج	كسرة	1	1
11335	نَسَحَ	نسح	فتحة	1	1
11336	نَسِحَ	نسح	فتحة	1	0
11337	نَسَخَ	نسخ	فتحة	1	1
11338	نَسَرَ	نسر	ضمة	1	1
11339	نَسَرَ	نسر	كسرة	1	1
11340	نَسَّ	نسس	ضمة	1	1
11341	نَسَّ	نسس	كسرة	1	1
11342	نَسَعَ	نسع	فتحة	1	0
11343	نَسَغَ	نسغ	فتحة	1	1
11344	نَسَفَ	نسف	ضمة	1	1
11345	نَسَفَ	نسف	كسرة	1	1
11346	نَسَقَ	نسق	ضمة	1	1
11347	نَسَكَ	نسك	ضمة	1	1
11348	نَسُكَ	نسك	ضمة	1	0
11349	نَسَلَ	نسل	ضمة	1	1
11350	نَسَلَ	نسل	كسرة	1	1
11351	نَسِمَ	نسم	فتحة	1	0
11352	نَسَا	نسو	ضمة	1	1
11353	نَسَى	نسي	كسرة	1	1
11354	نَسِيَ	نسي	فتحة	1	1
11355	خَزَمَ	خزم	كسرة	1	1
11356	نَشَأَ	نشء	فتحة	1	0
11357	نَشُؤَ	نشء	ضمة	1	0
11358	نَشِبَ	نشب	فتحة	1	1
11359	نَشَجَ	نشج	كسرة	1	0
11360	نَشَحَ	نشح	فتحة	1	1
11361	نَشَدَ	نشد	ضمة	1	1
11362	نَشَدَ	نشد	كسرة	1	1
11363	نَشَرَ	نشر	ضمة	1	1
11364	نَشَرَ	نشر	ضمة	1	1
11365	نَشَرَ	نشر	كسرة	1	1
11366	نَشَرَ	نشر	كسرة	1	1
11367	نَشِرَ	نشر	فتحة	1	0
11368	نَشَّ	نشش	ضمة	1	1
11369	نَشَّ	نشش	كسرة	1	0
11370	نَشَصَ	نشص	ضمة	1	1
11371	نَشَصَ	نشص	كسرة	1	1
11372	نَشَطَ	نشط	ضمة	1	1
11373	نَشَطَ	نشط	كسرة	1	1
11374	نَشِطَ	نشط	فتحة	1	0
11375	نَشَعَ	نشع	فتحة	1	1
11376	نَشَغَ	نشغ	فتحة	1	0
11377	نَشَفَ	نشف	ضمة	1	1
11378	نَشَفَ	نشف	كسرة	1	1
11379	نَشِفَ	نشف	فتحة	1	1
11380	نَشِقَ	نشق	فتحة	1	1
11381	نَشَلَ	نشل	ضمة	1	1
11382	خَزَنَ	خزن	ضمة	1	1
11383	نَشَلَ	نشل	كسرة	1	1
11384	نَشِمَ	نشم	فتحة	1	0
11385	نَشِيَ	نشو	فتحة	1	1
11386	نَصَبَ	نصب	ضمة	1	1
11387	نَصَبَ	نصب	كسرة	1	1
11388	نَصِبَ	نصب	فتحة	1	0
11389	نَصَتَ	نصت	كسرة	1	0
11390	نَصَحَ	نصح	فتحة	1	1
11391	نَصَحَ	نصح	فتحة	1	1
11392	نَصَرَ	نصر	ضمة	1	1
11393	نَصَّ	نصص	ضمة	1	1
11394	نَصَّ	نصص	كسرة	1	0
11395	نَصَعَ	نصع	فتحة	1	0
11396	نَصَفَ	نصف	ضمة	1	1
11397	نَصَلَ	نصل	ضمة	1	1
11398	نَصَا	نصو	ضمة	1	1
11399	نَضِجَ	نضج	فتحة	1	0
11400	نَضَحَ	نضح	كسرة	1	1
11401	نَضَحَ	نضح	فتحة	1	1
11402	نَضَخَ	نضخ	كسرة	1	1
11403	نَضَخَ	نضخ	فتحة	1	1
11404	نَضَدَ	نضد	كسرة	1	1
11405	خَزِنَ	خزن	فتحة	1	0
11406	نَضِرَ	نضر	فتحة	1	0
11407	نَضُرَ	نضر	ضمة	1	0
11408	نَضَّ	نضض	كسرة	1	1
11409	نَضَفَ	نضف	ضمة	1	1
11410	نَضَفَ	نضف	كسرة	1	1
11411	نَضِفَ	نضف	فتحة	1	1
11412	نَضَلَ	نضل	ضمة	1	1
11413	نَضِلَ	نضل	فتحة	1	0
11414	نَضَا	نضو	ضمة	1	1
11415	نَضَى	نضي	كسرة	1	1
11416	نَطَبَ	نطب	ضمة	1	1
11417	نَطَحَ	نطح	كسرة	1	1
11418	نَطَحَ	نطح	فتحة	1	1
11419	نَطَرَ	نطر	ضمة	1	1
11420	نَطِسَ	نطس	فتحة	1	0
11421	نَطَّ	نطط	كسرة	1	0
11422	نَطَعَ	نطع	فتحة	1	1
11423	نَطَفَ	نطف	ضمة	1	1
11424	نَطَفَ	نطف	كسرة	1	1
11425	نَطِفَ	نطف	فتحة	1	0
11426	نَطَقَ	نطق	كسرة	1	0
11427	نَطُقَ	نطق	ضمة	1	0
11428	نَطَلَ	نطل	ضمة	1	1
11429	نَطَا	نطو	ضمة	1	1
11430	نَظَرَ	نظر	ضمة	1	1
11431	نَظُفَ	نظف	ضمة	1	0
11432	نَظَمَ	نظم	كسرة	1	1
11433	خَزُنَ	خزن	ضمة	1	0
11434	نَعَبَ	نعب	كسرة	1	0
11435	نَعَبَ	نعب	فتحة	1	0
11436	نَعَتَ	نعت	فتحة	1	1
11437	نَعِتَ	نعت	فتحة	1	0
11438	نَعُتَ	نعت	ضمة	1	0
11439	نَعَثَ	نعث	فتحة	1	1
11440	نَعَجَ	نعج	ضمة	1	0
11441	نَعِجَ	نعج	فتحة	1	0
11442	نَعَرَ	نعر	كسرة	1	0
11443	نَعِرَ	نعر	فتحة	1	0
11444	نَعَسَ	نعس	ضمة	1	0
11445	نَعَسَ	نعس	فتحة	1	0
11446	نَعَشَ	نعش	فتحة	1	1
11447	نَعَصَ	نعص	فتحة	1	1
11448	نَعَضَ	نعض	فتحة	1	1
11449	نَعَظَ	نعظ	فتحة	1	0
11450	نَعَّ	نعع	كسرة	1	0
11451	نَعَقَ	نعق	كسرة	1	0
11452	نَعَقَ	نعق	فتحة	1	0
11453	نَعَلَ	نعل	فتحة	1	1
11454	نَعِلَ	نعل	فتحة	1	0
11455	نَعُمَ	نعم	ضمة	1	0
11456	نَعَا	نعو	ضمة	1	0
11457	خَزَا	خزو	ضمة	1	1
11458	نَعَى	نعي	فتحة	1	1
11459	نَغَبَ	نغب	ضمة	1	1
11460	نَغَبَ	نغب	كسرة	1	1
11461	نَغَبَ	نغب	فتحة	1	1
11462	نَغَتَ	نغت	فتحة	1	1
11463	نَغَرَ	نغر	كسرة	1	1
11464	نَغَزَ	نغز	فتحة	1	1
11465	نَغَشَ	نغش	فتحة	1	0
11466	نَغَصَ	نغص	فتحة	1	1
11467	نَغِصَ	نغص	فتحة	1	0
11468	نَغَضَ	نغض	ضمة	1	1
11469	نَغَضَ	نغض	كسرة	1	1
11470	نَغِفَ	نغف	فتحة	1	0
11471	نَغَقَ	نغق	كسرة	1	0
11472	نَغَقَ	نغق	فتحة	1	0
11473	نَغِلَ	نغل	فتحة	1	0
11474	نَغُلَ	نغل	ضمة	1	0
11475	نَغَى	نغي	كسرة	1	0
11476	نَفَتَ	نفت	كسرة	1	0
11477	نَفَثَ	نفث	ضمة	1	1
11478	نَفَثَ	نفث	كسرة	1	1
11479	نَفَجَ	نفج	ضمة	1	1
11480	نَفَجَ	نفج	كسرة	1	1
11481	خَزِيَ	خزي	فتحة	1	1
11482	نَفَحَ	نفح	فتحة	1	1
11483	نَفَخَ	نفخ	ضمة	1	1
11484	نَفِخَ	نفخ	فتحة	1	0
11485	نَفِدَ	نفد	فتحة	1	0
11486	نَفَذَ	نفذ	ضمة	1	1
11487	نَفَذَ	نفذ	ضمة	1	1
11488	نَفَرَ	نفر	ضمة	1	1
11489	نَفَرَ	نفر	كسرة	1	1
11490	نَفَزَ	نفز	كسرة	1	0
11491	نَفَسَ	نفس	ضمة	1	1
11492	نَفِسَ	نفس	فتحة	1	1
11493	نَفُسَ	نفس	ضمة	1	0
11494	نَفَشَ	نفش	ضمة	1	1
11495	نَفَشَ	نفش	كسرة	1	1
11496	نَفِشَ	نفش	فتحة	1	0
11497	نَفَصَ	نفص	كسرة	1	1
11498	نَفَضَ	نفض	ضمة	1	1
11499	نَفَطَ	نفط	كسرة	1	0
11500	نَفِطَ	نفط	فتحة	1	0
11501	نَفَعَ	نفع	فتحة	1	1
11502	نَفَغَ	نفغ	فتحة	1	0
11503	نَفِغَ	نفغ	فتحة	1	0
11504	نَفَّ	نفف	ضمة	1	1
11505	نَفَّ	نفف	ضمة	1	1
11506	نَفَقَ	نفق	ضمة	1	0
11507	نَفَقَ	نفق	ضمة	1	0
11508	نَفَقَ	نفق	ضمة	1	0
11509	نَفَلَ	نفل	ضمة	1	1
11510	نَفَهَ	نفه	فتحة	1	0
11511	نَفِهَ	نفه	فتحة	1	0
11512	خَسَأَ	خسء	فتحة	1	1
11513	نَفَى	نفي	كسرة	1	1
11514	نَقَبَ	نقب	ضمة	1	1
11515	نَقِبَ	نقب	فتحة	1	0
11516	نَقُبَ	نقب	ضمة	1	0
11517	نَقَثَ	نقث	ضمة	1	1
11518	نَقَحَ	نقح	فتحة	1	1
11519	نَقَخَ	نقخ	فتحة	1	1
11520	نَقَدَ	نقد	ضمة	1	1
11521	نَقِدَ	نقد	فتحة	1	0
11522	نَقَذَ	نقذ	ضمة	1	1
11523	نَقِذَ	نقذ	فتحة	1	0
11524	نَقَرَ	نقر	ضمة	1	1
11525	نَقِرَ	نقر	فتحة	1	0
11526	نَقَزَ	نقز	ضمة	1	1
11527	نَقَزَ	نقز	كسرة	1	1
11528	نَقَسَ	نقس	ضمة	1	1
11529	نَقَسَ	نقس	ضمة	1	1
11530	نَقِسَ	نقس	فتحة	1	1
11531	نَقَشَ	نقش	ضمة	1	1
11532	نَقَصَ	نقص	ضمة	1	1
11533	نَقُصَ	نقص	ضمة	1	0
11534	نَقَضَ	نقض	ضمة	1	1
11535	نَقَطَ	نقط	ضمة	1	1
11536	نَقَعَ	نقع	فتحة	1	1
11537	نَقَعَ	نقع	فتحة	1	1
11538	نَقَعَ	نقع	فتحة	1	1
11539	نَقَفَ	نقف	ضمة	1	1
11540	نَقَّ	نقق	كسرة	1	0
11541	نَقَلَ	نقل	ضمة	1	1
11542	نَقِلَ	نقل	فتحة	1	0
11543	نَقَمَ	نقم	كسرة	1	1
11544	خَسِئَ	خسء	فتحة	1	0
11545	نَقِمَ	نقم	فتحة	1	1
11546	نَقَهَ	نقه	فتحة	1	1
11547	نَقِهَ	نقه	فتحة	1	1
11548	نَقَا	نقو	ضمة	1	1
11549	نَقِيَ	نقو	فتحة	1	0
11550	نَقَى	نقي	كسرة	1	1
11551	نَكَأَ	نكء	فتحة	1	1
11552	نَكَبَ	نكب	ضمة	1	1
11553	نَكِبَ	نكب	فتحة	1	0
11554	نَكَتَ	نكت	ضمة	1	1
11555	نَكَثَ	نكث	ضمة	1	1
11556	نَكَثَ	نكث	كسرة	1	1
11557	نَكَحَ	نكح	كسرة	1	1
11558	نَكَحَ	نكح	فتحة	1	1
11559	نَكَخَ	نكخ	فتحة	1	1
11560	نَكَدَ	نكد	ضمة	1	1
11561	نَكِدَ	نكد	فتحة	1	0
11562	نَكِرَ	نكر	فتحة	1	1
11563	نَكُرَ	نكر	ضمة	1	0
11564	نَكَزَ	نكز	ضمة	1	1
11565	نَكِزَ	نكز	فتحة	1	0
11566	نَكَسَ	نكس	ضمة	1	1
11567	نَكَشَ	نكش	ضمة	1	1
11568	نَكَشَ	نكش	كسرة	1	1
11569	نَكَصَ	نكص	ضمة	1	0
11570	نَكَصَ	نكص	كسرة	1	0
11571	نَكَظَ	نكظ	ضمة	1	1
11572	خَسَرَ	خسر	كسرة	1	1
11573	نَكِظَ	نكظ	فتحة	1	0
11574	نَكَعَ	نكع	فتحة	1	1
11575	نَكِعَ	نكع	فتحة	1	0
11576	نَكَفَ	نكف	ضمة	1	1
11577	نَكِفَ	نكف	فتحة	1	0
11578	نَكَلَ	نكل	ضمة	1	1
11579	نَكَلَ	نكل	كسرة	1	1
11580	نَكِلَ	نكل	فتحة	1	0
11581	نَكَهَ	نكه	فتحة	1	1
11582	نَكِهَ	نكه	فتحة	1	1
11583	نَكَى	نكي	كسرة	1	1
11584	نَكِيَ	نكي	فتحة	1	0
11585	نَمَرَ	نمر	ضمة	1	0
11586	نَمِرَ	نمر	فتحة	1	0
11587	نَمَسَ	نمس	كسرة	1	1
11588	نَمِسَ	نمس	فتحة	1	0
11589	نَمَشَ	نمش	ضمة	1	1
11590	نَمِشَ	نمش	فتحة	1	0
11591	نَمَصَ	نمص	ضمة	1	1
11592	نَمِصَ	نمص	فتحة	1	0
11593	نَمَقَ	نمق	ضمة	1	1
11594	نَمَلَ	نمل	ضمة	1	0
11595	نَمِلَ	نمل	فتحة	1	0
11596	نَمَّ	نمم	ضمة	1	1
11597	نَمَّ	نمم	كسرة	1	1
11598	نَمِهَ	نمه	فتحة	1	0
11599	نَمَى	نمي	كسرة	1	1
11600	خَسِرَ	خسر	فتحة	1	1
11601	نَهَأَ	نهء	فتحة	1	1
11602	نَهِئَ	نهء	فتحة	1	0
11603	نَهُؤَ	نهء	ضمة	1	0
11604	نَهَبَ	نهب	ضمة	1	1
11605	نَهَبَ	نهب	فتحة	1	1
11606	نَهِبَ	نهب	فتحة	1	1
11607	نَهَتَ	نهت	كسرة	1	0
11608	نَهَجَ	نهج	فتحة	1	0
11609	نَهِجَ	نهج	فتحة	1	0
11610	نَهُجَ	نهج	ضمة	1	0
11611	نَهَدَ	نهد	ضمة	1	1
11612	نَهَدَ	نهد	فتحة	1	1
11613	نَهُدَ	نهد	ضمة	1	0
11614	نَهَرَ	نهر	فتحة	1	1
11615	نَهِرَ	نهر	فتحة	1	0
11616	نَهَزَ	نهز	فتحة	1	1
11617	نَهَسَ	نهس	فتحة	1	1
11618	نَهِسَ	نهس	فتحة	1	1
11619	نَهَشَ	نهش	كسرة	1	1
11620	نَهَشَ	نهش	فتحة	1	1
11621	نَهَضَ	نهض	فتحة	1	1
11622	نَهَطَ	نهط	فتحة	1	1
11623	نَهَفَ	نهف	فتحة	1	0
11624	نَهَقَ	نهق	ضمة	1	0
11625	نَهَقَ	نهق	كسرة	1	0
11626	نَهَقَ	نهق	فتحة	1	0
11627	نَهِقَ	نهق	فتحة	1	0
11628	خَسَّ	خسس	ضمة	1	1
11629	نَهَكَ	نهك	فتحة	1	1
11630	نَهِكَ	نهك	فتحة	1	1
11631	نَهُكَ	نهك	ضمة	1	0
11632	نَهِلَ	نهل	فتحة	1	0
11633	نَهَمَ	نهم	كسرة	1	1
11634	نَهَمَ	نهم	فتحة	1	1
11635	نَهِمَ	نهم	فتحة	1	0
11636	نَهَى	نهي	فتحة	1	1
11637	نَهِيَ	نهي	فتحة	1	0
11638	نَابَ	نوب	ضمة	1	1
11639	نَاتَ	نوت	ضمة	1	0
11640	نَاجَ	نوج	ضمة	1	0
11641	نَاحَ	نوح	ضمة	1	1
11642	نَادَ	نود	ضمة	1	0
11643	نَارَ	نور	ضمة	1	1
11644	نَاسَ	نوس	ضمة	1	1
11645	نَاشَ	نوش	ضمة	1	1
11646	نَاصَ	نوص	ضمة	1	1
11647	نَاضَ	نوض	ضمة	1	1
11648	نَاطَ	نوط	ضمة	1	1
11649	نَاعَ	نوع	ضمة	1	1
11650	نَافَ	نوف	ضمة	1	1
11651	نَاقَ	نوق	ضمة	1	1
11652	نَوِقَ	نوق	فتحة	1	0
11653	نَوِكَ	نوك	فتحة	1	0
11654	خَسَّ	خسس	كسرة	1	0
11655	نَالَ	نول	ضمة	1	1
11656	نَالَ	نول	ضمة	1	1
11657	نَالَ	نول	ضمة	1	1
11658	نَوِلَ	نول	فتحة	1	0
11659	نَاهَ	نوه	ضمة	1	1
11660	نَوِهَ	نوه	فتحة	1	0
11661	نَوَى	نوي	كسرة	1	1
11662	نَاءَ	نيء	كسرة	1	0
11663	نَابَ	نيب	كسرة	1	1
11664	نَاتَ	نيت	كسرة	1	0
11665	نَارَ	نير	كسرة	1	1
11666	نَاصَ	نيص	كسرة	1	0
11667	نَاطَ	نيط	كسرة	1	0
11668	نَاعَ	نيع	كسرة	1	0
11669	نَاكَ	نيك	كسرة	1	1
11670	نَالَ	نيل	كسرة	1	1
11671	نَيِلَ	نيل	فتحة	1	1
11672	نَيِهَ	نيه	فتحة	1	0
11673	هَبَّ	هبب	ضمة	1	1
11674	هَبَّ	هبب	كسرة	1	1
11675	هَبَتَ	هبت	كسرة	1	1
11676	هَبَثَ	هبث	ضمة	1	1
11677	هَبَجَ	هبج	كسرة	1	1
11678	هَبِجَ	هبج	فتحة	1	0
11679	هَبَدَ	هبد	كسرة	1	1
11680	هَبَذَ	هبذ	كسرة	1	0
11681	هَبَرَ	هبر	ضمة	1	1
11682	هَبِرَ	هبر	فتحة	1	0
11683	خَسَّ	خسس	فتحة	1	0
11684	هَبَزَ	هبز	كسرة	1	0
11685	هَبَشَ	هبش	كسرة	1	1
11686	هَبِشَ	هبش	فتحة	1	0
11687	هَبَصَ	هبص	كسرة	1	0
11688	هَبِصَ	هبص	فتحة	1	0
11689	هَبَطَ	هبط	ضمة	1	1
11690	هَبَطَ	هبط	كسرة	1	1
11691	هَبَعَ	هبع	كسرة	1	0
11692	هَبَعَ	هبع	فتحة	1	0
11693	هَبَغَ	هبغ	فتحة	1	0
11694	هَبِلَ	هبل	فتحة	1	1
11695	هَبُلَ	هبل	ضمة	1	0
11696	هَبَا	هبو	ضمة	1	0
11697	هَتَأَ	هتء	فتحة	1	1
11698	هَتِئَ	هتء	فتحة	1	0
11699	هَتَّ	هتت	كسرة	1	1
11700	هَتَرَ	هتر	كسرة	1	1
11701	هَتَشَ	هتش	كسرة	1	1
11702	هَتَعَ	هتع	فتحة	1	0
11703	هَتَكَ	هتك	كسرة	1	1
11704	هَتَلَ	هتل	كسرة	1	0
11705	هَتَمَ	هتم	كسرة	1	1
11706	هَتِمَ	هتم	فتحة	1	0
11707	هَتَنَ	هتن	كسرة	1	0
11708	هَتَا	هتو	ضمة	1	1
11709	هَثَّ	هثث	ضمة	1	1
11710	هَثَمَ	هثم	كسرة	1	1
11711	هَثَى	هثي	كسرة	1	1
11712	هَجَأَ	هجء	فتحة	1	1
11713	خَسَفَ	خسف	كسرة	1	1
11714	خَسَفَ	خسف	كسرة	1	1
11715	هَجِئَ	هجء	فتحة	1	0
11716	هَجَبَ	هجب	كسرة	1	1
11717	هَجَّ	هجج	ضمة	1	1
11718	هَجَّ	هجج	كسرة	1	0
11719	هَجَدَ	هجد	ضمة	1	0
11720	هَجَرَ	هجر	ضمة	1	1
11721	هَجَسَ	هجس	كسرة	1	1
11722	هَجَشَ	هجش	ضمة	1	1
11723	هَجَعَ	هجع	فتحة	1	1
11724	هَجَفَ	هجف	ضمة	1	0
11725	هَجَفَ	هجف	كسرة	1	0
11726	هَجِفَ	هجف	فتحة	1	0
11727	هَجَلَ	هجل	ضمة	1	0
11728	هَجَمَ	هجم	ضمة	1	1
11729	هَجَمَ	هجم	كسرة	1	1
11730	هَجَنَ	هجن	ضمة	1	0
11731	هَجَنَ	هجن	كسرة	1	0
11732	هَجُنَ	هجن	ضمة	1	0
11733	هَجَا	هجو	ضمة	1	1
11734	هَجُوَ	هجو	ضمة	1	0
11735	هَجِيَ	هجي	فتحة	1	0
11736	هَدِئَ	هدء	فتحة	1	0
11737	هَدَبَ	هدب	كسرة	1	1
11738	هَدِبَ	هدب	فتحة	1	0
11739	هَدَجَ	هدج	كسرة	1	0
11740	هَدَجَ	هدج	كسرة	1	0
11741	هَدَّ	هدد	ضمة	1	1
11742	هَدَّ	هدد	كسرة	1	1
11743	هَدَّ	هدد	فتحة	1	1
11744	خَسَقَ	خسق	كسرة	1	1
11745	هَدَرَ	هدر	ضمة	1	1
11746	هَدَرَ	هدر	كسرة	1	1
11747	هَدَغَ	هدغ	فتحة	1	1
11748	هَدَفَ	هدف	ضمة	1	0
11749	هَدَفَ	هدف	ضمة	1	0
11750	هَدَكَ	هدك	كسرة	1	1
11751	هَدَلَ	هدل	كسرة	1	1
11752	هَدِلَ	هدل	فتحة	1	0
11753	هَدَمَ	هدم	كسرة	1	1
11754	هَدِمَ	هدم	فتحة	1	0
11755	هَدَنَ	هدن	كسرة	1	1
11756	هَدَى	هدي	كسرة	1	1
11757	هَذَأَ	هذء	فتحة	1	1
11758	هَذِئَ	هذء	فتحة	1	0
11759	هَذَبَ	هذب	كسرة	1	1
11760	هَذَّ	هذذ	ضمة	1	1
11761	هَذَرَ	هذر	ضمة	1	0
11762	هَذَرَ	هذر	كسرة	1	0
11763	هَذِرَ	هذر	فتحة	1	0
11764	هَذَفَ	هذف	كسرة	1	0
11765	هَذَمَ	هذم	كسرة	1	1
11766	هَذَا	هذو	ضمة	1	1
11767	هَذَى	هذي	كسرة	1	0
11768	هَرَأَ	هرء	فتحة	1	1
11769	هَرِئَ	هرء	فتحة	1	0
11770	هَرَبَ	هرب	ضمة	1	0
11771	هَرِبَ	هرب	فتحة	1	0
11772	هَرَتَ	هرت	ضمة	1	1
11773	هَرَتَ	هرت	كسرة	1	1
11774	خَسَلَ	خسل	ضمة	1	1
11775	هَرِتَ	هرت	فتحة	1	0
11776	هَرَجَ	هرج	ضمة	1	1
11777	هَرَجَ	هرج	كسرة	1	1
11778	هَرِجَ	هرج	فتحة	1	0
11779	هَرَدَ	هرد	كسرة	1	1
11780	هَرِدَ	هرد	فتحة	1	0
11781	هَرَّ	هرر	ضمة	1	1
11782	هَرَّ	هرر	ضمة	1	1
11783	هَرَّ	هرر	ضمة	1	1
11784	هَرَّ	هرر	كسرة	1	1
11785	هَرَّ	هرر	كسرة	1	1
11786	هَرَّ	هرر	كسرة	1	1
11787	هَرِزَ	هرز	فتحة	1	0
11788	هَرَسَ	هرس	ضمة	1	1
11789	هَرِسَ	هرس	فتحة	1	0
11790	هَرَشَ	هرش	ضمة	1	0
11791	هَرَشَ	هرش	كسرة	1	0
11792	هَرِشَ	هرش	فتحة	1	0
11793	هَرِصَ	هرص	فتحة	1	0
11794	هَرَضَ	هرض	ضمة	1	1
11795	هَرَطَ	هرط	كسرة	1	1
11796	هَرِطَ	هرط	فتحة	1	0
11797	هَرِعَ	هرع	فتحة	1	0
11798	هَرَفَ	هرف	كسرة	1	1
11799	هَرَقَ	هرق	فتحة	1	1
11800	هَرَمَ	هرم	كسرة	1	0
11801	هَرِمَ	هرم	فتحة	1	0
11802	هَرَا	هرو	ضمة	1	1
11803	هَرَى	هري	كسرة	1	1
11804	هَزَأَ	هزء	فتحة	1	1
11805	هَزِجَ	هزج	فتحة	1	0
11806	هَزَرَ	هزر	كسرة	1	1
11807	خَشَبَ	خشب	كسرة	1	1
11808	هَزَّ	هزز	كسرة	1	1
11809	هَزَّ	هزز	كسرة	1	1
11810	هَزَعَ	هزع	فتحة	1	1
11811	هَزَفَ	هزف	كسرة	1	1
11812	هَزِقَ	هزق	فتحة	1	0
11813	هَزَلَ	هزل	ضمة	1	1
11814	هَزَلَ	هزل	كسرة	1	1
11815	هَزِلَ	هزل	فتحة	1	0
11816	هَزَمَ	هزم	كسرة	1	1
11817	هَزَا	هزو	ضمة	1	0
11818	هَسَّ	هسس	ضمة	1	1
11819	هَسَّ	هسس	ضمة	1	1
11820	هَسَّ	هسس	كسرة	1	1
11821	هَسَّ	هسس	كسرة	1	1
11822	هَسَعَ	هسع	فتحة	1	0
11823	هَشَرَ	هشر	ضمة	1	1
11824	هَشَّ	هشش	ضمة	1	1
11825	هَشَّ	هشش	ضمة	1	1
11826	هَشَّ	هشش	كسرة	1	1
11827	هَشَّ	هشش	كسرة	1	1
11828	هَشَّ	هشش	فتحة	1	0
11829	هَشَّ	هشش	فتحة	1	0
11830	هَشَّ	هشش	فتحة	1	0
11831	هَشَمَ	هشم	كسرة	1	1
11832	هَصَرَ	هصر	كسرة	1	1
11833	هَصِرَ	هصر	فتحة	1	0
11834	هَصَّ	هصص	ضمة	1	1
11835	هَصَّ	هصص	كسرة	1	0
11836	هَصَمَ	هصم	كسرة	1	1
11837	هَصَا	هصو	ضمة	1	0
11838	هَضَبَ	هضب	كسرة	1	1
11839	هَضَّ	هضض	ضمة	1	1
11840	هَضَلَ	هضل	كسرة	1	0
11841	هَضَمَ	هضم	كسرة	1	1
11842	هَضِمَ	هضم	فتحة	1	0
11843	هَطَرَ	هطر	كسرة	1	1
11844	خَشَرَ	خشر	كسرة	1	1
11845	هَطَعَ	هطع	فتحة	1	0
11846	هَطَفَ	هطف	كسرة	1	0
11847	هَطَا	هطو	ضمة	1	1
11848	هَفَتَ	هفت	كسرة	1	0
11849	هَفَّ	هفف	كسرة	1	0
11850	هَفَكَ	هفك	ضمة	1	1
11851	هَفَكَ	هفك	كسرة	1	1
11852	هَفَا	هفو	ضمة	1	0
11853	هَقَعَ	هقع	فتحة	1	1
11854	هَقِعَ	هقع	فتحة	1	0
11855	هَقِفَ	هقف	فتحة	1	0
11856	هَقَّ	هقق	ضمة	1	1
11857	هَقِمَ	هقم	فتحة	1	0
11858	هَقَى	هقي	كسرة	1	1
11859	هَكَبَ	هكب	ضمة	1	1
11860	هَكَرَ	هكر	كسرة	1	0
11861	هَكِرَ	هكر	فتحة	1	0
11862	هَكَعَ	هكع	فتحة	1	0
11863	هَكِعَ	هكع	فتحة	1	0
11864	هَكَّ	هكك	ضمة	1	1
11865	هَلَبَ	هلب	كسرة	1	1
11866	هَلِبَ	هلب	فتحة	1	0
11867	هَلَتَ	هلت	كسرة	1	1
11868	هَلَجَ	هلج	كسرة	1	0
11869	هَلَدَ	هلد	ضمة	1	1
11870	هَلَسَ	هلس	كسرة	1	1
11871	خَشِرَ	خشر	فتحة	1	0
11872	هَلِعَ	هلع	فتحة	1	0
11873	هَلِكَ	هلك	فتحة	1	0
11874	هَلَّ	هلل	ضمة	1	0
11875	هَلِمَ	هلم	فتحة	1	0
11876	هَمَأَ	همء	فتحة	1	1
11877	هَمَتَ	همت	ضمة	1	0
11878	هَمَدَ	همد	ضمة	1	0
11879	هَمِدَ	همد	فتحة	1	0
11880	هَمَذَ	همذ	ضمة	1	0
11881	هَمَرَ	همر	ضمة	1	1
11882	هَمَرَ	همر	كسرة	1	1
11883	هَمَزَ	همز	كسرة	1	1
11884	هَمَسَ	همس	كسرة	1	1
11885	هَمَشَ	همش	ضمة	1	1
11886	هَمَشَ	همش	كسرة	1	0
11887	هَمِشَ	همش	فتحة	1	1
11888	هَمَطَ	همط	كسرة	1	1
11889	هَمَعَ	همع	فتحة	1	1
11890	هَمَغَ	همغ	فتحة	1	1
11891	هَمَكَ	همك	ضمة	1	1
11892	خَشَّ	خشش	ضمة	1	1
11893	هَمَلَ	همل	ضمة	1	0
11894	هَمَلَ	همل	ضمة	1	0
11895	هَمَلَ	همل	كسرة	1	0
11896	هَمَلَ	همل	كسرة	1	0
11897	هَمَّ	همم	ضمة	1	1
11898	هَمَّ	همم	ضمة	1	1
11899	هَمَّ	همم	كسرة	1	1
11900	هَمَّ	همم	كسرة	1	1
11901	هَمَّ	همم	ضمة	1	0
11902	هَمَّ	همم	ضمة	1	0
11903	هَنَأَ	هنء	فتحة	1	1
11904	هَنَأَ	هنء	فتحة	1	1
11905	هَنُؤَ	هنء	ضمة	1	0
11906	هَنِبَ	هنب	فتحة	1	0
11907	هَنَدَ	هند	ضمة	1	0
11908	هَنَعَ	هنع	فتحة	1	1
11909	هَنِعَ	هنع	فتحة	1	0
11910	هَنَغَ	هنغ	فتحة	1	0
11911	هَنِقَ	هنق	فتحة	1	0
11912	هَنَّ	هنن	كسرة	1	0
11913	هَاءَ	هوء	ضمة	1	1
11914	هَوِئَ	هوء	فتحة	1	0
11915	هَوِجَ	هوج	فتحة	1	0
11916	هَادَ	هود	ضمة	1	0
11917	هَارَ	هور	ضمة	1	1
11918	هَاسَ	هوس	ضمة	1	1
11919	هَوِسَ	هوس	فتحة	1	0
11920	هَوِشَ	هوش	فتحة	1	0
11921	هَاعَ	هوع	ضمة	1	0
11922	هَوِعَ	هوع	فتحة	1	0
11923	هَوِكَ	هوك	فتحة	1	0
11924	هَانَ	هون	ضمة	1	0
11925	هَانَ	هون	ضمة	1	0
11926	هَوَى	هوي	كسرة	1	1
11927	هَوِيَ	هوي	فتحة	1	1
11928	هَاءَ	هيء	كسرة	1	0
11929	هَابَ	هيب	كسرة	1	1
11930	هَابَ	هيب	كسرة	1	1
11931	هَيِبَ	هيب	فتحة	1	1
11932	هَاثَ	هيث	كسرة	1	1
11933	هَاجَ	هيج	كسرة	1	1
11934	هَادَ	هيد	كسرة	1	1
11935	هَاسَ	هيس	كسرة	1	1
11936	هَاصَ	هيص	كسرة	1	1
11937	هَاضَ	هيض	كسرة	1	1
11938	هَاطَ	هيط	كسرة	1	0
11939	هَاعَ	هيع	كسرة	1	0
11940	هَيِعَ	هيع	فتحة	1	0
11941	هَيِغَ	هيغ	فتحة	1	0
11942	هَافَ	هيف	كسرة	1	0
11943	هَيِفَ	هيف	فتحة	1	0
11944	هَيِفَ	هيف	فتحة	1	0
11945	هَالَ	هيل	كسرة	1	1
11946	هَالَ	هيل	كسرة	1	1
11947	هَامَ	هيم	كسرة	1	0
11948	وَأَبَ	وءب	كسرة	1	0
11949	وَأَبَ	وءب	كسرة	1	0
11950	وَئِبَ	وءب	فتحة	1	0
11951	وَأَدَ	وءد	كسرة	1	1
11952	وَأَصَ	وءص	كسرة	1	1
11953	وَأَطَ	وءط	كسرة	1	1
11954	وَأَمَ	وءم	كسرة	1	1
11955	وَأَى	وءي	كسرة	1	1
11956	وَبَأَ	وبء	فتحة	1	1
11957	وَبِئَ	وبء	فتحة	1	0
11958	وَبُؤَ	وبء	ضمة	1	0
11959	وَبِدَ	وبد	فتحة	1	0
11960	وَبِرَ	وبر	فتحة	1	0
11961	وَبِشَ	وبش	فتحة	1	0
11962	وَبَصَ	وبص	كسرة	1	0
11963	وَبِصَ	وبص	فتحة	1	0
11964	وَبَطَ	وبط	كسرة	1	1
11965	وَبِطَ	وبط	فتحة	1	0
11966	وَبُطَ	وبط	ضمة	1	0
11967	وَبَغَ	وبغ	كسرة	1	1
11968	وَبَقَ	وبق	كسرة	1	0
11969	وَبِقَ	وبق	فتحة	1	0
11970	وَبِقَ	وبق	فتحة	1	0
11971	وَبِقَ	وبق	كسرة	1	0
11972	وَبِقَ	وبق	كسرة	1	0
11973	وَبَلَ	وبل	كسرة	1	1
11974	وَبُلَ	وبل	ضمة	1	0
11975	وَبَهَ	وبه	فتحة	1	0
11976	وَبِهَ	وبه	فتحة	1	0
11977	وَتَأَ	وتء	فتحة	1	0
11978	وَتَبَ	وتب	كسرة	1	0
11979	وَتَحَ	وتح	كسرة	1	1
11980	وَتُحَ	وتح	ضمة	1	0
11981	وَتَخَ	وتخ	كسرة	1	1
11982	وَتَدَ	وتد	كسرة	1	1
11983	وَتَرَ	وتر	كسرة	1	1
11984	وَتِغَ	وتغ	فتحة	1	0
11985	وَتِمَ	وتم	فتحة	1	0
11986	وَتَنَ	وتن	كسرة	1	1
11987	وَثَأَ	وثء	فتحة	1	1
11988	وَثِئَ	وثء	فتحة	1	1
11989	وَثَبَ	وثب	كسرة	1	0
11990	وَثُجَ	وثج	ضمة	1	0
11991	وَثَرَ	وثر	كسرة	1	1
11992	وَثُرَ	وثر	ضمة	1	0
11993	وَثَغَ	وثغ	كسرة	1	1
11994	وَثَفَ	وثف	كسرة	1	1
11995	وَثُقَ	وثق	ضمة	1	0
11996	وَثَلَ	وثل	كسرة	1	1
11997	وَثَمَ	وثم	كسرة	1	1
11998	وَثِمَ	وثم	فتحة	1	0
11999	وَثُمَ	وثم	ضمة	1	0
12000	وَثَنَ	وثن	كسرة	1	0
12001	خَشِفَ	خشف	فتحة	1	0
12002	وَجَأَ	وجء	فتحة	1	1
12003	وَجَبَ	وجب	كسرة	1	1
12004	وَجُبَ	وجب	ضمة	1	0
12005	وَجَّ	وجج	ضمة	1	0
12006	وَجَحَ	وجح	كسرة	1	0
12007	وَجَحَ	وجح	فتحة	1	0
12008	وَجَدَ	وجد	كسرة	1	1
12009	وَجِدَ	وجد	كسرة	1	0
12010	وَجَرَ	وجر	كسرة	1	1
12011	وَجِرَ	وجر	فتحة	1	0
12012	وَجَزَ	وجز	كسرة	1	1
12013	وَجُزَ	وجز	ضمة	1	0
12014	وَجَسَ	وجس	كسرة	1	0
12015	وَجَعَ	وجع	فتحة	1	1
12016	وَجِعَ	وجع	فتحة	1	1
12017	وَجَفَ	وجف	كسرة	1	0
12018	وَجَلَ	وجل	ضمة	1	1
12019	وَجِلَ	وجل	فتحة	1	0
12020	وَجُلَ	وجل	ضمة	1	0
12021	وَجَمَ	وجم	كسرة	1	1
12022	وَجَنَ	وجن	كسرة	1	1
12023	وَجَهَ	وجه	كسرة	1	1
12024	وَجُهَ	وجه	ضمة	1	0
12025	وَجَى	وجي	كسرة	1	1
12026	وَجِيَ	وجي	فتحة	1	0
12027	وَحِجَ	وحج	فتحة	1	0
12028	خَشَلَ	خشل	ضمة	1	1
12029	وَحِدَ	وحد	فتحة	1	0
12030	وَحُدَ	وحد	ضمة	1	0
12031	وَحِرَ	وحر	فتحة	1	0
12032	وَحِرَ	وحر	كسرة	1	0
12033	وَحَشَ	وحش	كسرة	1	0
12034	وَحِشَ	وحش	فتحة	1	0
12035	وَحَصَ	وحص	كسرة	1	1
12036	وَحَفَ	وحف	كسرة	1	0
12037	وَحِفَ	وحف	فتحة	1	0
12038	وَحُفَ	وحف	ضمة	1	0
12039	وَحَلَ	وحل	كسرة	1	1
12040	وَحِلَ	وحل	فتحة	1	0
12041	وَحِمَ	وحم	فتحة	1	1
12042	وَحَنَ	وحن	كسرة	1	0
12043	وَحِنَ	وحن	فتحة	1	0
12044	وَحَى	وحي	كسرة	1	1
12045	وَخَدَ	وخد	كسرة	1	0
12046	وَخَزَ	وخز	كسرة	1	1
12047	وَخُشَ	وخش	ضمة	1	0
12048	وَخَضَ	وخض	كسرة	1	1
12049	وَخَطَ	وخط	كسرة	1	1
12050	وَخَفَ	وخف	كسرة	1	1
12051	وَخَمَ	وخم	كسرة	1	1
12052	وَخِمَ	وخم	فتحة	1	0
12053	وَخُمَ	وخم	ضمة	1	0
12054	وَخَى	وخي	كسرة	1	1
12055	وَدَأَ	ودء	فتحة	1	1
12056	وَدِئَ	ودء	فتحة	1	0
12057	خَشِلَ	خشل	فتحة	1	0
12058	وَدَجَ	ودج	كسرة	1	1
12059	وَدَّ	ودد	فتحة	1	1
12060	وَدَرَ	ودر	كسرة	1	0
12061	وَدَسَ	ودس	كسرة	1	0
12062	وَدَعَ	ودع	فتحة	1	1
12063	وَدَعَ	ودع	فتحة	1	1
12064	وَدُعَ	ودع	ضمة	1	0
12065	وَدِقَ	ودق	فتحة	1	0
12066	وَدُقَ	ودق	ضمة	1	0
12067	وَدِكَ	ودك	فتحة	1	0
12068	وَدُكَ	ودك	ضمة	1	0
12069	وَدَلَ	ودل	كسرة	1	1
12070	وَدَنَ	ودن	كسرة	1	1
12071	وَدَنَ	ودن	كسرة	1	1
12072	وَدِنَ	ودن	فتحة	1	0
12073	وَدِهَ	وده	فتحة	1	0
12074	وَدَى	ودي	كسرة	1	1
12075	وَذَأَ	وذء	فتحة	1	1
12076	وَذِحَ	وذح	فتحة	1	0
12077	وَذَرَ	وذر	كسرة	1	1
12078	وَذِرَ	وذر	فتحة	1	1
12079	وَذَعَ	وذع	فتحة	1	0
12080	وَذَفَ	وذف	كسرة	1	0
12081	وَذِمَ	وذم	فتحة	1	0
12082	وَذَى	وذي	كسرة	1	1
12083	وَرَأَ	ورء	فتحة	1	1
12084	وَرِبَ	ورب	فتحة	1	0
12085	خَشَمَ	خشم	كسرة	1	1
12086	وَرِثَ	ورث	كسرة	1	1
12087	وَرِخَ	ورخ	فتحة	1	0
12088	وَرَدَ	ورد	كسرة	1	1
12089	وَرُدَ	ورد	ضمة	1	0
12090	وَرَذَ	ورذ	كسرة	1	0
12091	وَرَسَ	ورس	كسرة	1	0
12092	وَرِسَ	ورس	فتحة	1	0
12093	وَرَشَ	ورش	كسرة	1	1
12094	وَرِشَ	ورش	فتحة	1	0
12095	وَرَصَ	ورص	كسرة	1	0
12096	وَرَضَ	ورض	كسرة	1	0
12097	وَرَطَ	ورط	كسرة	1	1
12098	وَرَعَ	ورع	فتحة	1	1
12099	وَرِعَ	ورع	فتحة	1	0
12100	وَرُعَ	ورع	ضمة	1	0
12101	وَرِعَ	ورع	كسرة	1	0
12102	وَرَفَ	ورف	كسرة	1	0
12103	وَرَقَ	ورق	كسرة	1	1
12104	وَرَكَ	ورك	كسرة	1	1
12105	وَرِكَ	ورك	فتحة	1	0
12106	وَرِكَ	ورك	كسرة	1	0
12107	وَرِمَ	ورم	كسرة	1	0
12108	وَرِهَ	وره	فتحة	1	0
12109	وَرِهَ	وره	فتحة	1	0
12110	وَرِهَ	وره	كسرة	1	0
12111	وَرِهَ	وره	كسرة	1	0
12112	وَرِيَ	وري	فتحة	1	0
12113	وَرِيَ	وري	فتحة	1	0
12114	وَرِيَ	وري	كسرة	1	0
12115	وَرِيَ	وري	كسرة	1	0
12116	خَشِمَ	خشم	فتحة	1	0
12117	وَزَأَ	وزء	فتحة	1	1
12118	وَزَبَ	وزب	كسرة	1	0
12119	وَزَرَ	وزر	كسرة	1	1
12120	وَزَرَ	وزر	كسرة	1	1
12121	وَزِرَ	وزر	فتحة	1	0
12122	وَزَعَ	وزع	كسرة	1	1
12123	وَزَعَ	وزع	فتحة	1	1
12124	وَزَغَ	وزغ	كسرة	1	0
12125	وَزَفَ	وزف	كسرة	1	1
12126	وَزَمَ	وزم	كسرة	1	1
12127	وَزَنَ	وزن	كسرة	1	1
12128	وَزُنَ	وزن	ضمة	1	0
12129	وَزَى	وزي	كسرة	1	1
12130	وَسَبَ	وسب	كسرة	1	0
12131	وَسِبَ	وسب	فتحة	1	0
12132	وَسَجَ	وسج	كسرة	1	0
12133	وَسِخَ	وسخ	فتحة	1	0
12134	وَسَطَ	وسط	كسرة	1	1
12135	وَسَطَ	وسط	كسرة	1	1
12136	وَسَطَ	وسط	كسرة	1	1
12137	وَسُطَ	وسط	ضمة	1	0
12138	وَسَعَ	وسع	فتحة	1	1
12139	وَسِعَ	وسع	فتحة	1	1
12140	وَسُعَ	وسع	ضمة	1	0
12141	وَسَقَ	وسق	كسرة	1	1
12142	وَسَقَ	وسق	كسرة	1	1
12143	وَسَلَ	وسل	كسرة	1	0
12144	وَسَمَ	وسم	كسرة	1	1
12145	وَسُمَ	وسم	ضمة	1	0
12146	وَسِنَ	وسن	فتحة	1	0
12147	وَسَى	وسي	كسرة	1	1
12148	وَشَجَ	وشج	كسرة	1	1
12149	خَشُنَ	خشن	ضمة	1	0
12150	وَشَرَ	وشر	كسرة	1	1
12151	وَشَظَ	وشظ	كسرة	1	1
12152	وَشَعَ	وشع	فتحة	1	1
12153	وَشَغَ	وشغ	كسرة	1	0
12154	وَشَقَ	وشق	كسرة	1	1
12155	وَشِقَ	وشق	فتحة	1	0
12156	وَشُكَ	وشك	ضمة	1	0
12157	وَشَلَ	وشل	كسرة	1	0
12158	وَشَمَ	وشم	كسرة	1	1
12159	وَشَى	وشي	كسرة	1	1
12160	وَصِئَ	وصء	فتحة	1	0
12161	وَصَبَ	وصب	كسرة	1	0
12162	وَصِبَ	وصب	فتحة	1	0
12163	وَصَدَ	وصد	كسرة	1	1
12164	وَصَعَ	وصع	فتحة	1	1
12165	وَصَفَ	وصف	كسرة	1	1
12166	وَصُفَ	وصف	ضمة	1	0
12167	وَصَلَ	وصل	كسرة	1	1
12168	وَصَلَ	وصل	كسرة	1	1
12169	وَصَمَ	وصم	كسرة	1	1
12170	وَصَى	وصي	كسرة	1	1
12171	وَضَأَ	وضء	فتحة	1	1
12172	وَضُؤَ	وضء	ضمة	1	0
12173	وَضَحَ	وضح	كسرة	1	0
12174	وَضِحَ	وضح	فتحة	1	0
12175	وَضَخَ	وضخ	كسرة	1	1
12176	وَضِرَ	وضر	فتحة	1	0
12177	خَشَا	خشو	ضمة	1	0
12178	وَضَعَ	وضع	فتحة	1	1
12179	وَضَعَ	وضع	فتحة	1	1
12180	وَضَعَ	وضع	فتحة	1	1
12181	وَضِعَ	وضع	فتحة	1	0
12182	وَضُعَ	وضع	ضمة	1	0
12183	وَضَفَ	وضف	كسرة	1	0
12184	وَضَمَ	وضم	كسرة	1	1
12185	وَضَنَ	وضن	كسرة	1	1
12186	وَطَأَ	وطء	فتحة	1	1
12187	وَطِئَ	وطء	فتحة	1	1
12188	وَطُؤَ	وطء	ضمة	1	0
12189	وَطَحَ	وطح	كسرة	1	1
12190	وَطَدَ	وطد	كسرة	1	1
12191	وَطَسَ	وطس	كسرة	1	1
12192	وَطَشَ	وطش	كسرة	1	1
12193	وَطَّ	وطط	ضمة	1	0
12194	وَطَفَ	وطف	كسرة	1	1
12195	وَطِفَ	وطف	فتحة	1	0
12196	وَطَمَ	وطم	كسرة	1	1
12197	وَطِمَ	وطم	فتحة	1	0
12198	وَطَنَ	وطن	كسرة	1	0
12199	وَظَبَ	وظب	كسرة	1	1
12200	وَظَبَ	وظب	كسرة	1	1
12201	وَظَفَ	وظف	كسرة	1	1
12202	وَعَبَ	وعب	كسرة	1	1
12203	وَعِثَ	وعث	فتحة	1	0
12204	وَعُثَ	وعث	ضمة	1	0
12205	وَعَدَ	وعد	كسرة	1	1
12206	وَعَدَ	وعد	كسرة	1	1
12207	وَعَرَ	وعر	كسرة	1	1
12208	وَعِرَ	وعر	فتحة	1	0
12209	خَشِيَ	خشي	فتحة	1	1
12210	وَعُرَ	وعر	ضمة	1	0
12211	وَعَسَ	وعس	كسرة	1	1
12212	وَعَظَ	وعظ	كسرة	1	1
12213	وَعَفَ	وعف	كسرة	1	0
12214	وَعَقَ	وعق	كسرة	1	0
12215	وَعِقَ	وعق	كسرة	1	0
12216	وَعَكَ	وعك	كسرة	1	1
12217	وَعَكَ	وعك	كسرة	1	1
12218	وَعَلَ	وعل	كسرة	1	0
12219	وَعَمَ	وعم	كسرة	1	1
12220	وَعَى	وعي	كسرة	1	1
12221	وَغُبَ	وغب	ضمة	1	0
12222	وَغُدَ	وغد	ضمة	1	0
12223	وَغَرَ	وغر	كسرة	1	1
12224	وَغِرَ	وغر	فتحة	1	0
12225	وَغَفَ	وغف	كسرة	1	0
12226	وَغَمَ	وغم	كسرة	1	1
12227	وَغِمَ	وغم	فتحة	1	0
12228	وَفَدَ	وفد	كسرة	1	0
12229	وَفَرَ	وفر	كسرة	1	1
12230	وَفُرَ	وفر	ضمة	1	0
12231	وَفَزَ	وفز	كسرة	1	0
12232	وَفَضَ	وفض	كسرة	1	0
12233	وَفَلَ	وفل	كسرة	1	1
12234	وَفَهَ	وفه	فتحة	1	0
12235	خَصَبَ	خصب	كسرة	1	0
12236	وَفَى	وفي	كسرة	1	1
12237	وَفَى	وفي	كسرة	1	1
12238	وَقَبَ	وقب	كسرة	1	0
12239	وَقَتَ	وقت	كسرة	1	1
12240	وَقَحَ	وقح	كسرة	1	0
12241	وَقِحَ	وقح	فتحة	1	0
12242	وَقُحَ	وقح	ضمة	1	0
12243	وَقَذَ	وقذ	كسرة	1	1
12244	وَقَرَ	وقر	كسرة	1	1
12245	وَقِرَ	وقر	فتحة	1	0
12246	وَقُرَ	وقر	ضمة	1	0
12247	وَقَسَ	وقس	كسرة	1	1
12248	وَقَشَ	وقش	كسرة	1	1
12249	وَقَصَ	وقص	كسرة	1	1
12250	وَقِصَ	وقص	فتحة	1	0
12251	وَقَطَ	وقط	كسرة	1	1
12252	وَقَظَ	وقظ	كسرة	1	1
12253	وَقِعَ	وقع	فتحة	1	0
12254	وَقَفَ	وقف	كسرة	1	1
12255	وَقَلَ	وقل	كسرة	1	0
12256	وَقَمَ	وقم	كسرة	1	1
12257	وَقِهَ	وقه	كسرة	1	0
12258	وَقَى	وقي	كسرة	1	1
12259	وَكَبَ	وكب	كسرة	1	0
12260	وَكِبَ	وكب	فتحة	1	0
12261	خَصِبَ	خصب	فتحة	1	0
12262	وَكَتَ	وكت	كسرة	1	1
12263	وَكَحَ	وكح	كسرة	1	1
12264	وَكَدَ	وكد	كسرة	1	1
12265	وَكَرَ	وكر	كسرة	1	1
12266	وَكَزَ	وكز	كسرة	1	1
12267	وَكَسَ	وكس	كسرة	1	1
12268	وَكَظَ	وكظ	كسرة	1	1
12269	وَكَعَ	وكع	فتحة	1	1
12270	وَكِعَ	وكع	فتحة	1	0
12271	وَكُعَ	وكع	ضمة	1	0
12272	وَكَفَ	وكف	كسرة	1	1
12273	وَكِفَ	وكف	فتحة	1	0
12274	وَكَلَ	وكل	كسرة	1	1
12275	وَكَمَ	وكم	كسرة	1	1
12276	وَكِمَ	وكم	كسرة	1	0
12277	وَكَنَ	وكن	كسرة	1	1
12278	وَكَى	وكي	كسرة	1	1
12279	وَلَتَ	ولت	كسرة	1	1
12280	وَلَثَ	ولث	كسرة	1	1
12281	وَلَجَ	ولج	كسرة	1	1
12282	وَلَحَ	ولح	كسرة	1	1
12283	وَلَخَ	ولخ	كسرة	1	1
12284	وَلَدَ	ولد	كسرة	1	1
12285	وَلَذَ	ولذ	كسرة	1	0
12286	وَلَسَ	ولس	كسرة	1	1
12287	وَلِعَ	ولع	فتحة	1	0
12288	وَلَغَ	ولغ	كسرة	1	1
12289	وَلَغَ	ولغ	فتحة	1	1
12290	خَصِرَ	خصر	فتحة	1	0
12291	وَلِغَ	ولغ	فتحة	1	1
12292	وَلِغَ	ولغ	كسرة	1	0
12293	وَلَفَ	ولف	كسرة	1	0
12294	وَلَقَ	ولق	كسرة	1	1
12295	وَلَهَ	وله	كسرة	1	0
12296	وَلِهَ	وله	فتحة	1	0
12297	وَلِهَ	وله	كسرة	1	0
12298	وَلَى	ولي	كسرة	1	1
12299	وَلِيَ	ولي	كسرة	1	1
12300	وَلِيَ	ولي	كسرة	1	1
12301	وَمَأَ	ومء	فتحة	1	0
12302	وَمِدَ	ومد	فتحة	1	0
12303	وَمَزَ	ومز	كسرة	1	0
12304	وَمَسَ	ومس	كسرة	1	1
12305	وَمَضَ	ومض	كسرة	1	0
12306	وَمِقَ	ومق	كسرة	1	1
12307	وَمِهَ	ومه	فتحة	1	0
12308	وَنَكَ	ونك	كسرة	1	0
12309	وَنَمَ	ونم	كسرة	1	0
12310	وَنَى	وني	كسرة	1	1
12311	وَنِيَ	وني	فتحة	1	0
12312	وَهَبَ	وهب	فتحة	1	1
12313	وَهَتَ	وهت	كسرة	1	1
12314	وَهَثَ	وهث	كسرة	1	1
12315	وَهَجَ	وهج	كسرة	1	0
12316	وَهَرَ	وهر	كسرة	1	1
12317	وَهَزَ	وهز	كسرة	1	1
12318	وَهَسَ	وهس	كسرة	1	1
12319	وَهَصَ	وهص	كسرة	1	1
12320	خَصَّ	خصص	ضمة	1	1
12321	خَصَّ	خصص	ضمة	1	1
12322	وَهَطَ	وهط	كسرة	1	1
12323	وَهَفَ	وهف	كسرة	1	0
12324	وَهَفَ	وهف	كسرة	1	0
12325	وَهَقَ	وهق	كسرة	1	1
12326	وَهَلَ	وهل	كسرة	1	0
12327	وَهَلَ	وهل	فتحة	1	0
12328	وَهِلَ	وهل	فتحة	1	0
12329	وَهِمَ	وهم	فتحة	1	0
12330	وَهِمَ	وهم	كسرة	1	0
12331	وَهِنَ	وهن	كسرة	1	0
12332	وَهَى	وهي	كسرة	1	0
12333	وَهِيَ	وهي	كسرة	1	0
12334	يَئِسَ	يءس	كسرة	1	0
12335	يَبِسَ	يبس	فتحة	1	0
12336	يَبِسَ	يبس	كسرة	1	0
12337	يَتَمَ	يتم	كسرة	1	0
12338	يَتِمَ	يتم	فتحة	1	0
12339	يَتُمَ	يتم	ضمة	1	0
12340	يَدَى	يدي	كسرة	1	1
12341	يَدِيَ	يدي	فتحة	1	0
12342	يَرَّ	يرر	فتحة	1	0
12343	يَرِعَ	يرع	فتحة	1	0
12344	يَسَرَ	يسر	كسرة	1	1
12345	خَصَّ	خصص	فتحة	1	0
12346	يَسِرَ	يسر	فتحة	1	0
12347	يَسُرَ	يسر	ضمة	1	0
12348	يَسَّ	يسس	كسرة	1	0
12349	يَعَرَ	يعر	كسرة	1	0
12350	يَعَرَ	يعر	فتحة	1	0
12351	يَفَخَ	يفخ	فتحة	1	1
12352	يَفَعَ	يفع	فتحة	1	1
12353	يَقِظَ	يقظ	فتحة	1	0
12354	يَقُظَ	يقظ	ضمة	1	0
12355	يَقَّ	يقق	فتحة	1	0
12356	يَقِنَ	يقن	فتحة	1	1
12357	يَلَّ	يلل	فتحة	1	0
12358	يَلَّ	يلل	فتحة	1	0
12359	ليَمَنَ	يمن	كسرة	1	1
12360	يَمُنَ	يمن	ضمة	1	0
12361	يَنَعَ	ينع	فتحة	1	0
12362	يَهِمَ	يهم	فتحة	1	0
12363	خَصَفَ	خصف	كسرة	1	1
12364	خَصِفَ	خصف	فتحة	1	0
12365	خَصَلَ	خصل	ضمة	1	1
12366	خَصَمَ	خصم	كسرة	1	1
12367	خَصِمَ	خصم	فتحة	1	0
12368	خَصَى	خصي	كسرة	1	1
12369	خَضَبَ	خضب	كسرة	1	1
12370	خَضِبَ	خضب	فتحة	1	0
12371	خَضَدَ	خضد	كسرة	1	1
12372	خَضِدَ	خضد	فتحة	1	0
12373	خَضَرَ	خضر	ضمة	1	1
12374	خَضِرَ	خضر	فتحة	1	0
12375	خَضَعَ	خضع	فتحة	1	1
12376	خَضِعَ	خضع	فتحة	1	0
12377	خَضَفَ	خضف	كسرة	1	1
12378	خَضِلَ	خضل	فتحة	1	0
12379	خَضَمَ	خضم	كسرة	1	1
12380	خَضِمَ	خضم	فتحة	1	1
12381	خَضَنَ	خضن	ضمة	1	1
12382	خَطَأَ	خطء	فتحة	1	0
12383	خَطِئَ	خطء	فتحة	1	1
12384	خَطَبَ	خطب	ضمة	1	1
12385	خَطِبَ	خطب	فتحة	1	0
12386	خَطُبَ	خطب	ضمة	1	0
12387	خَطُرَ	خطر	ضمة	1	0
12388	خَطَّ	خطط	ضمة	1	1
12389	خَطَفَ	خطف	كسرة	1	1
12390	خَطِفَ	خطف	فتحة	1	1
12391	خَطِلَ	خطل	فتحة	1	0
12392	خَطَمَ	خطم	كسرة	1	1
12393	خَظَا	خظو	ضمة	1	0
12394	خَعَّ	خعع	كسرة	1	0
12395	خَفَأَ	خفء	فتحة	1	0
12396	خَفَجَ	خفج	كسرة	1	0
12397	خَفِجَ	خفج	فتحة	1	0
12398	خَفَدَ	خفد	ضمة	1	0
12399	خَفِدَ	خفد	فتحة	1	0
12400	خَفَرَ	خفر	ضمة	1	1
12401	خَفَرَ	خفر	ضمة	1	1
12402	خَفَرَ	خفر	كسرة	1	1
12403	خَفَرَ	خفر	كسرة	1	1
12404	خَفِرَ	خفر	فتحة	1	0
12405	خَفَسَ	خفس	كسرة	1	1
12406	خَفَشَ	خفش	ضمة	1	0
12407	خَفِشَ	خفش	فتحة	1	0
12408	خَفَضَ	خفض	كسرة	1	1
12409	خَفُضَ	خفض	ضمة	1	0
12410	خَفَعَ	خفع	فتحة	1	1
12411	خَفَّ	خفف	كسرة	1	0
12412	خَفَّ	خفف	كسرة	1	0
12413	خَفَّ	خفف	كسرة	1	0
12414	خَفَا	خفو	ضمة	1	0
12415	خَفَى	خفي	كسرة	1	1
12416	خَفِيَ	خفي	فتحة	1	0
12417	خَقَّ	خقق	كسرة	1	1
12418	خَلَأَ	خلء	فتحة	1	0
12419	خَلَبَ	خلب	ضمة	1	1
12420	خَلَبَ	خلب	ضمة	1	1
12421	خَلَبَ	خلب	كسرة	1	1
12422	خَلَبَ	خلب	كسرة	1	1
12423	خَلِبَ	خلب	فتحة	1	0
12424	خَلَجَ	خلج	ضمة	1	1
12425	خَلَجَ	خلج	كسرة	1	1
12426	خَلِجَ	خلج	فتحة	1	0
12427	خَلَدَ	خلد	ضمة	1	0
12428	خَلَدَ	خلد	ضمة	1	0
12429	خَلَدَ	خلد	كسرة	1	0
12430	خَلَدَ	خلد	كسرة	1	0
12431	خَلَسَ	خلس	كسرة	1	1
12432	خَلِسَ	خلس	فتحة	1	0
12433	خَلَصَ	خلص	ضمة	1	0
12434	خَلِصَ	خلص	فتحة	1	0
12435	خَلَطَ	خلط	كسرة	1	1
12436	خَلَعَ	خلع	فتحة	1	1
12437	خَلُعَ	خلع	ضمة	1	0
12438	خَلَفَ	خلف	ضمة	1	1
12439	خَلَفَ	خلف	ضمة	1	1
12440	خَلِفَ	خلف	فتحة	1	0
12441	خَلُفَ	خلف	ضمة	1	0
12442	خَلَقَ	خلق	ضمة	1	1
12443	خَلِقَ	خلق	فتحة	1	0
12444	خَلُقَ	خلق	ضمة	1	0
12445	خَلَّ	خلل	ضمة	1	1
12446	خَلَّ	خلل	كسرة	1	1
12447	خَلَى	خلي	كسرة	1	1
12448	خَمِجَ	خمج	فتحة	1	1
12449	خَمَدَ	خمد	ضمة	1	0
12450	خَمِدَ	خمد	فتحة	1	0
12451	خَمَرَ	خمر	ضمة	1	1
12452	خَمَرَ	خمر	كسرة	1	1
12453	خَمَسَ	خمس	ضمة	1	1
12454	خَمَسَ	خمس	كسرة	1	1
12455	خَمَشَ	خمش	ضمة	1	1
12456	خَمَشَ	خمش	كسرة	1	1
12457	خَمَصَ	خمص	ضمة	1	1
12458	خَمِصَ	خمص	فتحة	1	0
12459	خَمُصَ	خمص	ضمة	1	0
12460	خَمَطَ	خمط	ضمة	1	1
12461	خَمَطَ	خمط	كسرة	1	1
12462	خَمِطَ	خمط	فتحة	1	0
12463	خَمَعَ	خمع	فتحة	1	0
12464	خَمَلَ	خمل	ضمة	1	1
12465	خَمَّ	خمم	ضمة	1	1
12466	خَمَّ	خمم	كسرة	1	1
12467	خَمَنَ	خمن	ضمة	1	1
12468	خَمَنَ	خمن	كسرة	1	1
12469	خَنَأَ	خنء	فتحة	1	1
12470	خَنِبَ	خنب	فتحة	1	0
12471	خَنَثَ	خنث	كسرة	1	1
12472	خَنِثَ	خنث	فتحة	1	0
12473	خَنِزَ	خنز	فتحة	1	0
12474	خَنَسَ	خنس	ضمة	1	1
12475	خَنَسَ	خنس	كسرة	1	1
12476	خَنِسَ	خنس	فتحة	1	0
12477	خَنَطَ	خنط	كسرة	1	1
12478	خَنَفَ	خنف	كسرة	1	1
12479	خَنِفَ	خنف	فتحة	1	0
12480	خَنَقَ	خنق	ضمة	1	1
12481	خَنَّ	خنن	ضمة	1	1
12482	خَنَّ	خنن	كسرة	1	0
12483	خَنَّ	خنن	فتحة	1	0
12484	خَنَا	خنو	ضمة	1	0
12485	خَنَى	خني	كسرة	1	1
12486	خَنِيَ	خني	فتحة	1	0
12487	خَوِثَ	خوث	فتحة	1	0
12488	خَوِرَ	خور	فتحة	1	0
12489	خَازَ	خوز	ضمة	1	1
12490	خَاسَ	خوس	ضمة	1	1
12491	خَاشَ	خوش	ضمة	1	1
12492	خَاصَ	خوص	ضمة	1	1
12493	خَوِصَ	خوص	فتحة	1	0
12494	خَاضَ	خوض	ضمة	1	1
12495	خَافَ	خوف	فتحة	1	1
12496	خَاقَ	خوق	ضمة	1	1
12497	خَوِقَ	خوق	فتحة	1	0
12498	خَالَ	خول	ضمة	1	1
12499	خَالَ	خول	ضمة	1	1
12500	خَوِلَ	خول	فتحة	1	0
12501	خَامَ	خوم	ضمة	1	0
12502	خَانَ	خون	ضمة	1	1
12503	خَوَى	خوي	كسرة	1	0
12504	خَوِيَ	خوي	فتحة	1	0
12505	خَابَ	خيب	كسرة	1	0
12506	خَاتَ	خيت	كسرة	1	1
12507	خَارَ	خير	كسرة	1	1
12508	خَارَ	خير	كسرة	1	1
12509	خَازَ	خيز	كسرة	1	0
12510	خَاسَ	خيس	كسرة	1	1
12511	خَاشَ	خيش	كسرة	1	1
12512	خَاصَ	خيص	كسرة	1	1
12513	خَيِصَ	خيص	فتحة	1	0
12514	خَاطَ	خيط	كسرة	1	1
12515	خَيِطَ	خيط	فتحة	1	0
12516	خَيِفَ	خيف	فتحة	1	0
12517	خَيِلَ	خيل	فتحة	1	0
12518	خَامَ	خيم	كسرة	1	1
12519	دَأَبَ	دءب	فتحة	1	1
12520	دَأَثَ	دءث	فتحة	1	1
12521	دَئِصَ	دءص	فتحة	1	0
12522	دَئِضَ	دءض	فتحة	1	0
12523	دَأَظَ	دءظ	فتحة	1	1
12524	دَأَكَ	دءك	فتحة	1	1
12525	دَأَلَ	دءل	فتحة	1	1
12526	دَأَمَ	دءم	فتحة	1	1
12527	دَآ	دءو	ضمة	1	0
12528	دَأَى	دءي	فتحة	1	0
12529	دَبَأَ	دبء	فتحة	1	1
12530	دَبَّ	دبب	كسرة	1	0
12531	دَبَّ	دبب	فتحة	1	0
12532	دَبَجَ	دبج	ضمة	1	1
12533	دَبَرَ	دبر	ضمة	1	1
12534	دَبِرَ	دبر	فتحة	1	0
12535	دَبَشَ	دبش	كسرة	1	1
12536	دَبَغَ	دبغ	ضمة	1	1
12537	دَبَغَ	دبغ	كسرة	1	1
12538	دَبَغَ	دبغ	فتحة	1	1
12539	دَبَقَ	دبق	كسرة	1	1
12540	دَبِقَ	دبق	فتحة	1	0
12541	دَبَلَ	دبل	ضمة	1	1
12542	دَبَلَ	دبل	كسرة	1	1
12543	دَبِلَ	دبل	فتحة	1	0
12544	دَبَى	دبي	كسرة	1	0
12545	دَثَّ	دثث	ضمة	1	1
12546	دَثَّ	دثث	كسرة	1	1
12547	دَثَرَ	دثر	ضمة	1	0
12548	دَثَطَ	دثط	ضمة	1	1
12549	دَثَعَ	دثع	فتحة	1	1
12550	دَجَّ	دجج	كسرة	1	1
12551	دَجِرَ	دجر	فتحة	1	0
12552	دَجَلَ	دجل	ضمة	1	1
12553	دَجِمَ	دجم	فتحة	1	0
12554	دَجَنَ	دجن	ضمة	1	0
12555	دَجَا	دجو	ضمة	1	1
12556	دَحَبَ	دحب	فتحة	1	1
12557	دَحَجَ	دحج	فتحة	1	1
12558	دَحَّ	دحح	ضمة	1	1
12559	دَحَرَ	دحر	فتحة	1	1
12560	دَحَزَ	دحز	فتحة	1	1
12561	دَحَسَ	دحس	فتحة	1	1
12562	دَحَصَ	دحص	فتحة	1	1
12563	دَحَضَ	دحض	فتحة	1	1
12564	دَحَقَ	دحق	فتحة	1	1
12565	دَحَلَ	دحل	فتحة	1	1
12566	دَحِلَ	دحل	فتحة	1	0
12567	دَحَمَ	دحم	فتحة	1	1
12568	دَحِنَ	دحن	فتحة	1	0
12569	دَحَا	دحو	ضمة	1	1
12570	دَحَا	دحو	فتحة	1	1
12571	دَحَى	دحي	فتحة	1	1
12572	دَخَّ	دخخ	ضمة	1	1
12573	دَخَّ	دخخ	فتحة	1	0
12574	دَخَرَ	دخر	فتحة	1	0
12575	دَخِرَ	دخر	فتحة	1	0
12576	دَخَسَ	دخس	ضمة	1	1
12577	دَخَسَ	دخس	فتحة	1	1
12578	دَخِسَ	دخس	فتحة	1	0
12579	دَخِشَ	دخش	فتحة	1	0
12580	دَخَصَ	دخص	فتحة	1	0
12581	دَخَضَ	دخض	فتحة	1	0
12582	دَخَلَ	دخل	ضمة	1	1
12583	دَخِلَ	دخل	فتحة	1	0
12584	دَخَمَ	دخم	فتحة	1	1
12585	دَخَنَ	دخن	ضمة	1	0
12586	دَخَنَ	دخن	كسرة	1	0
12587	دَخَنَ	دخن	فتحة	1	0
12588	دَخِنَ	دخن	فتحة	1	0
12589	دَخُنَ	دخن	ضمة	1	0
12590	دَرَأَ	درء	فتحة	1	1
12591	دَرِبَ	درب	فتحة	1	0
12592	دَرَجَ	درج	ضمة	1	1
12593	دَرِجَ	درج	فتحة	1	0
12594	دَرَحَ	درح	فتحة	1	1
12595	دَرِحَ	درح	فتحة	1	0
12596	دَرِدَ	درد	فتحة	1	0
12597	دَرَّ	درر	ضمة	1	0
12598	دَرَّ	درر	كسرة	1	0
12599	دَرَّ	درر	فتحة	1	0
12600	دَرَزَ	درز	ضمة	1	1
12601	دَرِزَ	درز	فتحة	1	0
12602	دَرَسَ	درس	ضمة	1	1
12603	دَرَسَ	درس	ضمة	1	1
12604	دَرَسَ	درس	ضمة	1	1
12605	دَرَسَ	درس	كسرة	1	1
12606	دَرَسَ	درس	كسرة	1	1
12607	دَرَسَ	درس	كسرة	1	1
12608	دَرُسَ	درس	ضمة	1	0
12609	دَرِصَ	درص	فتحة	1	0
12610	دَرَعَ	درع	فتحة	1	1
12611	دَرِعَ	درع	فتحة	1	0
12612	دَرَمَ	درم	كسرة	1	0
12613	دَرِمَ	درم	فتحة	1	0
12614	دَرِنَ	درن	فتحة	1	0
12615	دَرَهَ	دره	فتحة	1	0
12616	دَرَى	دري	كسرة	1	1
12617	دَزَرَ	دزر	ضمة	1	1
12618	دَسَرَ	دسر	ضمة	1	1
12619	دَسَّ	دسس	ضمة	1	1
12620	دَسَعَ	دسع	فتحة	1	1
12621	دَسِقَ	دسق	فتحة	1	0
12622	دَسَمَ	دسم	ضمة	1	1
12623	دَسَمَ	دسم	كسرة	1	1
12624	دَسِمَ	دسم	فتحة	1	0
12625	دَسَا	دسو	ضمة	1	0
12626	دَشَّ	دشش	ضمة	1	1
12627	دَشَا	دشو	ضمة	1	0
12628	دَصَقَ	دصق	ضمة	1	1
12629	دَظَّ	دظظ	ضمة	1	1
12630	دَعِبَ	دعب	فتحة	1	0
12631	دَعَتَ	دعت	فتحة	1	1
12632	دَعَثَ	دعث	فتحة	1	1
12633	دَعِثَ	دعث	فتحة	1	0
12634	دَعِجَ	دعج	فتحة	1	0
12635	دَعَرَ	دعر	فتحة	1	0
12636	دَعِرَ	دعر	فتحة	1	0
12637	دَعَزَ	دعز	فتحة	1	1
12638	دَعَسَ	دعس	فتحة	1	1
12639	دَعَصَ	دعص	فتحة	1	1
12640	دَعَظَ	دعظ	فتحة	1	1
12641	دَعَّ	دعع	ضمة	1	1
12642	دَعَقَ	دعق	فتحة	1	1
12643	دَعَكَ	دعك	فتحة	1	1
12644	دَعِكَ	دعك	فتحة	1	0
12645	دَعَلَ	دعل	ضمة	1	1
12646	دَعَمَ	دعم	فتحة	1	1
12647	دَعَنَ	دعن	فتحة	1	0
12648	دَعَا	دعو	ضمة	1	1
12649	دَغَتَ	دغت	فتحة	1	1
12650	دَغَرَ	دغر	فتحة	1	1
12651	دَغِرَ	دغر	فتحة	1	0
12652	دَغَشَ	دغش	فتحة	1	0
12653	دَغِصَ	دغص	فتحة	1	0
12654	دَغَفَ	دغف	فتحة	1	1
12655	دَغَلَ	دغل	فتحة	1	0
12656	دَغَمَ	دغم	فتحة	1	1
12657	دَغِمَ	دغم	فتحة	1	1
12658	دَغَنَ	دغن	فتحة	1	0
12659	دَفِئَ	دفء	فتحة	1	0
12660	دَفُؤَ	دفء	ضمة	1	0
12661	دَفَرَ	دفر	ضمة	1	1
12662	دَفِرَ	دفر	فتحة	1	0
12663	دَفَعَ	دفع	فتحة	1	1
12664	دَفَّ	دفف	ضمة	1	1
12665	دَفَّ	دفف	كسرة	1	1
12666	دَفَقَ	دفق	ضمة	1	1
12667	دَفَقَ	دفق	كسرة	1	1
12668	دَفِقَ	دفق	فتحة	1	0
12669	دَفَنَ	دفن	كسرة	1	1
12670	دَفَا	دفو	ضمة	1	1
12671	دَفِيَ	دفو	فتحة	1	0
12672	دَقِرَ	دقر	فتحة	1	0
12673	دَقَسَ	دقس	ضمة	1	1
12674	دَقِعَ	دقع	فتحة	1	0
12675	دَقَّ	دقق	ضمة	1	1
12676	دَقَّ	دقق	كسرة	1	0
12677	دَقَلَ	دقل	ضمة	1	1
12678	دَقَمَ	دقم	ضمة	1	1
12679	دَقَمَ	دقم	كسرة	1	1
12680	دَقِمَ	دقم	فتحة	1	0
12681	دَقَنَ	دقن	ضمة	1	0
12682	دَقِيَ	دقي	فتحة	1	0
12683	دَكَأَ	دكء	فتحة	1	1
12684	دَكَسَ	دكس	ضمة	1	1
12685	دَكِسَ	دكس	فتحة	1	0
12686	دَكَعَ	دكع	فتحة	1	0
12687	دَكَّ	دكك	ضمة	1	1
12688	دَكَلَ	دكل	ضمة	1	1
12689	دَكَلَ	دكل	كسرة	1	1
12690	دَكَمَ	دكم	ضمة	1	1
12691	دَكَنَ	دكن	ضمة	1	1
12692	دَكِنَ	دكن	فتحة	1	0
12693	دَلَثَ	دلث	كسرة	1	0
12694	دَلَجَ	دلج	ضمة	1	0
12695	دَلَجَ	دلج	كسرة	1	0
12696	دَلَحَ	دلح	فتحة	1	1
12697	دَلِخَ	دلخ	فتحة	1	0
12698	دَلَصَ	دلص	ضمة	1	1
12699	دَلِصَ	دلص	فتحة	1	0
12700	دَلَظَ	دلظ	كسرة	1	1
12701	دَلَعَ	دلع	فتحة	1	1
12702	دَلَغَ	دلغ	فتحة	1	1
12703	دَلَقَ	دلق	ضمة	1	1
12704	دَلَكَ	دلك	ضمة	1	1
12705	دَلَّ	دلل	ضمة	1	1
12706	دَلَّ	دلل	كسرة	1	0
12707	دَلَّ	دلل	فتحة	1	0
12708	دَلِمَ	دلم	فتحة	1	0
12709	دَلَهَ	دله	فتحة	1	0
12710	دَلِهَ	دله	فتحة	1	0
12711	دَلَا	دلو	ضمة	1	1
12712	دَمِثَ	دمث	فتحة	1	0
12713	دَمُثَ	دمث	ضمة	1	0
12714	دَمَجَ	دمج	ضمة	1	1
12715	دَمَخَ	دمخ	فتحة	1	1
12716	دَمَسَ	دمس	ضمة	1	1
12717	دَمَسَ	دمس	كسرة	1	1
12718	دَمِسَ	دمس	فتحة	1	0
12719	دَمِشَ	دمش	فتحة	1	0
12720	دَمَصَ	دمص	ضمة	1	1
12721	دَمِصَ	دمص	فتحة	1	0
12722	دَمَعَ	دمع	فتحة	1	1
12723	دَمِعَ	دمع	فتحة	1	0
12724	دَمَغَ	دمغ	ضمة	1	1
12725	دَمَغَ	دمغ	فتحة	1	1
12726	دَمَقَ	دمق	ضمة	1	1
12727	دَمَقَ	دمق	كسرة	1	1
12728	دَمَكَ	دمك	ضمة	1	1
12729	دَمَلَ	دمل	ضمة	1	1
12730	دَمِلَ	دمل	فتحة	1	0
12731	دَمَّ	دمم	ضمة	1	1
12732	دَمَّ	دمم	كسرة	1	1
12733	دَمَّ	دمم	فتحة	1	0
12734	دَمَّ	دمم	ضمة	1	0
12735	دَمَنَ	دمن	ضمة	1	1
12736	دَمِنَ	دمن	فتحة	1	0
12737	دَمِهَ	دمه	فتحة	1	0
12738	دَمِيَ	دمي	فتحة	1	0
12739	دَنَأَ	دنء	فتحة	1	0
12740	دَنِئَ	دنء	فتحة	1	0
12741	دَنُؤَ	دنء	ضمة	1	0
12742	دَنَحَ	دنح	فتحة	1	0
12743	دَنَخَ	دنخ	فتحة	1	0
12744	دَنِسَ	دنس	فتحة	1	0
12745	دَنَعَ	دنع	فتحة	1	0
12746	دَنِعَ	دنع	فتحة	1	0
12747	دَنِفَ	دنف	فتحة	1	0
12748	دَنَقَ	دنق	ضمة	1	0
12749	دَنَقَ	دنق	كسرة	1	0
12750	دَنَّ	دنن	كسرة	1	0
12751	دَنَا	دنو	ضمة	1	0
12752	دَنُوَ	دنو	ضمة	1	0
12753	دَهَثَ	دهث	فتحة	1	1
12754	دَهَرَ	دهر	فتحة	1	1
12755	دَهِسَ	دهس	فتحة	1	0
12756	دَهُسَ	دهس	ضمة	1	0
12757	دَهَشَ	دهش	فتحة	1	1
12758	دَهِشَ	دهش	فتحة	1	0
12759	دَهَفَ	دهف	فتحة	1	1
12760	دَهَقَ	دهق	فتحة	1	1
12761	دَهَكَ	دهك	فتحة	1	1
12762	دَهَمَ	دهم	فتحة	1	1
12763	دَهِمَ	دهم	فتحة	1	1
12764	دَهَنَ	دهن	ضمة	1	1
12765	دَهِنَ	دهن	فتحة	1	0
12766	دَهُنَ	دهن	ضمة	1	0
12767	دَهَا	دهو	ضمة	1	1
12768	دَهُوَ	دهو	ضمة	1	0
12769	دَهَى	دهي	كسرة	1	1
12770	دَهَى	دهي	فتحة	1	1
12771	دَوِئَ	دوء	فتحة	1	0
12772	دَاجَ	دوج	ضمة	1	0
12773	دَاحَ	دوح	ضمة	1	0
12774	دَاخَ	دوخ	ضمة	1	1
12775	دَوِدَ	دود	فتحة	1	0
12776	دَارَ	دور	ضمة	1	1
12777	دَاسَ	دوس	ضمة	1	1
12778	دَاشَ	دوش	ضمة	1	0
12779	دَوِشَ	دوش	فتحة	1	0
12780	دَاعَ	دوع	ضمة	1	0
12781	دَاغَ	دوغ	ضمة	1	1
12782	دَافَ	دوف	ضمة	1	1
12783	دَاقَ	دوق	ضمة	1	1
12784	دَالَ	دول	ضمة	1	0
12785	دَامَ	دوم	ضمة	1	0
12786	دَانَ	دون	ضمة	1	0
12787	دَوِيَ	دوي	فتحة	1	0
12788	دَاثَ	ديث	كسرة	1	0
12789	دَاجَ	ديج	كسرة	1	0
12790	دَاخَ	ديخ	كسرة	1	1
12791	دَاصَ	ديص	كسرة	1	0
12792	دَاقَ	ديق	كسرة	1	1
12793	دَانَ	دين	كسرة	1	1
12794	دَانَ	دين	كسرة	1	1
12795	ذَأَبَ	ذءب	فتحة	1	1
12796	ذَئِبَ	ذءب	فتحة	1	0
12797	ذَؤُبَ	ذءب	ضمة	1	0
12798	ذَأَتَ	ذءت	فتحة	1	1
12799	ذَأَجَ	ذءج	فتحة	1	1
12800	ذَئِجَ	ذءج	فتحة	1	1
12801	ذَأَحَ	ذءح	فتحة	1	1
12802	ذَأَرَ	ذءر	فتحة	1	1
12803	ذَئِرَ	ذءر	فتحة	1	1
12804	ذَأَطَ	ذءط	فتحة	1	1
12805	ذَأَفَ	ذءف	فتحة	1	1
12806	ذَأَلَ	ذءل	فتحة	1	1
12807	ذَأَمَ	ذءم	فتحة	1	1
12808	ذَآ	ذءو	ضمة	1	1
12809	ذَأَى	ذءي	فتحة	1	1
12810	ذَبَّ	ذبب	ضمة	1	1
12811	ذَبَّ	ذبب	كسرة	1	0
12812	ذَبَحَ	ذبح	فتحة	1	1
12813	ذَبَرَ	ذبر	ضمة	1	1
12814	ذَبَرَ	ذبر	كسرة	1	1
12815	ذَبِرَ	ذبر	فتحة	1	0
12816	ذَبُلَ	ذبل	ضمة	1	0
12817	ذَجَّ	ذجج	ضمة	1	0
12818	ذَجَلَ	ذجل	ضمة	1	1
12819	ذَحَجَ	ذحج	فتحة	1	1
12820	ذَحَّ	ذحح	ضمة	1	1
12821	ذَحَقَ	ذحق	فتحة	1	0
12822	ذَحَا	ذحو	ضمة	1	1
12823	ذَحَا	ذحو	فتحة	1	1
12824	ذَحَى	ذحي	كسرة	1	1
12825	ذَخَرَ	ذخر	فتحة	1	1
12826	ذَرَأَ	ذرء	فتحة	1	1
12827	ذَرِئَ	ذرء	فتحة	1	0
12828	ذَرَبَ	ذرب	ضمة	1	1
12829	ذَرِبَ	ذرب	فتحة	1	0
12830	ذَرَحَ	ذرح	فتحة	1	1
12831	ذَرَّ	ذرر	ضمة	1	1
12832	ذَرَّ	ذرر	فتحة	1	0
12833	ذَرِزَ	ذرز	فتحة	1	0
12834	ذَرَعَ	ذرع	فتحة	1	1
12835	ذَرِعَ	ذرع	فتحة	1	0
12836	ذَرُعَ	ذرع	ضمة	1	0
12837	ذَرَفَ	ذرف	كسرة	1	1
12838	ذَرِفَ	ذرف	فتحة	1	0
12839	ذَرِقَ	ذرق	فتحة	1	0
12840	ذَرَمَ	ذرم	ضمة	1	0
12841	ذَرَا	ذرو	ضمة	1	1
12842	ذَرَى	ذري	كسرة	1	1
12843	ذَعَتَ	ذعت	فتحة	1	1
12844	ذَعَجَ	ذعج	فتحة	1	1
12845	ذَعَرَ	ذعر	فتحة	1	1
12846	ذَعِرَ	ذعر	فتحة	1	0
12847	ذَعَطَ	ذعط	فتحة	1	1
12848	ذَعَفَ	ذعف	فتحة	1	1
12849	ذَعِفَ	ذعف	فتحة	1	0
12850	ذَعَقَ	ذعق	فتحة	1	1
12851	ذَعِنَ	ذعن	فتحة	1	0
12852	ذَغَّ	ذغغ	ضمة	1	1
12853	ذَفِرَ	ذفر	فتحة	1	0
12854	ذَفَطَ	ذفط	كسرة	1	0
12855	ذَفَّ	ذفف	ضمة	1	0
12856	ذَفَّ	ذفف	ضمة	1	0
12857	ذَفَّ	ذفف	كسرة	1	0
12858	ذَفَّ	ذفف	كسرة	1	0
12859	ذَقَطَ	ذقط	كسرة	1	1
12860	ذَقَنَ	ذقن	ضمة	1	1
12861	ذَقِنَ	ذقن	فتحة	1	0
12862	ذَكَرَ	ذكر	ضمة	1	1
12863	ذَكِرَ	ذكر	فتحة	1	0
12864	ذَكَا	ذكو	ضمة	1	1
12865	ذَكُوَ	ذكو	ضمة	1	0
12866	ذَلَجَ	ذلج	ضمة	1	1
12867	ذَلَغَ	ذلغ	فتحة	1	1
12868	ذَلِغَ	ذلغ	فتحة	1	0
12869	ذَلِفَ	ذلف	فتحة	1	0
12870	ذَلَقَ	ذلق	ضمة	1	1
12871	ذَلِقَ	ذلق	فتحة	1	0
12872	ذَلُقَ	ذلق	ضمة	1	0
12873	ذَلَّ	ذلل	كسرة	1	0
12874	ذَلَى	ذلي	فتحة	1	1
12875	ذَمَأَ	ذمء	فتحة	1	0
12876	ذَمَتَ	ذمت	كسرة	1	0
12877	ذَمَرَ	ذمر	ضمة	1	1
12878	ذَمَطَ	ذمط	كسرة	1	1
12879	ذَمَلَ	ذمل	ضمة	1	0
12880	ذَمَلَ	ذمل	كسرة	1	0
12881	ذَمَّ	ذمم	ضمة	1	1
12882	ذَمَّ	ذمم	كسرة	1	0
12883	ذَمِهَ	ذمه	فتحة	1	0
12884	ذَمَى	ذمي	كسرة	1	1
12885	ذَمِيَ	ذمي	فتحة	1	0
12886	ذَنَبَ	ذنب	ضمة	1	1
12887	ذَنَبَ	ذنب	كسرة	1	1
12888	ذَنَّ	ذنن	كسرة	1	0
12889	ذَنَّ	ذنن	فتحة	1	0
12890	ذَهَبَ	ذهب	فتحة	1	1
12891	ذَهِبَ	ذهب	فتحة	1	0
12892	ذَهِرَ	ذهر	فتحة	1	0
12893	ذَهَلَ	ذهل	فتحة	1	1
12894	ذَهِلَ	ذهل	فتحة	1	1
12895	ذَهَنَ	ذهن	فتحة	1	1
12896	ذَهُنَ	ذهن	ضمة	1	0
12897	ذَهَا	ذهو	ضمة	1	0
12898	ذَابَ	ذوب	ضمة	1	0
12899	ذَاجَ	ذوج	ضمة	1	1
12900	ذَاحَ	ذوح	ضمة	1	1
12901	ذَادَ	ذود	ضمة	1	1
12902	ذَارَ	ذور	ضمة	1	1
12903	ذَاطَ	ذوط	ضمة	1	1
12904	ذَوِطَ	ذوط	فتحة	1	0
12905	ذَافَ	ذوف	ضمة	1	0
12906	ذَاقَ	ذوق	ضمة	1	1
12907	ذَوَى	ذوي	كسرة	1	0
12908	ذَوِيَ	ذوي	فتحة	1	0
12909	ذَاجَ	ذيج	كسرة	1	1
12910	ذَاطَ	ذيط	كسرة	1	0
12911	ذَاعَ	ذيع	كسرة	1	0
12912	ذَالَ	ذيل	كسرة	1	0
12913	ذَامَ	ذيم	كسرة	1	1
12914	ذَانَ	ذين	كسرة	1	1
12915	رَأَبَ	رءب	فتحة	1	1
12916	رَأَدَ	رءد	فتحة	1	0
12917	رَؤُدَ	رءد	ضمة	1	0
12918	رَأَسَ	رءس	فتحة	1	1
12919	رَأَسَ	رءس	فتحة	1	1
12920	رَأَفَ	رءف	فتحة	1	0
12921	رَئِفَ	رءف	فتحة	1	0
12922	رَؤُفَ	رءف	ضمة	1	0
12923	رَأَمَ	رءم	فتحة	1	1
12924	رَئِمَ	رءم	فتحة	1	1
12925	رَأَى	رءي	فتحة	1	1
12926	رَأَى	رءي	فتحة	1	1
12927	رَبَأَ	ربء	فتحة	1	1
12928	رَبَّ	ربب	ضمة	1	1
12929	رَبَتَ	ربت	كسرة	1	1
12930	رَبِتَ	ربت	فتحة	1	0
12931	رَبَثَ	ربث	ضمة	1	1
12932	رَبُجَ	ربج	ضمة	1	0
12933	رَبَخَ	ربخ	فتحة	1	0
12934	رَبِخَ	ربخ	فتحة	1	0
12935	رَبَدَ	ربد	ضمة	1	1
12936	رَبِدَ	ربد	فتحة	1	0
12937	رَبِذَ	ربذ	فتحة	1	0
12938	رَبُزَ	ربز	ضمة	1	0
12939	رَبَسَ	ربس	ضمة	1	1
12940	رَبِشَ	ربش	فتحة	1	0
12941	رَبَصَ	ربص	ضمة	1	1
12942	رَبَضَ	ربض	ضمة	1	1
12943	رَبَضَ	ربض	كسرة	1	1
12944	رَبَطَ	ربط	ضمة	1	1
12945	رَبَطَ	ربط	كسرة	1	1
12946	رَبَعَ	ربع	ضمة	1	1
12947	رَبَعَ	ربع	كسرة	1	1
12948	رَبَعَ	ربع	فتحة	1	1
12949	رَبَغَ	ربغ	فتحة	1	0
12950	رَبِغَ	ربغ	فتحة	1	0
12951	رَبُغَ	ربغ	ضمة	1	0
12952	رَبَقَ	ربق	ضمة	1	1
12953	رَبَقَ	ربق	كسرة	1	1
12954	رَبَكَ	ربك	ضمة	1	1
12955	رَبِكَ	ربك	فتحة	1	0
12956	رَبَلَ	ربل	ضمة	1	0
12957	رَبَلَ	ربل	كسرة	1	0
12958	رَبَا	ربو	ضمة	1	1
12959	رَتَأَ	رتء	فتحة	1	1
12960	رَتَبَ	رتب	ضمة	1	1
12961	رَتَّ	رتت	فتحة	1	0
12962	رَتَجَ	رتج	ضمة	1	1
12963	رَتِجَ	رتج	فتحة	1	0
12964	رَتَخَ	رتخ	فتحة	1	0
12965	رَتَعَ	رتع	فتحة	1	0
12966	رَتَقَ	رتق	ضمة	1	1
12967	رَتَقَ	رتق	كسرة	1	1
12968	رَتِقَ	رتق	فتحة	1	0
12969	رَتَكَ	رتك	ضمة	1	0
12970	رَتَكَ	رتك	كسرة	1	0
12971	رَتِلَ	رتل	فتحة	1	0
12972	رَتَمَ	رتم	كسرة	1	1
12973	رَتَنَ	رتن	ضمة	1	1
12974	رَتَا	رتو	ضمة	1	1
12975	رَثَأَ	رثء	فتحة	1	1
12976	رَثَّ	رثث	ضمة	1	0
12977	رَثَّ	رثث	كسرة	1	0
12978	رَثَدَ	رثد	ضمة	1	1
12979	رَثِدَ	رثد	فتحة	1	0
12980	رَثَطَ	رثط	ضمة	1	0
12981	رَثِعَ	رثع	فتحة	1	0
12982	رَثَمَ	رثم	كسرة	1	1
12983	رَثِمَ	رثم	فتحة	1	0
12984	رَثَا	رثو	ضمة	1	1
12985	رَثَى	رثي	كسرة	1	1
12986	رَجَبَ	رجب	ضمة	1	1
12987	رَجِبَ	رجب	فتحة	1	1
12988	رَجَّ	رجج	ضمة	1	1
12989	رَجَّ	رجج	فتحة	1	0
12990	رَجَحَ	رجح	ضمة	1	1
12991	رَجَحَ	رجح	كسرة	1	1
12992	رَجَحَ	رجح	فتحة	1	1
12993	رَجَدَ	رجد	ضمة	1	1
12994	رَجَزَ	رجز	ضمة	1	0
12995	رَجِزَ	رجز	فتحة	1	0
12996	رَجَسَ	رجس	ضمة	1	1
12997	رَجَسَ	رجس	كسرة	1	1
12998	رَجِسَ	رجس	فتحة	1	0
12999	رَجُسَ	رجس	ضمة	1	0
13000	رَجَعَ	رجع	كسرة	1	1
13001	رَجَفَ	رجف	ضمة	1	1
13002	رَجَلَ	رجل	ضمة	1	1
13003	رَجِلَ	رجل	فتحة	1	0
13004	رَجَمَ	رجم	ضمة	1	1
13005	رَجَنَ	رجن	ضمة	1	1
13006	رَجِنَ	رجن	فتحة	1	0
13007	رَجَا	رجو	ضمة	1	1
13008	رَحِبَ	رحب	فتحة	1	0
13009	رَحَّ	رحح	فتحة	1	0
13010	رَحَضَ	رحض	ضمة	1	1
13011	رَحَضَ	رحض	فتحة	1	1
13012	رَحَلَ	رحل	فتحة	1	1
13013	رَحِمَ	رحم	فتحة	1	1
13014	رَحُمَ	رحم	ضمة	1	0
13015	رَحَا	رحو	ضمة	1	1
13016	رَحَى	رحي	كسرة	1	1
13017	رَخَّ	رخخ	ضمة	1	1
13018	رَخَّ	رخخ	كسرة	1	0
13019	رَخُصَ	رخص	ضمة	1	0
13020	رَخُصَ	رخص	ضمة	1	0
13021	رَخَفَ	رخف	ضمة	1	0
13022	رَخِفَ	رخف	فتحة	1	0
13023	رَخُفَ	رخف	ضمة	1	0
13024	رَخَمَ	رخم	ضمة	1	1
13025	رَخَمَ	رخم	ضمة	1	1
13026	رَخَمَ	رخم	فتحة	1	1
13027	رَخَمَ	رخم	فتحة	1	1
13028	رَخِمَ	رخم	فتحة	1	1
13029	رَخُمَ	رخم	ضمة	1	0
13030	رَخَا	رخو	ضمة	1	0
13031	رَخَا	رخو	ضمة	1	0
13032	رَخَا	رخو	فتحة	1	0
13033	رَخَا	رخو	فتحة	1	0
13034	رَخِيَ	رخو	فتحة	1	0
13035	رَخُوَ	رخو	ضمة	1	0
13036	رَخُوَ	رخو	ضمة	1	0
13037	رَدَأَ	ردء	فتحة	1	1
13038	رَدُؤَ	ردء	ضمة	1	0
13039	رَدَجَ	ردج	كسرة	1	0
13040	رَدَحَ	ردح	فتحة	1	1
13041	رَدُحَ	ردح	ضمة	1	0
13042	رَدَخَ	ردخ	فتحة	1	1
13043	رَدَّ	ردد	ضمة	1	1
13044	رَدَّ	ردد	ضمة	1	1
13045	رَدَسَ	ردس	ضمة	1	1
13046	رَدَسَ	ردس	كسرة	1	1
13047	رَدَعَ	ردع	فتحة	1	1
13048	رَدِغَ	ردغ	فتحة	1	0
13049	رَدَفَ	ردف	ضمة	1	1
13050	رَدِفَ	ردف	فتحة	1	1
13051	رَدَمَ	ردم	ضمة	1	1
13052	رَدَمَ	ردم	كسرة	1	1
13053	رَدَنَ	ردن	ضمة	1	1
13054	رَدِنَ	ردن	فتحة	1	0
13055	رَدَهَ	رده	فتحة	1	1
13056	رَدَى	ردي	كسرة	1	1
13057	رَدِيَ	ردي	فتحة	1	0
13058	رَذَّ	رذذ	ضمة	1	0
13059	رَذَلَ	رذل	ضمة	1	1
13060	رَذِلَ	رذل	فتحة	1	0
13061	رَذُلَ	رذل	ضمة	1	0
13062	رَذَمَ	رذم	ضمة	1	0
13063	رَذَمَ	رذم	كسرة	1	0
13064	رَذِمَ	رذم	فتحة	1	0
13065	رَذِيَ	رذو	فتحة	1	0
13066	رَزَأَ	رزء	فتحة	1	1
13067	رَزِئَ	رزء	فتحة	1	1
13068	رَزَبَ	رزب	ضمة	1	1
13069	رَزَحَ	رزح	فتحة	1	1
13070	رَزَخَ	رزخ	فتحة	1	1
13071	رَزَّ	رزز	ضمة	1	1
13072	رَزَّ	رزز	كسرة	1	1
13073	رَزِغَ	رزغ	فتحة	1	0
13074	رَزَفَ	رزف	كسرة	1	0
13075	رَزَقَ	رزق	ضمة	1	1
13076	رَزَمَ	رزم	ضمة	1	1
13077	رَزَمَ	رزم	كسرة	1	1
13078	رَزَنَ	رزن	ضمة	1	1
13079	رَزُنَ	رزن	ضمة	1	0
13080	رَزَى	رزي	كسرة	1	1
13081	رَسَبَ	رسب	ضمة	1	0
13082	رَسُبَ	رسب	ضمة	1	0
13083	رَسِحَ	رسح	فتحة	1	0
13084	رَسَخَ	رسخ	فتحة	1	0
13085	رَسَّ	رسس	ضمة	1	1
13086	رَسَعَ	رسع	فتحة	1	1
13087	رَسِعَ	رسع	فتحة	1	0
13088	رَسَغَ	رسغ	فتحة	1	1
13089	رَسَفَ	رسف	ضمة	1	0
13090	رَسَفَ	رسف	كسرة	1	0
13091	رَسِلَ	رسل	فتحة	1	0
13092	رَسَمَ	رسم	ضمة	1	1
13093	رَسَمَ	رسم	كسرة	1	1
13094	رَسَنَ	رسن	ضمة	1	1
13095	رَسَنَ	رسن	كسرة	1	1
13096	رَسَا	رسو	ضمة	1	1
13097	رَشَدَ	رشد	ضمة	1	1
13098	رَشِدَ	رشد	فتحة	1	1
13099	رَشَّ	رشش	ضمة	1	1
13100	رَشَفَ	رشف	ضمة	1	1
13101	رَشَفَ	رشف	كسرة	1	1
13102	رَشِفَ	رشف	فتحة	1	1
13103	رَشَقَ	رشق	ضمة	1	1
13104	رَشُقَ	رشق	ضمة	1	0
13105	رَشَمَ	رشم	ضمة	1	1
13106	رَشِمَ	رشم	فتحة	1	0
13107	رَشَنَ	رشن	ضمة	1	0
13108	رَشَا	رشو	ضمة	1	1
13109	رَصَدَ	رصد	ضمة	1	1
13110	رَصَّ	رصص	ضمة	1	1
13111	رَصَّ	رصص	فتحة	1	0
13112	رَصَعَ	رصع	فتحة	1	1
13113	رَصَفَ	رصف	ضمة	1	1
13114	رَصِفَ	رصف	فتحة	1	0
13115	رَصُفَ	رصف	ضمة	1	0
13116	رَصَنَ	رصن	ضمة	1	1
13117	رَصُنَ	رصن	ضمة	1	0
13118	رَصَا	رصو	ضمة	1	1
13119	رَضَبَ	رضب	ضمة	1	1
13120	رَضَحَ	رضح	فتحة	1	1
13121	رَضَخَ	رضخ	كسرة	1	1
13122	رَضَخَ	رضخ	فتحة	1	1
13123	رَضَدَ	رضد	ضمة	1	1
13124	رَضَّ	رضض	ضمة	1	1
13125	رَضَعَ	رضع	كسرة	1	1
13126	رَضَعَ	رضع	فتحة	1	1
13127	رَضِعَ	رضع	فتحة	1	1
13128	رَضُعَ	رضع	ضمة	1	0
13129	رَضَفَ	رضف	كسرة	1	1
13130	رَضَمَ	رضم	كسرة	1	1
13131	رَضَنَ	رضن	كسرة	1	1
13132	رَضَا	رضو	ضمة	1	1
13133	رَضِيَ	رضو	فتحة	1	1
13134	رَطَأَ	رطء	فتحة	1	1
13135	رَطِئَ	رطء	فتحة	1	0
13136	رَطَبَ	رطب	ضمة	1	1
13137	رَطِبَ	رطب	فتحة	1	0
13138	رَطُبَ	رطب	ضمة	1	0
13139	رَطَسَ	رطس	ضمة	1	1
13140	رَطَسَ	رطس	كسرة	1	1
13141	رَطَلَ	رطل	ضمة	1	1
13142	رَطَمَ	رطم	ضمة	1	1
13143	رَطَنَ	رطن	ضمة	1	0
13144	رَطَنَ	رطن	ضمة	1	0
13145	رَطَا	رطو	ضمة	1	1
13146	رَطِيَ	رطي	فتحة	1	1
13147	رَعَبَ	رعب	فتحة	1	1
13148	رَعَثَ	رعث	فتحة	1	1
13149	رَعِثَ	رعث	فتحة	1	0
13150	رَعَجَ	رعج	فتحة	1	1
13151	رَعِجَ	رعج	فتحة	1	0
13152	رَعَدَ	رعد	ضمة	1	0
13153	رَعَدَ	رعد	فتحة	1	0
13154	رَعَزَ	رعز	فتحة	1	1
13155	رَعَسَ	رعس	فتحة	1	0
13156	رَعَشَ	رعش	فتحة	1	0
13157	رَعِشَ	رعش	فتحة	1	0
13158	رَعَصَ	رعص	فتحة	1	1
13159	رَعَضَ	رعض	فتحة	1	1
13160	رَعَظَ	رعظ	فتحة	1	1
13161	رَعِظَ	رعظ	فتحة	1	0
13162	رَعَّ	رعع	ضمة	1	0
13163	رَعَفَ	رعف	ضمة	1	1
13164	رَعَفَ	رعف	فتحة	1	1
13165	رَعِفَ	رعف	فتحة	1	0
13166	رَعُفَ	رعف	ضمة	1	0
13167	رَعَقَ	رعق	فتحة	1	0
13168	رَعَلَ	رعل	فتحة	1	1
13169	رَعِلَ	رعل	فتحة	1	0
13170	رَعَمَ	رعم	فتحة	1	1
13171	رَعُمَ	رعم	ضمة	1	0
13172	رَعِنَ	رعن	فتحة	1	0
13173	رَعُنَ	رعن	ضمة	1	0
13174	رَعَا	رعو	ضمة	1	1
13175	رَعَى	رعي	فتحة	1	1
13176	رَعَى	رعي	فتحة	1	1
13177	رَغِبَ	رغب	فتحة	1	1
13178	رَغُبَ	رغب	ضمة	1	0
13179	رَغَثَ	رغث	فتحة	1	1
13180	رَغِدَ	رغد	فتحة	1	0
13181	رَغُدَ	رغد	ضمة	1	0
13182	رَغَسَ	رغس	فتحة	1	1
13183	رَغَشَ	رغش	فتحة	1	0
13184	رَغَفَ	رغف	فتحة	1	1
13185	رَغَلَ	رغل	فتحة	1	1
13186	رَغِلَ	رغل	فتحة	1	0
13187	رَغَمَ	رغم	فتحة	1	1
13188	رَغِمَ	رغم	فتحة	1	1
13189	رَغُمَ	رغم	ضمة	1	0
13190	رَغَنَ	رغن	فتحة	1	0
13191	رَغَا	رغو	ضمة	1	0
13192	رَغَا	رغو	ضمة	1	0
13193	رَفَأَ	رفء	فتحة	1	1
13194	رَفَتَ	رفت	ضمة	1	1
13195	رَفَتَ	رفت	كسرة	1	1
13196	رَفِثَ	رفث	فتحة	1	0
13197	رَفُثَ	رفث	ضمة	1	0
13198	رَفَدَ	رفد	كسرة	1	1
13199	رَفَزَ	رفز	كسرة	1	1
13200	رَفَسَ	رفس	ضمة	1	1
13201	رَفَسَ	رفس	كسرة	1	1
13202	رَفِشَ	رفش	فتحة	1	0
13203	رَفَضَ	رفض	ضمة	1	1
13204	رَفَضَ	رفض	كسرة	1	1
13205	رَفَعَ	رفع	فتحة	1	1
13206	رَفَعَ	رفع	فتحة	1	1
13207	رَفُعَ	رفع	ضمة	1	0
13208	رَفِغَ	رفغ	فتحة	1	0
13209	رَفُغَ	رفغ	ضمة	1	0
13210	رَفَّ	رفف	ضمة	1	1
13211	رَفَّ	رفف	كسرة	1	0
13212	رَفَّ	رفف	كسرة	1	0
13213	رَفَّ	رفف	فتحة	1	0
13214	رَفَّ	رفف	فتحة	1	0
13215	رَفَقَ	رفق	ضمة	1	1
13216	رَفِقَ	رفق	فتحة	1	0
13217	رَفُقَ	رفق	ضمة	1	0
13218	رَفُقَ	رفق	ضمة	1	0
13219	رَفَلَ	رفل	ضمة	1	1
13220	رَفِلَ	رفل	فتحة	1	0
13221	رَفَهَ	رفه	فتحة	1	1
13222	رَفُهَ	رفه	ضمة	1	0
13223	رَفَا	رفو	ضمة	1	1
13224	رَقَأَ	رقء	فتحة	1	1
13225	رَقَبَ	رقب	ضمة	1	1
13226	رَقِبَ	رقب	فتحة	1	0
13227	رَقَحَ	رقح	فتحة	1	1
13228	رَقَدَ	رقد	ضمة	1	0
13229	رَقَزَ	رقز	كسرة	1	0
13230	رَقَشَ	رقش	ضمة	1	1
13231	رَقِشَ	رقش	فتحة	1	0
13232	رَقَصَ	رقص	ضمة	1	0
13233	رَقَطَ	رقط	ضمة	1	1
13234	رَقِطَ	رقط	فتحة	1	0
13235	رَقَعَ	رقع	فتحة	1	1
13236	رَقُعَ	رقع	ضمة	1	0
13237	رَقَّ	رقق	كسرة	1	0
13238	رَقَّ	رقق	كسرة	1	0
13239	رَقَمَ	رقم	ضمة	1	1
13240	رَقِمَ	رقم	فتحة	1	0
13241	رَقَنَ	رقن	ضمة	1	1
13242	رَقَا	رقو	ضمة	1	0
13243	رَقَى	رقي	كسرة	1	1
13244	رَقِيَ	رقي	فتحة	1	1
13245	رَكَبَ	ركب	ضمة	1	1
13246	رَكِبَ	ركب	فتحة	1	1
13247	رَكَحَ	ركح	فتحة	1	0
13248	رَكَدَ	ركد	ضمة	1	0
13249	رَكَزَ	ركز	ضمة	1	1
13250	رَكَزَ	ركز	كسرة	1	1
13251	رَكَسَ	ركس	ضمة	1	1
13252	رَكَضَ	ركض	ضمة	1	1
13253	رَكَعَ	ركع	فتحة	1	0
13254	رَكَّ	ركك	ضمة	1	1
13255	رَكَّ	ركك	كسرة	1	0
13256	رَكَلَ	ركل	ضمة	1	1
13257	رَكَمَ	ركم	ضمة	1	1
13258	رَكَنَ	ركن	ضمة	1	0
13259	رَكَنَ	ركن	فتحة	1	0
13260	رَكِنَ	ركن	فتحة	1	0
13261	رَكُنَ	ركن	ضمة	1	0
13262	رَكَا	ركو	ضمة	1	1
13263	رَمَأَ	رمء	فتحة	1	1
13264	رَمَثَ	رمث	كسرة	1	1
13265	رَمِثَ	رمث	فتحة	1	0
13266	رَمَجَ	رمج	ضمة	1	0
13267	رَمَحَ	رمح	فتحة	1	1
13268	رَمَدَ	رمد	ضمة	1	1
13269	رَمَدَ	رمد	كسرة	1	1
13270	رَمِدَ	رمد	فتحة	1	0
13271	رَمِدَ	رمد	فتحة	1	0
13272	رَمَزَ	رمز	ضمة	1	1
13273	رَمَزَ	رمز	كسرة	1	1
13274	رَمُزَ	رمز	ضمة	1	0
13275	رَمَسَ	رمس	ضمة	1	1
13276	رَمَسَ	رمس	كسرة	1	1
13277	رَمَشَ	رمش	ضمة	1	1
13278	رَمَشَ	رمش	كسرة	1	1
13279	رَمِشَ	رمش	فتحة	1	0
13280	رَمَصَ	رمص	ضمة	1	1
13281	رَمِصَ	رمص	فتحة	1	0
13282	رَمَضَ	رمض	ضمة	1	1
13283	رَمَضَ	رمض	كسرة	1	1
13284	رَمِضَ	رمض	فتحة	1	0
13285	رَمَطَ	رمط	كسرة	1	1
13286	رَمَعَ	رمع	فتحة	1	1
13287	رَمِعَ	رمع	فتحة	1	0
13288	رَمَغَ	رمغ	فتحة	1	1
13289	رَمَقَ	رمق	ضمة	1	1
13290	رَمَكَ	رمك	ضمة	1	0
13291	رَمَلَ	رمل	ضمة	1	1
13292	رَمَّ	رمم	ضمة	1	1
13293	رَمَّ	رمم	كسرة	1	1
13294	رَمِهَ	رمه	فتحة	1	0
13295	رَمَى	رمي	كسرة	1	1
13296	رَنَأَ	رنء	فتحة	1	1
13297	رَنَخَ	رنخ	ضمة	1	0
13298	رَنَعَ	رنع	فتحة	1	0
13299	رَنَقَ	رنق	ضمة	1	0
13300	رَنِقَ	رنق	فتحة	1	0
13301	رَنِمَ	رنم	فتحة	1	0
13302	رَنَّ	رنن	كسرة	1	0
13303	رَهِبَ	رهب	فتحة	1	1
13304	رَهَدَ	رهد	فتحة	1	1
13305	رَهُدَ	رهد	ضمة	1	0
13306	رَهَزَ	رهز	فتحة	1	1
13307	رَهَسَ	رهس	فتحة	1	1
13308	رَهِشَ	رهش	فتحة	1	0
13309	رَهَصَ	رهص	فتحة	1	1
13310	رَهِصَ	رهص	فتحة	1	0
13311	رَهَطَ	رهط	فتحة	1	1
13312	رَهَفَ	رهف	فتحة	1	1
13313	رَهُفَ	رهف	ضمة	1	0
13314	رَهِقَ	رهق	فتحة	1	1
13315	رَهَكَ	رهك	فتحة	1	1
13316	رَهِلَ	رهل	فتحة	1	0
13317	رَهَنَ	رهن	فتحة	1	1
13318	رَهَا	رهو	ضمة	1	0
13319	رَابَ	روب	ضمة	1	0
13320	رَاجَ	روج	ضمة	1	0
13321	رَاحَ	روح	ضمة	1	1
13322	رَاحَ	روح	ضمة	1	1
13323	رَاحَ	روح	ضمة	1	1
13324	رَادَ	رود	ضمة	1	1
13325	رَازَ	روز	ضمة	1	1
13326	رَاسَ	روس	ضمة	1	1
13327	رَاشَ	روش	ضمة	1	1
13328	رَوِشَ	روش	فتحة	1	0
13329	رَاصَ	روص	ضمة	1	0
13330	رَاضَ	روض	ضمة	1	1
13331	رَاطَ	روط	ضمة	1	0
13332	رَاعَ	روع	ضمة	1	1
13333	رَوِعَ	روع	فتحة	1	0
13334	رَافَ	روف	ضمة	1	0
13335	رَاقَ	روق	ضمة	1	1
13336	رَوِقَ	روق	فتحة	1	0
13337	رَامَ	روم	ضمة	1	1
13338	رَانَ	رون	ضمة	1	0
13339	رَاهَ	روه	ضمة	1	0
13340	رَوَى	روي	كسرة	1	1
13341	رَوَى	روي	كسرة	1	1
13342	رَوِيَ	روي	فتحة	1	0
13343	رَابَ	ريب	كسرة	1	1
13344	رَاثَ	ريث	كسرة	1	0
13345	رَاخَ	ريخ	كسرة	1	0
13346	رَيِرَ	رير	فتحة	1	0
13347	رَاشَ	ريش	كسرة	1	1
13348	رَاطَ	ريط	كسرة	1	0
13349	رَاعَ	ريع	كسرة	1	0
13350	رَافَ	ريف	كسرة	1	0
13351	رَاقَ	ريق	كسرة	1	0
13352	رَالَ	ريل	كسرة	1	0
13353	رَامَ	ريم	كسرة	1	1
13354	رَانَ	رين	كسرة	1	1
13355	رَاهَ	ريه	كسرة	1	0
13356	زَأَبَ	زءب	فتحة	1	1
13357	زَأَتَ	زءت	فتحة	1	1
13358	زَأَجَ	زءج	فتحة	1	0
13359	زَأَدَ	زءد	فتحة	1	1
13360	زَأَرَ	زءر	كسرة	1	0
13361	زَأَرَ	زءر	فتحة	1	0
13362	زَئِرَ	زءر	فتحة	1	0
13363	زَأَطَ	زءط	فتحة	1	0
13364	زَأَفَ	زءف	فتحة	1	1
13365	زَأَكَ	زءك	فتحة	1	1
13366	زَأَمَ	زءم	فتحة	1	1
13367	زَئِمَ	زءم	فتحة	1	1
13368	زَأَى	زءي	فتحة	1	0
13369	زَبَّ	زبب	فتحة	1	0
13370	زَبَدَ	زبد	ضمة	1	1
13371	زَبَدَ	زبد	ضمة	1	1
13372	زَبَدَ	زبد	كسرة	1	1
13373	زَبَدَ	زبد	كسرة	1	1
13374	زَبَرَ	زبر	ضمة	1	1
13375	زَبَرَ	زبر	كسرة	1	1
13376	زَبُرَ	زبر	ضمة	1	0
13377	زَبَطَ	زبط	كسرة	1	0
13378	زَبَقَ	زبق	ضمة	1	1
13379	زَبَقَ	زبق	كسرة	1	1
13380	زَبَلَ	زبل	كسرة	1	1
13381	زَبَنَ	زبن	كسرة	1	1
13382	زَبَى	زبي	كسرة	1	1
13383	زَتَّ	زتت	ضمة	1	1
13384	زَجَّ	زجج	ضمة	1	1
13385	زَجَّ	زجج	فتحة	1	0
13386	زَجَرَ	زجر	ضمة	1	1
13387	زَجَلَ	زجل	ضمة	1	1
13388	زَجِلَ	زجل	فتحة	1	0
13389	زَجَمَ	زجم	ضمة	1	0
13390	زَجَا	زجو	ضمة	1	1
13391	زَحَبَ	زحب	فتحة	1	0
13392	زَحَّ	زحح	ضمة	1	1
13393	زَحَرَ	زحر	كسرة	1	1
13394	زَحَرَ	زحر	فتحة	1	1
13395	زَحَفَ	زحف	فتحة	1	1
13396	زَحَكَ	زحك	فتحة	1	0
13397	زَحَلَ	زحل	فتحة	1	0
13398	زَحَمَ	زحم	فتحة	1	1
13399	زَحَنَ	زحن	فتحة	1	1
13400	زَخَّ	زخخ	ضمة	1	1
13401	زَخَّ	زخخ	كسرة	1	0
13402	زَخَرَ	زخر	فتحة	1	1
13403	زَخَفَ	زخف	فتحة	1	0
13404	زَخَمَ	زخم	فتحة	1	1
13405	زَخِمَ	زخم	فتحة	1	0
13406	زَدَعَ	زدع	فتحة	1	1
13407	زَدَا	زدو	ضمة	1	1
13408	زَرَبَ	زرب	ضمة	1	1
13409	زَرِبَ	زرب	فتحة	1	0
13410	زَرَجَ	زرج	ضمة	1	1
13411	زَرَحَ	زرح	فتحة	1	1
13412	زَرِحَ	زرح	فتحة	1	0
13413	زَرَدَ	زرد	ضمة	1	1
13414	زَرَدَ	زرد	كسرة	1	1
13415	زَرِدَ	زرد	فتحة	1	1
13416	زَرَّ	زرر	ضمة	1	1
13417	زَرَّ	زرر	كسرة	1	0
13418	زَرَّ	زرر	كسرة	1	0
13419	زَرَّ	زرر	فتحة	1	0
13420	زَرَّ	زرر	فتحة	1	0
13421	زَرَطَ	زرط	كسرة	1	1
13422	زَرَعَ	زرع	فتحة	1	1
13423	زَرَفَ	زرف	ضمة	1	0
13424	زَرَفَ	زرف	ضمة	1	0
13425	زَرِفَ	زرف	فتحة	1	0
13426	زَرَقَ	زرق	ضمة	1	1
13427	زَرَقَ	زرق	كسرة	1	1
13428	زَرِقَ	زرق	فتحة	1	0
13429	زَرِكَ	زرك	فتحة	1	0
13430	زَرَمَ	زرم	كسرة	1	1
13431	زَرِمَ	زرم	فتحة	1	0
13432	زَرَى	زري	كسرة	1	1
13433	زَعَبَ	زعب	فتحة	1	1
13434	زَعَجَ	زعج	فتحة	1	1
13435	زَعِجَ	زعج	فتحة	1	0
13436	زَعَرَ	زعر	فتحة	1	1
13437	زَعِرَ	زعر	فتحة	1	0
13438	زَعَطَ	زعط	فتحة	1	1
13439	زَعَفَ	زعف	فتحة	1	1
13440	زَعَقَ	زعق	فتحة	1	1
13441	زَعِقَ	زعق	فتحة	1	0
13442	زَعُقَ	زعق	ضمة	1	0
13443	زَعِلَ	زعل	فتحة	1	0
13444	زَعِمَ	زعم	فتحة	1	0
13445	زَعُمَ	زعم	ضمة	1	0
13446	زَعَا	زعو	ضمة	1	0
13447	زَغِبَ	زغب	فتحة	1	0
13448	زَغَدَ	زغد	فتحة	1	1
13449	زَغَرَ	زغر	فتحة	1	1
13450	زَغَفَ	زغف	فتحة	1	1
13451	زَغَلَ	زغل	فتحة	1	1
13452	زَفَتَ	زفت	ضمة	1	1
13453	زَفَدَ	زفد	ضمة	1	1
13454	زَفَرَ	زفر	كسرة	1	1
13455	زَفَّ	زفف	ضمة	1	1
13456	زَفَّ	زفف	كسرة	1	0
13457	زَفَّ	زفف	فتحة	1	0
13458	زَفَنَ	زفن	كسرة	1	1
13459	زَفَى	زفي	كسرة	1	1
13460	زَقَبَ	زقب	ضمة	1	1
13461	زَقَحَ	زقح	فتحة	1	0
13462	زَقَعَ	زقع	فتحة	1	0
13463	زَقَفَ	زقف	ضمة	1	1
13464	زَقَّ	زقق	ضمة	1	1
13465	زَقَمَ	زقم	ضمة	1	1
13466	زَقَنَ	زقن	ضمة	1	1
13467	زَقَا	زقو	ضمة	1	0
13468	زَقَى	زقي	كسرة	1	0
13469	زَكَأَ	زكء	فتحة	1	1
13470	زَكَبَ	زكب	ضمة	1	1
13471	زَكَتَ	زكت	ضمة	1	1
13472	زَكَرَ	زكر	ضمة	1	1
13473	زَكَّ	زكك	ضمة	1	1
13474	زَكَّ	زكك	كسرة	1	1
13475	زَكَمَ	زكم	ضمة	1	1
13476	زَكِنَ	زكن	فتحة	1	1
13477	زَكَا	زكو	ضمة	1	0
13478	زَلِبَ	زلب	فتحة	1	0
13479	زَلَجَ	زلج	كسرة	1	1
13480	زَلِجَ	زلج	فتحة	1	0
13481	زَلَحَ	زلح	فتحة	1	1
13482	زَلَخَ	زلخ	كسرة	1	1
13483	زَلِخَ	زلخ	فتحة	1	0
13484	زَلِزَ	زلز	فتحة	1	0
13485	زَلَعَ	زلع	فتحة	1	1
13486	زَلِعَ	زلع	فتحة	1	0
13487	زَلَغَ	زلغ	ضمة	1	1
13488	زَلَفَ	زلف	ضمة	1	1
13489	زَلَقَ	زلق	ضمة	1	1
13490	زَلَقَ	زلق	كسرة	1	1
13491	زَلِقَ	زلق	فتحة	1	0
13492	زَلَّ	زلل	فتحة	1	0
13493	زَلَمَ	زلم	ضمة	1	1
13494	زَلِمَ	زلم	فتحة	1	0
13495	زَلِهَ	زله	فتحة	1	0
13496	زَمَتَ	زمت	ضمة	1	1
13497	زَمُتَ	زمت	ضمة	1	0
13498	زَمَجَ	زمج	ضمة	1	1
13499	زَمِجَ	زمج	فتحة	1	0
13500	زَمَخَ	زمخ	فتحة	1	0
13501	زَمَرَ	زمر	ضمة	1	1
13502	زَمَرَ	زمر	كسرة	1	1
13503	زَمِرَ	زمر	فتحة	1	0
13504	زَمَعَ	زمع	فتحة	1	0
13505	زَمِعَ	زمع	فتحة	1	0
13506	زَمَقَ	زمق	ضمة	1	1
13507	زَمَقَ	زمق	كسرة	1	1
13508	زَمَكَ	زمك	ضمة	1	1
13509	زَمِكَ	زمك	فتحة	1	0
13510	زَمَلَ	زمل	ضمة	1	1
13511	زَمَلَ	زمل	ضمة	1	1
13512	زَمَلَ	زمل	كسرة	1	0
13513	زَمَّ	زمم	ضمة	1	1
13514	زَمَّ	زمم	كسرة	1	1
13515	زَمِنَ	زمن	فتحة	1	0
13516	زَمِهَ	زمه	فتحة	1	1
13517	زَنَأَ	زنء	فتحة	1	1
13518	زَنِبَ	زنب	فتحة	1	0
13519	زَنِجَ	زنج	فتحة	1	0
13520	زَنَحَ	زنح	فتحة	1	1
13521	زَنَخَ	زنخ	ضمة	1	0
13522	زَنَخَ	زنخ	كسرة	1	0
13523	زَنِخَ	زنخ	فتحة	1	0
13524	زَنَدَ	زند	ضمة	1	1
13525	زَنِدَ	زند	فتحة	1	0
13526	زَنَرَ	زنر	ضمة	1	1
13527	زَنِفَ	زنف	فتحة	1	0
13528	زَنَقَ	زنق	ضمة	1	1
13529	زَنَقَ	زنق	كسرة	1	1
13530	زَنَمَ	زنم	ضمة	1	1
13531	زَنِمَ	زنم	فتحة	1	0
13532	زَنَّ	زنن	ضمة	1	1
13533	زَنَّ	زنن	كسرة	1	0
13534	زَنَى	زني	كسرة	1	0
13535	زَهَدَ	زهد	فتحة	1	1
13536	زَهِدَ	زهد	فتحة	1	0
13537	زَهُدَ	زهد	ضمة	1	0
13538	زَهَرَ	زهر	فتحة	1	1
13539	زَهِرَ	زهر	فتحة	1	0
13540	زَهُرَ	زهر	ضمة	1	0
13541	زَهَفَ	زهف	فتحة	1	0
13542	زَهِفَ	زهف	فتحة	1	1
13543	زَهَقَ	زهق	فتحة	1	0
13544	زَهَكَ	زهك	فتحة	1	1
13545	زَهَلَ	زهل	فتحة	1	0
13546	زَهِلَ	زهل	فتحة	1	0
13547	زَهَمَ	زهم	ضمة	1	1
13548	زَهِمَ	زهم	فتحة	1	1
13549	زَهَا	زهو	ضمة	1	1
13550	زَهَا	زهو	ضمة	1	1
13551	زَهَا	زهو	فتحة	1	1
13552	زَهَا	زهو	فتحة	1	1
13553	زَاءَ	زوء	ضمة	1	0
13554	زَابَ	زوب	ضمة	1	0
13555	زَاجَ	زوج	ضمة	1	0
13556	زَاحَ	زوح	ضمة	1	1
13557	زَادَ	زود	ضمة	1	0
13558	زَارَ	زور	ضمة	1	1
13559	زَوِرَ	زور	فتحة	1	0
13560	زَاعَ	زوع	ضمة	1	1
13561	زَاغَ	زوغ	ضمة	1	1
13562	زَافَ	زوف	ضمة	1	0
13563	زَاكَ	زوك	ضمة	1	0
13564	زَامَ	زوم	ضمة	1	0
13565	زَوَى	زوي	كسرة	1	1
13566	زَاتَ	زيت	كسرة	1	1
13567	زَاحَ	زيح	كسرة	1	1
13568	زَاخَ	زيخ	كسرة	1	0
13569	زَادَ	زيد	كسرة	1	1
13570	زَارَ	زير	كسرة	1	1
13571	زَاطَ	زيط	كسرة	1	0
13572	زَاغَ	زيغ	كسرة	1	0
13573	زَافَ	زيف	كسرة	1	1
13574	زَاكَ	زيك	كسرة	1	0
13575	زَيِلَ	زيل	فتحة	1	0
13576	زَامَ	زيم	كسرة	1	0
13577	زَيِمَ	زيم	فتحة	1	0
13578	زَانَ	زين	كسرة	1	1
13579	سَأَبَ	سءب	فتحة	1	1
13580	سَئِبَ	سءب	فتحة	1	0
13581	سَأَتَ	سءت	فتحة	1	1
13582	سَأَدَ	سءد	فتحة	1	1
13583	سَئِدَ	سءد	فتحة	1	0
13584	سَأَرَ	سءر	فتحة	1	0
13585	سَئِرَ	سءر	فتحة	1	0
13586	سَئِسَ	سءس	فتحة	1	0
13587	سَأَفَ	سءف	فتحة	1	0
13588	سَئِفَ	سءف	فتحة	1	0
13589	سَؤُفَ	سءف	ضمة	1	0
13590	سَأَلَ	سءل	فتحة	1	1
13591	سَئِمَ	سءم	فتحة	1	1
13592	سَآ	سءو	ضمة	1	1
13593	سَأَى	سءي	فتحة	1	1
13594	سَبَأَ	سبء	فتحة	1	1
13595	سَبَّ	سبب	ضمة	1	1
13596	سَبَحَ	سبح	فتحة	1	0
13597	سَبَحَ	سبح	فتحة	1	0
13598	سَبَخَ	سبخ	فتحة	1	1
13599	سَبِخَ	سبخ	فتحة	1	0
13600	سَبَدَ	سبد	ضمة	1	1
13601	سَبَرَ	سبر	ضمة	1	1
13602	سَبَرَ	سبر	كسرة	1	1
13603	سَبِطَ	سبط	فتحة	1	0
13604	سَبُطَ	سبط	ضمة	1	0
13605	سَبَعَ	سبع	كسرة	1	1
13606	سَبَعَ	سبع	فتحة	1	1
13607	سَبَغَ	سبغ	ضمة	1	0
13608	سَبَقَ	سبق	ضمة	1	1
13609	سَبَقَ	سبق	كسرة	1	1
13610	سَبَكَ	سبك	ضمة	1	1
13611	سَبَكَ	سبك	كسرة	1	1
13612	سَبَى	سبي	كسرة	1	1
13613	سَتَرَ	ستر	ضمة	1	1
13614	سَتَرَ	ستر	كسرة	1	1
13615	سَتَلَ	ستل	ضمة	1	0
13616	سَتِلَ	ستل	فتحة	1	1
13617	سَتَهَ	سته	فتحة	1	1
13618	سَتِهَ	سته	فتحة	1	0
13619	سَجَّ	سجج	ضمة	1	1
13620	سَجَحَ	سجح	فتحة	1	0
13621	سَجِحَ	سجح	فتحة	1	0
13622	سَجَدَ	سجد	ضمة	1	0
13623	سَجِدَ	سجد	فتحة	1	0
13624	سَجَرَ	سجر	ضمة	1	1
13625	سَجِرَ	سجر	فتحة	1	0
13626	سَجِسَ	سجس	فتحة	1	0
13627	سَجَفَ	سجف	ضمة	1	1
13628	سَجِفَ	سجف	فتحة	1	1
13629	سَجَلَ	سجل	ضمة	1	1
13630	سَجَمَ	سجم	ضمة	1	1
13631	سَجَمَ	سجم	كسرة	1	1
13632	سَجَنَ	سجن	ضمة	1	1
13633	سَجَا	سجو	ضمة	1	1
13634	سَحَبَ	سحب	فتحة	1	1
13635	سَحَتَ	سحت	فتحة	1	1
13636	سَحَتَ	سحت	فتحة	1	1
13637	سَحَجَ	سحج	فتحة	1	1
13638	سَحَّ	سحح	ضمة	1	1
13639	سَحَرَ	سحر	فتحة	1	1
13640	سَحِرَ	سحر	فتحة	1	0
13641	سَحَطَ	سحط	فتحة	1	1
13642	سَحَفَ	سحف	فتحة	1	1
13643	سَحَقَ	سحق	فتحة	1	1
13644	سَحِقَ	سحق	فتحة	1	0
13645	سَحُقَ	سحق	ضمة	1	0
13646	سَحُقَ	سحق	ضمة	1	0
13647	سَحَلَ	سحل	فتحة	1	1
13648	سَحِمَ	سحم	فتحة	1	0
13649	سَحَنَ	سحن	فتحة	1	1
13650	سَحَا	سحو	ضمة	1	1
13651	سَحَا	سحو	فتحة	1	1
13652	سَحَى	سحي	كسرة	1	1
13653	سَحَى	سحي	فتحة	1	1
13654	سَخَأَ	سخء	فتحة	1	1
13655	سَخَّ	سخخ	كسرة	1	0
13656	سَخَرَ	سخر	فتحة	1	1
13657	سَخِرَ	سخر	فتحة	1	0
13658	سَخِطَ	سخط	فتحة	1	1
13659	سَخُفَ	سخف	ضمة	1	0
13660	سَخَلَ	سخل	فتحة	1	1
13661	سَخَنَ	سخن	ضمة	1	0
13662	سَخِنَ	سخن	فتحة	1	0
13663	سَخِنَ	سخن	فتحة	1	0
13664	سَخُنَ	سخن	ضمة	1	0
13665	سَخِيَ	سخو	فتحة	1	0
13666	سَخُوَ	سخو	ضمة	1	0
13667	سَخَى	سخي	فتحة	1	1
13668	سَدَجَ	سدج	ضمة	1	1
13669	سَدَحَ	سدح	فتحة	1	1
13670	سَدَّ	سدد	ضمة	1	1
13671	سَدَّ	سدد	كسرة	1	0
13672	سَدَرَ	سدر	ضمة	1	1
13673	سَدَرَ	سدر	كسرة	1	1
13674	سَدِرَ	سدر	فتحة	1	0
13675	سَدَسَ	سدس	ضمة	1	1
13676	سَدَسَ	سدس	كسرة	1	1
13677	سَدَعَ	سدع	فتحة	1	1
13678	سَدِفَ	سدف	فتحة	1	0
13679	سَدِكَ	سدك	فتحة	1	0
13680	سَدَلَ	سدل	ضمة	1	1
13681	سَدَلَ	سدل	كسرة	1	1
13682	سَدِلَ	سدل	فتحة	1	0
13683	سَدَمَ	سدم	ضمة	1	1
13684	سَدِمَ	سدم	فتحة	1	0
13685	سَدَنَ	سدن	ضمة	1	1
13686	سَدَنَ	سدن	كسرة	1	1
13687	سَدَا	سدو	ضمة	1	1
13688	سَدَى	سدي	كسرة	1	1
13689	سَرَأَ	سرء	فتحة	1	0
13690	سَرِبَ	سرب	فتحة	1	0
13691	سَرَجَ	سرج	ضمة	1	1
13692	سَرِجَ	سرج	فتحة	1	0
13693	سَرَحَ	سرح	فتحة	1	1
13694	سَرِحَ	سرح	فتحة	1	0
13695	سَرَدَ	سرد	ضمة	1	1
13696	سَرِدَ	سرد	فتحة	1	0
13697	سَرَّ	سرر	ضمة	1	1
13698	سَرَّ	سرر	ضمة	1	1
13699	سَرَّ	سرر	فتحة	1	0
13700	سَرِسَ	سرس	فتحة	1	0
13701	سَرَطَ	سرط	ضمة	1	1
13702	سَرِطَ	سرط	فتحة	1	1
13703	سَرِعَ	سرع	فتحة	1	0
13704	سَرُعَ	سرع	ضمة	1	0
13705	سَرِغَ	سرغ	فتحة	1	0
13706	سَرَفَ	سرف	ضمة	1	1
13707	سَرِفَ	سرف	فتحة	1	1
13708	سَرَقَ	سرق	كسرة	1	1
13709	سَرِقَ	سرق	فتحة	1	0
13710	سَرِكَ	سرك	فتحة	1	0
13711	سَرَا	سرو	ضمة	1	1
13712	سَرِيَ	سرو	فتحة	1	0
13713	سَرُوَ	سرو	ضمة	1	0
13714	سَرَى	سري	كسرة	1	1
13715	سَطَأَ	سطء	فتحة	1	1
13716	سَطَحَ	سطح	فتحة	1	1
13717	سَطَرَ	سطر	ضمة	1	1
13718	سَطَعَ	سطع	فتحة	1	1
13719	سَطَعَ	سطع	فتحة	1	1
13720	سَطِعَ	سطع	فتحة	1	0
13721	سَطَمَ	سطم	ضمة	1	1
13722	سَعَدَ	سعد	فتحة	1	1
13723	سَعِدَ	سعد	فتحة	1	0
13724	سَعَرَ	سعر	فتحة	1	1
13725	سَعِرَ	سعر	فتحة	1	0
13726	سَعَطَ	سعط	ضمة	1	1
13727	سَعَطَ	سعط	فتحة	1	1
13728	سَعَفَ	سعف	فتحة	1	1
13729	سَعِفَ	سعف	فتحة	1	0
13730	سَعِلَ	سعل	فتحة	1	0
13731	سَعَمَ	سعم	فتحة	1	1
13732	سَعَى	سعي	فتحة	1	0
13733	سَعَى	سعي	فتحة	1	0
13734	سَغَبَ	سغب	ضمة	1	0
13735	سَغِبَ	سغب	فتحة	1	0
13736	سَغَرَ	سغر	فتحة	1	1
13737	سَغِلَ	سغل	فتحة	1	0
13738	سَغَمَ	سغم	فتحة	1	1
13739	سَفِتَ	سفت	فتحة	1	1
13740	سَفَحَ	سفح	فتحة	1	1
13741	سَفَدَ	سفد	كسرة	1	1
13742	سَفِدَ	سفد	فتحة	1	1
13743	سَفَرَ	سفر	ضمة	1	0
13744	سَفَرَ	سفر	ضمة	1	0
13745	سَفَرَ	سفر	كسرة	1	1
13746	سَفُطَ	سفط	ضمة	1	0
13747	سَفَعَ	سفع	فتحة	1	1
13748	سَفِعَ	سفع	فتحة	1	0
13749	سَفَّ	سفف	ضمة	1	1
13750	سَفَّ	سفف	كسرة	1	0
13751	سَفَّ	سفف	فتحة	1	1
13752	سَفَكَ	سفك	ضمة	1	1
13753	سَفَكَ	سفك	كسرة	1	1
13754	سَفَلَ	سفل	ضمة	1	0
13755	سَفِلَ	سفل	فتحة	1	0
13756	سَفُلَ	سفل	ضمة	1	0
13757	سَفَنَ	سفن	ضمة	1	0
13758	سَفَنَ	سفن	كسرة	1	1
13759	سَفِنَ	سفن	فتحة	1	0
13760	سَفَهَ	سفه	ضمة	1	1
13761	سَفَهَ	سفه	فتحة	1	1
13762	سَفِهَ	سفه	فتحة	1	1
13763	سَفُهَ	سفه	ضمة	1	0
13764	سَفَا	سفو	ضمة	1	0
13765	سَفِيَ	سفو	فتحة	1	0
13766	سَفَى	سفي	كسرة	1	1
13767	سَقِبَ	سقب	فتحة	1	0
13768	سَقِتَ	سقت	فتحة	1	0
13769	سَقَدَ	سقد	كسرة	1	1
13770	سَقَرَ	سقر	ضمة	1	1
13771	سَقَطَ	سقط	ضمة	1	0
13772	سَقَطَ	سقط	ضمة	1	0
13773	سَقَعَ	سقع	فتحة	1	1
13774	سَقَفَ	سقف	ضمة	1	1
13775	سَقِفَ	سقف	فتحة	1	0
13776	سَقَّ	سقق	ضمة	1	0
13777	سَقِلَ	سقل	فتحة	1	0
13778	سَقِمَ	سقم	فتحة	1	0
13779	سَقُمَ	سقم	ضمة	1	0
13780	سَقَى	سقي	كسرة	1	1
13781	سَكَبَ	سكب	ضمة	1	1
13782	سَكَرَ	سكر	ضمة	1	1
13783	سَكِرَ	سكر	فتحة	1	0
13784	سَكِرَ	سكر	فتحة	1	0
13785	سَكَعَ	سكع	فتحة	1	1
13786	سَكِعَ	سكع	فتحة	1	0
13787	سَكِفَ	سكف	فتحة	1	1
13788	سَكَّ	سكك	ضمة	1	1
13789	سَكَّ	سكك	فتحة	1	0
13790	سَكَمَ	سكم	ضمة	1	0
13791	سَكَنَ	سكن	ضمة	1	1
13792	سَكُنَ	سكن	ضمة	1	0
13793	سَلَأَ	سلء	فتحة	1	1
13794	سَلَبَ	سلب	ضمة	1	1
13795	سَلَبَ	سلب	ضمة	1	1
13796	سَلِبَ	سلب	فتحة	1	0
13797	سَلَتَ	سلت	ضمة	1	1
13798	سَلَتَ	سلت	كسرة	1	1
13799	سَلَجَ	سلج	ضمة	1	1
13800	سَلِجَ	سلج	فتحة	1	1
13801	سَلَحَ	سلح	فتحة	1	0
13802	سَلَخَ	سلخ	ضمة	1	1
13803	سَلَخَ	سلخ	فتحة	1	1
13804	سَلُخَ	سلخ	ضمة	1	0
13805	سَلِسَ	سلس	فتحة	1	0
13806	سَلُسَ	سلس	ضمة	1	0
13807	سَلِطَ	سلط	فتحة	1	0
13808	سَلِطَ	سلط	فتحة	1	0
13809	سَلُطَ	سلط	ضمة	1	0
13810	سَلَعَ	سلع	فتحة	1	1
13811	سَلِعَ	سلع	فتحة	1	0
13812	سَلَغَ	سلغ	فتحة	1	1
13813	سَلِغَ	سلغ	فتحة	1	0
13814	سَلَفَ	سلف	ضمة	1	1
13815	سَلَقَ	سلق	ضمة	1	1
13816	سَلَكَ	سلك	ضمة	1	1
13817	سَلَّ	سلل	ضمة	1	1
13818	سَلَّ	سلل	كسرة	1	1
13819	سَلَمَ	سلم	كسرة	1	1
13820	سَلِمَ	سلم	فتحة	1	0
13821	سَلَا	سلو	ضمة	1	1
13822	سَلِيَ	سلو	فتحة	1	1
13823	سَلَى	سلي	كسرة	1	1
13824	سَلِيَ	سلي	فتحة	1	0
13825	سَمَتَ	سمت	ضمة	1	1
13826	سَمَتَ	سمت	كسرة	1	1
13827	سَمُجَ	سمج	ضمة	1	0
13828	سَمَحَ	سمح	فتحة	1	0
13829	سَمُحَ	سمح	ضمة	1	0
13830	سَمَخَ	سمخ	فتحة	1	1
13831	سَمَرَ	سمر	ضمة	1	1
13832	سَمَرَ	سمر	كسرة	1	1
13833	سَمِرَ	سمر	فتحة	1	0
13834	سَمُرَ	سمر	ضمة	1	0
13835	سَمَطَ	سمط	ضمة	1	1
13836	سَمَطَ	سمط	ضمة	1	1
13837	سَمَطَ	سمط	كسرة	1	1
13838	سَمَطَ	سمط	كسرة	1	1
13839	سَمِعَ	سمع	فتحة	1	1
13840	سَمَقَ	سمق	ضمة	1	0
13841	سَمَكَ	سمك	ضمة	1	1
13842	سَمَلَ	سمل	ضمة	1	1
13843	سَمُلَ	سمل	ضمة	1	0
13844	سَمَّ	سمم	ضمة	1	1
13845	سَمَنَ	سمن	ضمة	1	1
13846	سَمِنَ	سمن	فتحة	1	0
13847	سَمُنَ	سمن	ضمة	1	0
13848	سَمَهَ	سمه	فتحة	1	0
13849	سَمَا	سمو	ضمة	1	1
13850	سَنَجَ	سنج	ضمة	1	1
13851	سَنَحَ	سنح	فتحة	1	1
13852	سَنَخَ	سنخ	ضمة	1	0
13853	سَنَخَ	سنخ	فتحة	1	0
13854	سَنِخَ	سنخ	فتحة	1	0
13855	سَنِطَ	سنط	فتحة	1	0
13856	سَنُطَ	سنط	ضمة	1	0
13857	سَنَعَ	سنع	ضمة	1	0
13858	سَنَعَ	سنع	فتحة	1	0
13859	سَنُعَ	سنع	ضمة	1	0
13860	سَنَفَ	سنف	ضمة	1	1
13861	سَنَفَ	سنف	كسرة	1	1
13862	سَنِقَ	سنق	فتحة	1	0
13863	سَنِمَ	سنم	فتحة	1	0
13864	سَنَّ	سنن	ضمة	1	1
13865	سَنِهَ	سنه	فتحة	1	0
13866	سَنَا	سنو	ضمة	1	1
13867	سَنِيَ	سنو	فتحة	1	0
13868	سَنُوَ	سنو	ضمة	1	0
13869	سَنَى	سني	كسرة	1	1
13870	سَهَبَ	سهب	فتحة	1	1
13871	سَهَجَ	سهج	فتحة	1	1
13872	سَهِدَ	سهد	فتحة	1	0
13873	سَهَفَ	سهف	فتحة	1	0
13874	سَهِفَ	سهف	فتحة	1	0
13875	سَهَكَ	سهك	فتحة	1	1
13876	سَهِكَ	سهك	فتحة	1	0
13877	سَهُلَ	سهل	ضمة	1	0
13878	سَهُمَ	سهم	ضمة	1	0
13879	سَهَا	سهو	ضمة	1	0
13880	سَهُوَ	سهو	ضمة	1	0
13881	سَاءَ	سوء	ضمة	1	1
13882	سَاجَ	سوج	ضمة	1	1
13883	سَاخَ	سوخ	ضمة	1	0
13884	سَادَ	سود	ضمة	1	1
13885	سَوِدَ	سود	فتحة	1	0
13886	سَارَ	سور	ضمة	1	1
13887	سَاسَ	سوس	ضمة	1	1
13888	سَوِسَ	سوس	فتحة	1	0
13889	سَوِسَ	سوس	فتحة	1	0
13890	سَاطَ	سوط	ضمة	1	1
13891	سَاعَ	سوع	ضمة	1	0
13892	سَاغَ	سوغ	ضمة	1	1
13893	سَافَ	سوف	ضمة	1	1
13894	سَاقَ	سوق	ضمة	1	1
13895	سَوِقَ	سوق	فتحة	1	0
13896	سَاكَ	سوك	ضمة	1	1
13897	سَوِلَ	سول	فتحة	1	0
13898	سَامَ	سوم	ضمة	1	1
13899	سَابَ	سيب	كسرة	1	0
13900	سَاحَ	سيح	كسرة	1	0
13901	سَاحَ	سيح	كسرة	1	0
13902	سَارَ	سير	كسرة	1	1
13903	سَيِسَ	سيس	فتحة	1	0
13904	سَاعَ	سيع	كسرة	1	0
13905	سَاغَ	سيغ	كسرة	1	1
13906	سَافَ	سيف	كسرة	1	1
13907	سَيِفَ	سيف	فتحة	1	0
13908	سَالَ	سيل	كسرة	1	0
13909	بَكَمَ	بكم	فتحة	1	0
13910	تَمِرَ	تمر	فتحة	1	0
13911	حَيِيَ	حيي	فتحة	1	0
13912	حَيِيَ	حيي	فتحة	1	0
13913	خَشِبَ	خشب	فتحة	1	0
13914	دَحِسَ	دحس	فتحة	1	0
13915	رَشِحَ	رشح	فتحة	1	0
13916	عَاصَ	عوص	فتحة	1	0
13917	عَهِرَ	عهر	فتحة	1	0
13918	لَبَبَ	لبب	فتحة	1	0
13919	لَبِبَ	لبب	فتحة	1	0
13920	لَيْسَ	ليس	فتحة	1	0
13921	هَرَعَ	هرع	فتحة	1	0
13922	يَمِنَ	يمن	فتحة	1	0
13923	بَذُخَ	بذخ	ضمة	1	0
13924	تَفَّ	تفف	ضمة	1	0
13925	حَبُبَ	حبب	ضمة	1	0
13926	حَدُثَ	حدث	ضمة	1	0
13927	حَرَا	حرو	ضمة	1	0
13928	دَادَ	دود	ضمة	1	0
13929	دَاهَ	دوه	ضمة	1	0
13930	رَجُنَ	رجن	ضمة	1	0
13931	سَمُكَ	سمك	ضمة	1	0
13932	شَهُدَ	شهد	ضمة	1	0
13933	طَمُثَ	طمث	ضمة	1	0
13934	كَهَلَ	كهل	ضمة	1	0
13935	كَهُلَ	كهل	ضمة	1	0
13936	لَقُنَ	لقن	ضمة	1	0
13937	نَكُبَ	نكب	ضمة	1	0
13938	نَهُوَ	نهو	ضمة	1	0
13939	وَهُنَ	وهن	ضمة	1	0
13940	لَبَبَ	لبب	ضمة	1	0
13941	دَوَى	دوي	كسرة	1	0
13942	لَبَبَ	لبب	كسرة	1	0
